사고번호,사고일시,요일,시군구,사고내용,사망자수,중상자수,경상자수,부상신고자수,사고유형,법규위반,노면상태,기상상태,도로형태,가해운전자 차종,가해운전자 성별,가해운전자 연령,가해운전자 상해정도,피해운전자 차종,피해운전자 성별,피해운전자 연령,피해운전자 상해정도
2021011300100164,2021년 1월 13일 11시,수요일,인천광역시 미추홀구 도화동,경상사고,0,0,1,0,차대차 - 측면충돌,안전거리미확보,건조,맑음,교차로 - 교차로안,승용,남,61세,상해없음,승합,남,60세,경상
2021011300100165,2021년 1월 13일 11시,수요일,인천광역시 부평구 십정동,경상사고,0,0,1,0,차대차 - 측면충돌,안전운전불이행,건조,맑음,교차로 - 교차로부근,승용,남,41세,상해없음,승용,남,30세,경상
2021011300100190,2021년 1월 13일 12시,수요일,인천광역시 미추홀구 도화동,중상사고,0,1,0,0,차대차 - 추돌,안전거리미확보,건조,맑음,단일로 - 기타,화물,남,63세,상해없음,승용,남,48세,중상
2021011300100191,2021년 1월 13일 12시,수요일,인천광역시 부평구 일신동,경상사고,0,0,1,0,차대차 - 측면충돌,차로위반,건조,맑음,단일로 - 교량,건설기계,남,48세,상해없음,승용,남,24세,경상
2021011300100240,2021년 1월 13일 14시,수요일,인천광역시 부평구 부평동,중상사고,0,1,0,0,차량단독 - 기타,안전운전불이행,건조,맑음,교차로 - 교차로안,승합,남,66세,상해없음,,,,
2021011300100241,2021년 1월 13일 14시,수요일,인천광역시 부평구 갈산동,중상사고,0,1,0,0,차대차 - 기타,안전운전불이행,젖음/습기,맑음,단일로 - 기타,승용,남,24세,상해없음,이륜,남,59세,중상
2021011300100272,2021년 1월 13일 15시,수요일,인천광역시 중구 신흥동3가,경상사고,0,0,1,0,차대차 - 측면충돌,안전운전불이행,젖음/습기,눈,단일로 - 기타,승용,남,42세,상해없음,승용,여,36세,경상
2021011300100273,2021년 1월 13일 15시,수요일,인천광역시 계양구 계산동,경상사고,0,0,2,0,차대차 - 추돌,안전거리미확보,건조,맑음,단일로 - 기타,승용,남,43세,기타불명,승합,남,64세,상해없음
2021011300100305,2021년 1월 13일 16시,수요일,인천광역시 부평구 산곡동,경상사고,0,0,1,0,차대차 - 기타,신호위반,건조,맑음,교차로 - 교차로부근,승용,여,50세,상해없음,이륜,남,18세,경상
2021011300100423,2021년 1월 13일 19시,수요일,인천광역시 서구 청라동,중상사고,0,1,0,0,차대차 - 측면충돌,안전운전불이행,건조,맑음,교차로 - 교차로안,승용,남,27세,상해없음,승용,남,34세,중상
2021011300100425,2021년 1월 13일 19시,수요일,인천광역시 남동구 남촌동,경상사고,0,0,1,0,차대차 - 측면충돌,안전거리미확보,건조,맑음,단일로 - 기타,승용,여,32세,상해없음,승용,남,33세,경상
2021011300100485,2021년 1월 13일 21시,수요일,인천광역시 미추홀구 숭의동,경상사고,0,0,2,0,차대차 - 추돌,안전운전불이행,건조,맑음,교차로 - 교차로부근,승용,여,46세,상해없음,승합,남,54세,경상
2021011300100486,2021년 1월 13일 21시,수요일,인천광역시 계양구 계산동,경상사고,0,0,1,0,차대차 - 추돌,안전운전불이행,건조,맑음,교차로 - 교차로안,승용,남,50세,기타불명,승용,남,41세,경상
2021011400100007,2021년 1월 14일 00시,목요일,인천광역시 미추홀구 숭의동,경상사고,0,0,1,0,차대사람 - 횡단중,안전운전불이행,젖음/습기,맑음,교차로 - 교차로부근,승용,남,69세,상해없음,보행자,남,83세,경상
2021011400100015,2021년 1월 14일 02시,목요일,인천광역시 서구 심곡동,경상사고,0,0,1,0,차대차 - 추돌,안전운전불이행,건조,맑음,기타 - 기타,승용,남,49세,상해없음,승용,남,45세,경상
2021011400100016,2021년 1월 14일 02시,목요일,인천광역시 남동구 장수동,경상사고,0,0,1,0,차대사람 - 횡단중,신호위반,건조,맑음,교차로 - 교차로횡단보도내,승용,남,42세,상해없음,보행자,남,23세,경상
2021011400100070,2021년 1월 14일 07시,목요일,인천광역시 서구 백석동,경상사고,0,0,1,0,차대차 - 측면충돌,안전운전불이행,건조,맑음,단일로 - 기타,승용,남,58세,상해없음,승용,남,66세,경상
2021011400100207,2021년 1월 14일 11시,목요일,인천광역시 계양구 서운동,경상사고,0,0,1,0,차대차 - 추돌,차로위반,건조,맑음,단일로 - 기타,화물,남,79세,상해없음,화물,남,65세,경상
2021011400100234,2021년 1월 14일 12시,목요일,인천광역시 서구 가좌동,중상사고,0,1,0,0,차대차 - 측면충돌,안전운전불이행,건조,맑음,단일로 - 기타,화물,남,53세,상해없음,승용,여,55세,중상
2021011400100235,2021년 1월 14일 12시,목요일,인천광역시 부평구 부평동,부상신고사고,0,0,0,1,차대사람 - 길가장자리구역통행중,안전운전불이행,건조,맑음,단일로 - 기타,기타불명,기타불명,미분류,기타불명,보행자,남,62세,부상신고
2021011400100265,2021년 1월 14일 13시,목요일,인천광역시 남동구 구월동,중상사고,0,1,1,0,차대차 - 측면충돌,신호위반,건조,맑음,교차로 - 교차로부근,승용,남,83세,상해없음,승용,여,47세,중상
2021011400100266,2021년 1월 14일 13시,목요일,인천광역시 부평구 갈산동,경상사고,0,0,2,0,차대차 - 추돌,안전운전불이행,건조,맑음,교차로 - 교차로부근,승합,남,48세,상해없음,승용,여,31세,경상
2021011400100267,2021년 1월 14일 13시,목요일,인천광역시 미추홀구 학익동,사망사고,1,1,1,0,차대차 - 추돌,안전운전불이행,건조,맑음,단일로 - 기타,화물,남,63세,상해없음,화물,남,54세,사망
2021011400100299,2021년 1월 14일 14시,목요일,인천광역시 계양구 임학동,경상사고,0,0,1,0,차대차 - 측면충돌,교차로운행방법위반,건조,맑음,교차로 - 교차로안,승용,여,43세,상해없음,이륜,남,43세,경상
2021011400100375,2021년 1월 14일 16시,목요일,인천광역시 중구 항동7가,경상사고,0,0,1,0,차대차 - 측면충돌,안전거리미확보,건조,맑음,교차로 - 교차로안,특수,남,57세,상해없음,승용,남,57세,경상
2021011400100376,2021년 1월 14일 16시,목요일,인천광역시 남동구 구월동,경상사고,0,0,1,0,차대차 - 기타,안전운전불이행,젖음/습기,맑음,교차로 - 교차로안,승용,남,59세,상해없음,원동기,남,40세,경상
2021011400100377,2021년 1월 14일 16시,목요일,인천광역시 서구 신현동,중상사고,0,1,0,0,차대차 - 후진중충돌,안전운전불이행,건조,맑음,단일로 - 기타,승용,남,60세,상해없음,이륜,남,53세,중상
2021011400100410,2021년 1월 14일 17시,목요일,인천광역시 남동구 간석동,경상사고,0,0,1,1,차대차 - 정면충돌,기타,건조,맑음,단일로 - 기타,승용,남,35세,부상신고,승용,남,58세,경상
2021011400100411,2021년 1월 14일 17시,목요일,인천광역시 서구 청라동,경상사고,0,0,1,0,차대차 - 기타,안전운전불이행,건조,맑음,단일로 - 기타,승용,여,52세,상해없음,이륜,남,37세,경상
2021011400100472,2021년 1월 14일 18시,목요일,인천광역시 미추홀구 관교동,경상사고,0,0,1,0,차대차 - 측면충돌,신호위반,건조,맑음,교차로 - 교차로안,승용,남,25세,상해없음,이륜,남,22세,경상
2021011400100473,2021년 1월 14일 18시,목요일,인천광역시 남동구 만수동,경상사고,0,0,1,0,차대차 - 측면충돌,차로위반,건조,맑음,교차로 - 교차로부근,승용,여,47세,상해없음,승용,남,18세,경상
2021011400100474,2021년 1월 14일 18시,목요일,인천광역시 서구 가좌동,중상사고,0,1,0,0,차대차 - 추돌,안전운전불이행,건조,맑음,교차로 - 교차로부근,이륜,남,50세,중상,화물,남,54세,상해없음
2021011400100526,2021년 1월 14일 19시,목요일,인천광역시 서구 가정동,경상사고,0,0,1,0,차대차 - 측면충돌,신호위반,건조,맑음,단일로 - 터널,승용,남,52세,상해없음,승용,남,29세,경상
2021011400100553,2021년 1월 14일 20시,목요일,인천광역시 서구 가정동,경상사고,0,0,3,0,차대차 - 측면충돌,안전운전불이행,기타,맑음,교차로 - 교차로안,승용,남,21세,경상,승용,남,28세,경상
2021011400100595,2021년 1월 14일 21시,목요일,인천광역시 중구 신흥동3가,경상사고,0,0,1,0,차대차 - 측면충돌,안전운전불이행,건조,맑음,교차로 - 교차로횡단보도내,승용,남,59세,상해없음,기타불명,기타불명,미분류,기타불명
2021011400100596,2021년 1월 14일 21시,목요일,인천광역시 서구 왕길동,중상사고,0,1,0,0,차대차 - 측면충돌,직진우회전진행방해,건조,맑음,교차로 - 교차로안,승용,남,55세,상해없음,승용,남,47세,중상
2021011400100597,2021년 1월 14일 21시,목요일,인천광역시 계양구 계산동,경상사고,0,0,4,0,차대차 - 측면충돌,안전운전불이행,건조,맑음,단일로 - 기타,승용,남,41세,상해없음,승용,남,20세,경상
2021011400100598,2021년 1월 14일 21시,목요일,인천광역시 남동구 만수동,중상사고,0,1,0,0,차량단독 - 공작물충돌,안전운전불이행,건조,맑음,단일로 - 기타,승용,남,63세,상해없음,,,,
2021011500100022,2021년 1월 15일 04시,금요일,인천광역시 남동구 간석동,경상사고,0,0,1,0,차대차 - 측면충돌,안전운전불이행,건조,맑음,단일로 - 기타,화물,남,24세,상해없음,승용,남,53세,경상
2021011500100061,2021년 1월 15일 07시,금요일,인천광역시 미추홀구 용현동,경상사고,0,0,1,0,차대차 - 측면충돌,안전운전불이행,건조,맑음,단일로 - 기타,승용,여,52세,상해없음,승용,남,59세,경상
2021011500100062,2021년 1월 15일 07시,금요일,인천광역시 미추홀구 주안동,경상사고,0,0,1,0,차대차 - 측면충돌,신호위반,건조,맑음,교차로 - 교차로안,승용,남,47세,상해없음,이륜,남,29세,경상
2021011500100063,2021년 1월 15일 07시,금요일,인천광역시 부평구 부평동,경상사고,0,0,1,0,차대차 - 측면충돌,신호위반,건조,맑음,교차로 - 교차로부근,승용,남,64세,상해없음,개인형이동수단(PM),여,19세,경상
2021011500100087,2021년 1월 15일 08시,금요일,인천광역시 남동구 고잔동,경상사고,0,0,1,0,차대차 - 측면충돌,안전운전불이행,건조,맑음,교차로 - 교차로부근,승용,여,22세,경상,화물,남,53세,상해없음
2021011500100135,2021년 1월 15일 10시,금요일,인천광역시 미추홀구 용현동,경상사고,0,0,1,0,차대차 - 추돌,신호위반,건조,맑음,단일로 - 기타,승용,여,56세,상해없음,화물,남,40세,경상
2021011500100136,2021년 1월 15일 10시,금요일,인천광역시 남동구 간석동,경상사고,0,0,1,0,차대사람 - 기타,안전운전불이행,건조,맑음,단일로 - 기타,승용,남,49세,상해없음,보행자,남,48세,경상
2021011500100163,2021년 1월 15일 11시,금요일,인천광역시 미추홀구 주안동,경상사고,0,0,1,0,차대차 - 측면충돌,안전운전불이행,건조,맑음,단일로 - 기타,승용,여,23세,상해없음,승용,남,76세,경상
2021011500100192,2021년 1월 15일 12시,금요일,인천광역시 서구 오류동,경상사고,0,0,1,0,차대차 - 추돌,안전운전불이행,건조,맑음,교차로 - 교차로안,승용,남,52세,상해없음,이륜,남,22세,경상
2021011500100193,2021년 1월 15일 12시,금요일,인천광역시 부평구 삼산동,경상사고,0,0,1,0,차대차 - 측면충돌,안전운전불이행,건조,맑음,교차로 - 교차로부근,승용,여,36세,상해없음,승용,남,56세,경상
2021011500100270,2021년 1월 15일 14시,금요일,인천광역시 남동구 간석동,경상사고,0,0,1,0,차대사람 - 횡단중,안전운전불이행,건조,맑음,단일로 - 기타,승용,여,52세,상해없음,보행자,남,55세,경상
2021011500100272,2021년 1월 15일 14시,금요일,인천광역시 부평구 갈산동,경상사고,0,0,1,0,차대차 - 측면충돌,안전운전불이행,건조,맑음,단일로 - 기타,승합,남,51세,상해없음,특수,남,51세,경상
2021011500100300,2021년 1월 15일 15시,금요일,인천광역시 미추홀구 도화동,중상사고,0,1,0,0,차대차 - 측면충돌,안전운전불이행,건조,맑음,단일로 - 기타,승용,남,27세,상해없음,자전거,남,71세,중상
2021011500100301,2021년 1월 15일 15시,금요일,인천광역시 연수구 동춘동,경상사고,0,0,2,0,차대차 - 측면충돌,안전운전불이행,건조,맑음,단일로 - 지하차도(도로)내,승용,남,46세,경상,승용,남,31세,경상
2021011500100302,2021년 1월 15일 15시,금요일,인천광역시 부평구 부평동,경상사고,0,0,1,0,차대사람 - 길가장자리구역통행중,안전운전불이행,건조,맑음,단일로 - 기타,승용,여,62세,상해없음,보행자,여,74세,경상
2021011500100324,2021년 1월 15일 16시,금요일,인천광역시 중구 신흥동3가,경상사고,0,0,1,0,차대차 - 측면충돌,안전거리미확보,건조,흐림,단일로 - 기타,승용,여,46세,상해없음,승용,남,29세,경상
2021011500100325,2021년 1월 15일 16시,금요일,인천광역시 계양구 효성동,경상사고,0,0,1,0,차대차 - 추돌,안전운전불이행,건조,맑음,교차로 - 교차로부근,승용,남,24세,상해없음,승용,남,65세,경상
2021011500100370,2021년 1월 15일 17시,금요일,인천광역시 미추홀구 도화동,경상사고,0,0,1,0,차대차 - 측면충돌,안전거리미확보,건조,맑음,교차로 - 교차로부근,승용,남,60세,상해없음,승용,여,38세,경상
2021011500100371,2021년 1월 15일 17시,금요일,인천광역시 부평구 부평동,중상사고,0,1,0,0,차대사람 - 횡단중,안전운전불이행,건조,맑음,단일로 - 기타,승용,남,56세,상해없음,보행자,남,40세,중상
2021011500100445,2021년 1월 15일 18시,금요일,인천광역시 미추홀구 숭의동,경상사고,0,0,1,0,차대차 - 측면충돌,안전운전불이행,건조,맑음,교차로 - 교차로안,이륜,남,56세,상해없음,승용,남,53세,경상
2021011500100446,2021년 1월 15일 18시,금요일,인천광역시 남동구 고잔동,경상사고,0,0,1,0,차대차 - 측면충돌,신호위반,건조,맑음,교차로 - 교차로부근,승용,남,38세,상해없음,승용,여,49세,경상
2021011500100447,2021년 1월 15일 18시,금요일,인천광역시 남동구 도림동,경상사고,0,0,2,0,차대차 - 측면충돌,안전거리미확보,건조,맑음,단일로 - 기타,승용,남,60세,상해없음,승용,여,52세,경상
2021011500100540,2021년 1월 15일 20시,금요일,인천광역시 미추홀구 주안동,경상사고,0,0,1,0,차대차 - 측면충돌,안전운전불이행,건조,맑음,교차로 - 교차로안,승용,남,51세,상해없음,화물,남,70세,경상
2021011500100541,2021년 1월 15일 20시,금요일,인천광역시 서구 불로동,경상사고,0,0,1,0,차대차 - 측면충돌,안전운전불이행,건조,맑음,단일로 - 기타,승용,남,58세,상해없음,승용,남,25세,경상
2021011500100542,2021년 1월 15일 20시,금요일,인천광역시 계양구 계산동,경상사고,0,0,1,0,차대차 - 정면충돌,직진우회전진행방해,젖음/습기,흐림,교차로 - 교차로안,승용,남,29세,상해없음,이륜,남,41세,경상
2021011500100543,2021년 1월 15일 20시,금요일,인천광역시 연수구 연수동,중상사고,0,1,0,0,차대사람 - 차도통행중,안전운전불이행,건조,맑음,단일로 - 기타,이륜,남,31세,상해없음,보행자,여,39세,중상
2021011500100583,2021년 1월 15일 21시,금요일,인천광역시 부평구 부평동,중상사고,0,1,0,0,차대차 - 측면충돌,기타,건조,맑음,단일로 - 기타,승용,남,19세,상해없음,이륜,남,32세,중상
2021011500100607,2021년 1월 15일 22시,금요일,인천광역시 남동구 간석동,경상사고,0,0,1,0,차대차 - 추돌,안전운전불이행,건조,맑음,교차로 - 교차로부근,승용,남,65세,상해없음,승용,여,68세,경상
2021011600100014,2021년 1월 16일 00시,토요일,인천광역시 부평구 청천동,경상사고,0,0,1,0,차대차 - 추돌,안전운전불이행,건조,맑음,단일로 - 기타,승용,남,30세,상해없음,이륜,남,44세,경상
2021011600100015,2021년 1월 16일 00시,토요일,인천광역시 연수구 송도동,중상사고,0,1,0,0,차대차 - 측면충돌,신호위반,건조,맑음,교차로 - 교차로안,승용,남,28세,상해없음,원동기,남,31세,중상
2021011600100033,2021년 1월 16일 05시,토요일,인천광역시 서구 경서동,경상사고,0,0,1,0,차대차 - 측면충돌,신호위반,건조,맑음,교차로 - 교차로안,승용,여,62세,상해없음,화물,남,69세,경상
2021011600100058,2021년 1월 16일 08시,토요일,인천광역시 중구 운북동,경상사고,0,0,1,0,차대차 - 측면충돌,안전거리미확보,건조,맑음,단일로 - 기타,건설기계,남,63세,상해없음,건설기계,남,52세,경상
2021011600100092,2021년 1월 16일 10시,토요일,인천광역시 계양구 작전동,경상사고,0,0,1,0,차대차 - 추돌,안전운전불이행,건조,맑음,교차로 - 교차로부근,승용,여,55세,상해없음,승용,남,67세,경상
2021011600100233,2021년 1월 16일 15시,토요일,인천광역시 미추홀구 학익동,중상사고,0,1,0,0,차대사람 - 횡단중,안전운전불이행,건조,맑음,교차로 - 교차로안,승용,남,25세,상해없음,보행자,여,73세,중상
2021011600100234,2021년 1월 16일 15시,토요일,인천광역시 연수구 선학동,경상사고,0,0,1,0,차대차 - 추돌,안전운전불이행,건조,맑음,단일로 - 기타,승용,남,34세,상해없음,승용,남,62세,경상
2021011600100270,2021년 1월 16일 16시,토요일,인천광역시 미추홀구 주안동,경상사고,0,0,2,0,차대차 - 추돌,안전운전불이행,건조,맑음,기타 - 기타,승용,남,22세,상해없음,승용,남,28세,경상
2021011600100271,2021년 1월 16일 16시,토요일,인천광역시 부평구 갈산동,경상사고,0,0,1,0,차대차 - 추돌,안전운전불이행,건조,맑음,교차로 - 교차로안,승합,남,46세,상해없음,이륜,남,28세,경상
2021011600100272,2021년 1월 16일 16시,토요일,인천광역시 남동구 수산동,경상사고,0,0,1,0,차대차 - 측면충돌,교차로운행방법위반,건조,맑음,교차로 - 교차로안,승용,여,56세,상해없음,승용,남,27세,경상
2021011600100303,2021년 1월 16일 17시,토요일,인천광역시 남동구 도림동,경상사고,0,0,3,0,차대차 - 추돌,안전운전불이행,건조,맑음,교차로 - 교차로부근,화물,남,55세,상해없음,승용,남,31세,경상
2021011600100350,2021년 1월 16일 18시,토요일,인천광역시 미추홀구 주안동,중상사고,0,1,0,0,차대차 - 기타,안전운전불이행,건조,맑음,단일로 - 기타,승용,남,62세,상해없음,이륜,남,44세,중상
2021011600100351,2021년 1월 16일 18시,토요일,인천광역시 서구 가정동,중상사고,0,1,0,0,차대차 - 측면충돌,안전운전불이행,건조,맑음,교차로 - 교차로안,승용,여,52세,상해없음,이륜,남,21세,중상
2021011600100386,2021년 1월 16일 19시,토요일,인천광역시 부평구 산곡동,중상사고,0,1,0,0,차대차 - 측면충돌,안전운전불이행,젖음/습기,기타,단일로 - 기타,승용,남,55세,상해없음,이륜,남,47세,중상
2021011600100387,2021년 1월 16일 19시,토요일,인천광역시 연수구 청학동,경상사고,0,0,3,0,차대차 - 추돌,안전운전불이행,건조,맑음,교차로 - 교차로횡단보도내,승용,남,57세,상해없음,승용,남,59세,경상
2021011600100410,2021년 1월 16일 20시,토요일,인천광역시 서구 청라동,경상사고,0,0,2,0,차대차 - 추돌,신호위반,건조,맑음,교차로 - 교차로안,기타불명,기타불명,미분류,기타불명,승합,남,60세,상해없음
2021011600100472,2021년 1월 16일 22시,토요일,인천광역시 남동구 구월동,경상사고,0,0,1,0,차대사람 - 보도통행중,기타,건조,맑음,단일로 - 기타,이륜,남,38세,상해없음,보행자,남,56세,경상
2021011600100473,2021년 1월 16일 22시,토요일,인천광역시 서구 가좌동,경상사고,0,0,1,0,차대차 - 추돌,안전운전불이행,젖음/습기,맑음,단일로 - 기타,이륜,남,52세,경상,승용,남,58세,상해없음
2021011700100006,2021년 1월 17일 00시,일요일,인천광역시 중구 을왕동,경상사고,0,0,1,0,차대차 - 측면충돌,안전운전불이행,건조,흐림,교차로 - 교차로안,승용,남,35세,상해없음,승용,남,19세,경상
2021011700100007,2021년 1월 17일 00시,일요일,인천광역시 부평구 부평동,중상사고,0,1,1,0,차대차 - 측면충돌,신호위반,건조,맑음,교차로 - 교차로안,이륜,남,19세,중상,승용,남,51세,경상
2021011700100008,2021년 1월 17일 00시,일요일,인천광역시 부평구 삼산동,중상사고,0,1,0,0,차대사람 - 기타,기타,건조,맑음,교차로 - 교차로안,승합,남,62세,상해없음,보행자,남,60세,중상
2021011700100013,2021년 1월 17일 01시,일요일,인천광역시 미추홀구 문학동,부상신고사고,0,0,0,1,차대사람 - 길가장자리구역통행중,안전운전불이행,건조,맑음,교차로 - 교차로부근,승용,남,36세,상해없음,보행자,남,16세,부상신고
2021011700100016,2021년 1월 17일 02시,일요일,인천광역시 중구 북성동1가,중상사고,0,1,0,0,차대차 - 정면충돌,중앙선침범,건조,맑음,교차로 - 교차로부근,승용,남,18세,상해없음,승용,남,29세,중상
2021011700100025,2021년 1월 17일 07시,일요일,인천광역시 부평구 삼산동,중상사고,0,1,0,0,차대차 - 측면충돌,안전운전불이행,건조,맑음,교차로 - 교차로횡단보도내,승용,남,32세,상해없음,자전거,남,81세,중상
2021011700100038,2021년 1월 17일 09시,일요일,인천광역시 남동구 논현동,경상사고,0,0,1,0,차대사람 - 횡단중,보행자보호의무위반,건조,맑음,교차로 - 교차로횡단보도내,승용,남,74세,상해없음,보행자,여,62세,경상
2021011700100052,2021년 1월 17일 10시,일요일,인천광역시 미추홀구 도화동,중상사고,0,1,0,0,차대차 - 측면충돌,교차로운행방법위반,건조,맑음,교차로 - 교차로안,화물,남,66세,상해없음,자전거,남,80세,중상
2021011700100084,2021년 1월 17일 12시,일요일,인천광역시 미추홀구 학익동,경상사고,0,0,1,0,차량단독 - 기타,안전운전불이행,건조,맑음,교차로 - 교차로안,승합,남,68세,상해없음,,,,
2021011700100102,2021년 1월 17일 13시,일요일,인천광역시 부평구 부평동,중상사고,0,1,0,0,차대사람 - 기타,안전운전불이행,건조,맑음,단일로 - 기타,승용,남,54세,상해없음,보행자,여,39세,중상
2021011700100103,2021년 1월 17일 13시,일요일,인천광역시 부평구 부평동,중상사고,0,1,0,0,차대차 - 기타,안전운전불이행,건조,맑음,교차로 - 교차로부근,승용,남,41세,상해없음,이륜,남,33세,중상
2021011700100149,2021년 1월 17일 15시,일요일,인천광역시 부평구 부평동,경상사고,0,0,1,0,차대차 - 추돌,안전운전불이행,건조,맑음,단일로 - 기타,승용,남,72세,상해없음,승용,남,25세,경상
2021011700100192,2021년 1월 17일 17시,일요일,인천광역시 미추홀구 용현동,경상사고,0,0,1,0,차대차 - 측면충돌,안전운전불이행,건조,맑음,교차로 - 교차로부근,승용,여,36세,상해없음,승용,여,42세,경상
2021011700100193,2021년 1월 17일 17시,일요일,인천광역시 연수구 송도동,경상사고,0,0,1,0,차대차 - 측면충돌,안전운전불이행,건조,맑음,교차로 - 교차로안,승용,여,30세,상해없음,승용,여,28세,경상
2021011700100226,2021년 1월 17일 18시,일요일,인천광역시 미추홀구 주안동,경상사고,0,0,1,0,차대사람 - 횡단중,보행자보호의무위반,건조,맑음,교차로 - 교차로안,승용,남,65세,상해없음,보행자,여,65세,경상
2021011700100227,2021년 1월 17일 18시,일요일,인천광역시 부평구 산곡동,경상사고,0,0,1,0,차대차 - 추돌,안전운전불이행,적설,눈,교차로 - 교차로부근,승용,여,23세,상해없음,승용,남,30세,경상
2021011700100228,2021년 1월 17일 18시,일요일,인천광역시 서구 청라동,중상사고,0,1,0,0,차대차 - 측면충돌,중앙선침범,건조,맑음,단일로 - 기타,승용,남,55세,상해없음,이륜,남,51세,중상
2021011700100229,2021년 1월 17일 18시,일요일,인천광역시 계양구 임학동,중상사고,0,1,0,0,차대차 - 기타,안전운전불이행,건조,맑음,교차로 - 교차로부근,승용,남,54세,상해없음,이륜,남,31세,중상
2021011700100252,2021년 1월 17일 19시,일요일,인천광역시 미추홀구 도화동,경상사고,0,0,3,0,차대차 - 측면충돌,안전운전불이행,건조,맑음,단일로 - 기타,승용,남,63세,상해없음,승용,여,29세,경상
2021011700100269,2021년 1월 17일 20시,일요일,인천광역시 중구 운남동,경상사고,0,0,1,0,차대차 - 측면충돌,안전거리미확보,적설,눈,단일로 - 기타,승용,남,45세,상해없음,승용,여,42세,경상
2021011700100270,2021년 1월 17일 20시,일요일,인천광역시 연수구 옥련동,경상사고,0,0,4,0,차대차 - 추돌,안전운전불이행,적설,눈,단일로 - 기타,승용,남,49세,상해없음,승용,남,31세,경상
2021011700100285,2021년 1월 17일 21시,일요일,인천광역시 중구 신흥동3가,경상사고,0,0,1,0,차대차 - 측면충돌,안전운전불이행,적설,눈,단일로 - 기타,승용,남,43세,상해없음,승용,남,29세,경상
2021011700100286,2021년 1월 17일 21시,일요일,인천광역시 계양구 계산동,경상사고,0,0,1,0,차대차 - 측면충돌,교차로운행방법위반,서리/결빙,눈,교차로 - 교차로안,승용,여,23세,상해없음,승용,남,26세,경상
2021011800100159,2021년 1월 18일 12시,월요일,인천광역시 서구 당하동,경상사고,0,0,3,0,차대차 - 측면충돌,신호위반,건조,맑음,교차로 - 교차로안,승용,여,47세,상해없음,승용,여,43세,경상
2021011800100180,2021년 1월 18일 13시,월요일,인천광역시 남동구 간석동,경상사고,0,0,3,0,차대차 - 측면충돌,안전운전불이행,건조,흐림,교차로 - 교차로안,이륜,남,53세,기타불명,승용,남,39세,경상
2021011800100198,2021년 1월 18일 14시,월요일,인천광역시 미추홀구 주안동,경상사고,0,0,1,0,차대차 - 정면충돌,안전운전불이행,건조,맑음,교차로 - 교차로부근,화물,남,53세,상해없음,승용,남,30세,경상
2021011800100199,2021년 1월 18일 14시,월요일,인천광역시 미추홀구 주안동,경상사고,0,0,2,0,차대차 - 측면충돌,안전거리미확보,건조,맑음,단일로 - 기타,건설기계,남,57세,상해없음,승용,남,29세,경상
2021011800100200,2021년 1월 18일 14시,월요일,인천광역시 남동구 만수동,중상사고,0,1,0,0,차대차 - 측면충돌,중앙선침범,건조,맑음,교차로 - 교차로부근,자전거,남,82세,중상,승용,여,60세,상해없음
2021011800100225,2021년 1월 18일 15시,월요일,인천광역시 서구 석남동,중상사고,0,1,0,0,차대차 - 측면충돌,안전운전불이행,서리/결빙,맑음,단일로 - 기타,승용,남,28세,상해없음,이륜,남,49세,중상
2021011800100246,2021년 1월 18일 16시,월요일,인천광역시 서구 가정동,경상사고,0,0,1,0,차대차 - 기타,안전운전불이행,서리/결빙,맑음,단일로 - 기타,화물,남,47세,상해없음,이륜,남,28세,경상
2021011800100280,2021년 1월 18일 17시,월요일,인천광역시 계양구 임학동,경상사고,0,0,1,0,차대차 - 기타,신호위반,건조,맑음,교차로 - 교차로안,승용,여,52세,상해없음,이륜,남,37세,경상
2021011800100281,2021년 1월 18일 17시,월요일,인천광역시 계양구 작전동,중상사고,0,1,1,0,차대차 - 추돌,기타,건조,맑음,교차로 - 교차로부근,승용,남,59세,중상,승용,남,32세,경상
2021011800100282,2021년 1월 18일 17시,월요일,인천광역시 계양구 서운동,중상사고,0,1,1,0,차대차 - 측면충돌,안전거리미확보,젖음/습기,흐림,단일로 - 교량,승용,남,28세,상해없음,승용,여,29세,중상
2021011800100329,2021년 1월 18일 18시,월요일,인천광역시 미추홀구 문학동,경상사고,0,0,3,0,차대차 - 측면충돌,안전거리미확보,건조,맑음,단일로 - 기타,화물,남,60세,상해없음,승용,남,63세,경상
2021011800100330,2021년 1월 18일 18시,월요일,인천광역시 미추홀구 주안동,경상사고,0,0,1,0,차대차 - 측면충돌,안전운전불이행,건조,맑음,교차로 - 교차로안,승용,남,36세,상해없음,승용,여,55세,경상
2021011800100331,2021년 1월 18일 18시,월요일,인천광역시 남동구 만수동,경상사고,0,0,1,0,차대차 - 기타,안전거리미확보,건조,맑음,교차로 - 교차로안,승용,남,37세,상해없음,이륜,남,32세,경상
2021011800100332,2021년 1월 18일 18시,월요일,인천광역시 남동구 구월동,경상사고,0,0,1,0,차대차 - 측면충돌,안전거리미확보,건조,맑음,단일로 - 기타,이륜,남,22세,상해없음,이륜,남,36세,경상
2021011800100333,2021년 1월 18일 18시,월요일,인천광역시 서구 석남동,경상사고,0,0,1,0,차대차 - 측면충돌,신호위반,건조,맑음,교차로 - 교차로안,승용,여,52세,상해없음,승용,남,59세,경상