사고번호,사고일시,요일,시군구,사고내용,사망자수,중상자수,경상자수,부상신고자수,사고유형,법규위반,노면상태,기상상태,도로형태,가해운전자 차종,가해운전자 성별,가해운전자 연령,가해운전자 상해정도,피해운전자 차종,피해운전자 성별,피해운전자 연령,피해운전자 상해정도
2021011800100334,2021년 1월 18일 18시,월요일,인천광역시 남동구 논현동,중상사고,0,1,0,0,차대차 - 기타,안전운전불이행,건조,맑음,교차로 - 교차로안,이륜,남,19세,상해없음,이륜,남,39세,중상
2021011800100385,2021년 1월 18일 19시,월요일,인천광역시 서구 석남동,경상사고,0,0,1,0,차대차 - 측면충돌,안전운전불이행,젖음/습기,흐림,단일로 - 기타,화물,남,54세,상해없음,승용,남,27세,경상
2021011800100451,2021년 1월 18일 21시,월요일,인천광역시 부평구 청천동,중상사고,0,1,2,0,차대차 - 정면충돌,신호위반,건조,맑음,교차로 - 교차로안,승용,남,60세,상해없음,승용,여,53세,경상
2021011800100452,2021년 1월 18일 21시,월요일,인천광역시 서구 신현동,경상사고,0,0,1,0,차대차 - 기타,안전운전불이행,건조,맑음,교차로 - 교차로안,승용,남,41세,상해없음,이륜,남,19세,경상
2021011800100489,2021년 1월 18일 23시,월요일,인천광역시 서구 마전동,경상사고,0,0,2,0,차대차 - 추돌,안전운전불이행,건조,맑음,단일로 - 기타,승용,남,39세,상해없음,승용,여,48세,경상
2021011900100026,2021년 1월 19일 05시,화요일,인천광역시 부평구 삼산동,사망사고,1,0,1,0,차대차 - 추돌,안전거리미확보,건조,맑음,단일로 - 기타,화물,남,63세,사망,화물,남,42세,경상
2021011900100034,2021년 1월 19일 06시,화요일,인천광역시 남동구 간석동,경상사고,0,0,5,0,차대차 - 측면충돌,신호위반,건조,맑음,교차로 - 교차로안,승합,남,43세,상해없음,승용,남,66세,경상
2021011900100035,2021년 1월 19일 06시,화요일,인천광역시 연수구 연수동,부상신고사고,0,0,0,1,차대차 - 측면충돌,안전운전불이행,건조,맑음,단일로 - 기타,승용,남,67세,상해없음,승용,여,59세,부상신고
2021011900100094,2021년 1월 19일 08시,화요일,인천광역시 미추홀구 숭의동,경상사고,0,0,1,0,차대사람 - 횡단중,보행자보호의무위반,건조,맑음,교차로 - 교차로횡단보도내,승용,남,62세,상해없음,보행자,남,31세,경상
2021011900100095,2021년 1월 19일 08시,화요일,인천광역시 남동구 남촌동,경상사고,0,0,1,0,차대차 - 추돌,안전운전불이행,건조,맑음,단일로 - 기타,승용,남,39세,상해없음,승용,여,26세,경상
2021011900100126,2021년 1월 19일 09시,화요일,인천광역시 남동구 만수동,경상사고,0,0,2,0,차대차 - 측면충돌,교차로운행방법위반,건조,맑음,교차로 - 교차로안,이륜,남,26세,상해없음,승용,남,68세,경상
2021011900100153,2021년 1월 19일 10시,화요일,인천광역시 중구 신흥동3가,경상사고,0,0,1,0,차대차 - 정면충돌,안전운전불이행,건조,맑음,단일로 - 지하차도(도로)내,승용,남,50세,상해없음,화물,남,61세,경상
2021011900100154,2021년 1월 19일 10시,화요일,인천광역시 미추홀구 주안동,경상사고,0,0,3,0,차대차 - 추돌,안전거리미확보,건조,맑음,교차로 - 교차로부근,승용,남,70세,상해없음,승용,여,50세,경상
2021011900100155,2021년 1월 19일 10시,화요일,인천광역시 계양구 방축동,경상사고,0,0,1,0,차대사람 - 차도통행중,안전운전불이행,건조,맑음,교차로 - 교차로안,승용,남,66세,상해없음,보행자,여,82세,경상
2021011900100156,2021년 1월 19일 10시,화요일,인천광역시 계양구 계산동,경상사고,0,0,1,0,차대사람 - 횡단중,보행자보호의무위반,건조,맑음,단일로 - 기타,화물,남,42세,상해없음,보행자,남,35세,경상
2021011900100222,2021년 1월 19일 12시,화요일,인천광역시 서구 가좌동,중상사고,0,1,1,0,차대차 - 측면충돌,안전운전불이행,건조,맑음,교차로 - 교차로안,승용,여,52세,상해없음,이륜,남,66세,중상
2021011900100223,2021년 1월 19일 12시,화요일,인천광역시 부평구 삼산동,경상사고,0,0,1,0,차대차 - 측면충돌,안전운전불이행,건조,맑음,교차로 - 교차로안,승용,여,66세,상해없음,승용,남,22세,경상
2021011900100253,2021년 1월 19일 13시,화요일,인천광역시 남동구 간석동,경상사고,0,0,2,0,차대차 - 측면충돌,안전운전불이행,건조,맑음,단일로 - 기타,화물,남,52세,상해없음,화물,남,45세,경상
2021011900100291,2021년 1월 19일 14시,화요일,인천광역시 부평구 청천동,중상사고,0,1,0,0,차대차 - 추돌,안전운전불이행,건조,맑음,단일로 - 고가도로위,화물,남,60세,상해없음,승용,여,36세,중상
2021011900100354,2021년 1월 19일 16시,화요일,인천광역시 중구 신흥동3가,경상사고,0,0,1,0,차대차 - 측면충돌,안전운전불이행,건조,맑음,단일로 - 기타,승용,남,62세,상해없음,승용,여,39세,경상
2021011900100355,2021년 1월 19일 16시,화요일,인천광역시 서구 가좌동,경상사고,0,0,1,0,차대사람 - 횡단중,보행자보호의무위반,건조,맑음,교차로 - 교차로횡단보도내,승용,남,56세,상해없음,보행자,여,49세,경상
2021011900100394,2021년 1월 19일 17시,화요일,인천광역시 부평구 부평동,경상사고,0,0,3,0,차대차 - 측면충돌,차로위반,건조,맑음,교차로 - 교차로부근,승용,여,65세,상해없음,승용,남,23세,경상
2021011900100395,2021년 1월 19일 17시,화요일,인천광역시 남동구 구월동,중상사고,0,1,0,0,차대차 - 기타,안전거리미확보,건조,맑음,단일로 - 기타,기타불명,기타불명,미분류,기타불명,원동기,여,26세,중상
2021011900100396,2021년 1월 19일 17시,화요일,인천광역시 부평구 부평동,중상사고,0,1,0,0,차대차 - 측면충돌,안전운전불이행,건조,맑음,교차로 - 교차로부근,승용,여,37세,상해없음,이륜,남,51세,중상
2021011900100446,2021년 1월 19일 18시,화요일,인천광역시 미추홀구 주안동,경상사고,0,0,1,0,차대차 - 측면충돌,안전운전불이행,건조,맑음,기타 - 기타,기타불명,기타불명,미분류,기타불명,승용,남,35세,경상
2021011900100447,2021년 1월 19일 18시,화요일,인천광역시 남동구 간석동,경상사고,0,0,1,0,차대차 - 기타,안전거리미확보,건조,맑음,단일로 - 기타,기타불명,기타불명,미분류,기타불명,원동기,남,26세,경상
2021011900100448,2021년 1월 19일 18시,화요일,인천광역시 계양구 방축동,경상사고,0,0,1,0,차대차 - 기타,교차로운행방법위반,젖음/습기,흐림,교차로 - 교차로안,승용,여,54세,상해없음,이륜,남,22세,경상
2021011900100449,2021년 1월 19일 18시,화요일,인천광역시 계양구 병방동,경상사고,0,0,1,0,차대차 - 기타,안전운전불이행,건조,맑음,단일로 - 기타,이륜,남,44세,경상,화물,남,65세,상해없음
2021011900100450,2021년 1월 19일 18시,화요일,인천광역시 부평구 청천동,경상사고,0,0,1,0,차대차 - 측면충돌,안전거리미확보,건조,맑음,단일로 - 기타,승용,남,48세,상해없음,승용,남,54세,경상
2021011900100492,2021년 1월 19일 19시,화요일,인천광역시 부평구 부평동,경상사고,0,0,1,0,차대차 - 측면충돌,안전운전불이행,건조,맑음,교차로 - 교차로부근,승용,남,22세,상해없음,승용,여,46세,경상
2021011900100538,2021년 1월 19일 20시,화요일,인천광역시 남동구 고잔동,경상사고,0,0,1,0,차대차 - 측면충돌,중앙선침범,건조,맑음,단일로 - 기타,승용,남,22세,상해없음,승용,남,28세,경상
2021011900100581,2021년 1월 19일 21시,화요일,인천광역시 남동구 구월동,경상사고,0,0,1,0,차대차 - 측면충돌,신호위반,건조,맑음,교차로 - 교차로안,승용,남,38세,상해없음,이륜,남,28세,경상
2021011900100582,2021년 1월 19일 21시,화요일,인천광역시 서구 검암동,중상사고,0,1,0,0,차대차 - 기타,기타,서리/결빙,맑음,교차로 - 교차로안,이륜,남,27세,중상,승용,여,40세,상해없음
2021011900100583,2021년 1월 19일 21시,화요일,인천광역시 계양구 계산동,경상사고,0,0,1,0,차대차 - 추돌,안전거리미확보,건조,맑음,단일로 - 기타,승용,남,41세,상해없음,승용,남,59세,경상
2021011900100584,2021년 1월 19일 21시,화요일,인천광역시 남동구 고잔동,경상사고,0,0,1,0,차대차 - 측면충돌,신호위반,건조,맑음,교차로 - 교차로안,승용,여,61세,기타불명,승용,남,55세,경상
2021011900100585,2021년 1월 19일 21시,화요일,인천광역시 남동구 만수동,경상사고,0,0,1,0,차대차 - 측면충돌,안전운전불이행,건조,맑음,교차로 - 교차로부근,승용,남,23세,상해없음,이륜,남,20세,경상
2021012000100016,2021년 1월 20일 02시,수요일,인천광역시 남동구 간석동,중상사고,0,1,0,0,차대차 - 측면충돌,안전거리미확보,건조,맑음,단일로 - 기타,기타불명,기타불명,미분류,기타불명,이륜,남,17세,중상
2021012000100027,2021년 1월 20일 05시,수요일,인천광역시 계양구 계산동,경상사고,0,0,1,0,차대차 - 기타,안전운전불이행,건조,맑음,교차로 - 교차로안,이륜,남,40세,경상,승용,남,60세,상해없음
2021012000100049,2021년 1월 20일 06시,수요일,인천광역시 서구 심곡동,경상사고,0,0,1,0,차대차 - 측면충돌,안전운전불이행,건조,맑음,교차로 - 교차로안,자전거,남,74세,경상,승용,남,68세,상해없음
2021012000100050,2021년 1월 20일 06시,수요일,인천광역시 서구 청라동,경상사고,0,0,1,0,차대차 - 추돌,신호위반,건조,맑음,교차로 - 교차로안,승용,남,45세,상해없음,승용,남,28세,경상
2021012000100051,2021년 1월 20일 06시,수요일,인천광역시 계양구 작전동,경상사고,0,0,1,0,차대차 - 추돌,안전운전불이행,건조,맑음,교차로 - 교차로부근,승용,남,58세,상해없음,승용,남,55세,경상
2021012000100065,2021년 1월 20일 07시,수요일,인천광역시 부평구 부평동,경상사고,0,0,1,0,차대차 - 측면충돌,안전운전불이행,건조,맑음,교차로 - 교차로부근,건설기계,남,44세,상해없음,승용,남,39세,경상
2021012000100129,2021년 1월 20일 09시,수요일,인천광역시 부평구 청천동,경상사고,0,0,1,0,차대사람 - 횡단중,안전운전불이행,건조,맑음,교차로 - 교차로부근,승용,남,33세,상해없음,보행자,여,79세,경상
2021012000100130,2021년 1월 20일 09시,수요일,인천광역시 계양구 계산동,경상사고,0,0,1,0,차대차 - 추돌,안전운전불이행,건조,맑음,단일로 - 기타,화물,남,37세,상해없음,승용,여,30세,경상
2021012000100174,2021년 1월 20일 10시,수요일,인천광역시 미추홀구 주안동,경상사고,0,0,1,0,차대차 - 측면충돌,안전운전불이행,젖음/습기,비,주차장 - 주차장,승용,남,52세,상해없음,이륜,남,36세,경상
2021012000100175,2021년 1월 20일 10시,수요일,인천광역시 남동구 간석동,경상사고,0,0,1,0,차대차 - 추돌,안전운전불이행,젖음/습기,맑음,단일로 - 기타,승용,남,50세,상해없음,승용,남,57세,경상
2021012000100213,2021년 1월 20일 11시,수요일,인천광역시 미추홀구 주안동,경상사고,0,0,1,0,차대차 - 측면충돌,안전운전불이행,건조,맑음,기타 - 기타,승용,여,54세,상해없음,승용,여,57세,경상
2021012000100214,2021년 1월 20일 11시,수요일,인천광역시 연수구 송도동,경상사고,0,0,1,0,차대차 - 측면충돌,안전거리미확보,건조,맑음,단일로 - 기타,특수,남,55세,상해없음,승용,여,55세,경상
2021012000100251,2021년 1월 20일 12시,수요일,인천광역시 부평구 부평동,경상사고,0,0,1,0,차량단독 - 전도전복 - 전도,안전운전불이행,건조,맑음,교차로 - 교차로부근,이륜,남,70세,경상,,,,
2021012000100252,2021년 1월 20일 12시,수요일,인천광역시 부평구 삼산동,중상사고,0,1,0,0,차대차 - 측면충돌,안전운전불이행,건조,맑음,단일로 - 기타,승용,여,46세,기타불명,승용,여,46세,중상
2021012000100323,2021년 1월 20일 14시,수요일,인천광역시 서구 금곡동,경상사고,0,0,2,0,차대차 - 추돌,신호위반,건조,맑음,교차로 - 교차로안,승용,여,36세,상해없음,승용,여,47세,경상
2021012000100352,2021년 1월 20일 15시,수요일,인천광역시 미추홀구 숭의동,경상사고,0,0,1,0,차대차 - 측면충돌,안전운전불이행,건조,맑음,단일로 - 기타,화물,남,64세,상해없음,화물,남,44세,경상
2021012000100353,2021년 1월 20일 15시,수요일,인천광역시 계양구 작전동,경상사고,0,0,1,0,차대차 - 측면충돌,안전거리미확보,건조,맑음,단일로 - 교량,승용,남,62세,상해없음,승용,여,41세,경상
2021012000100439,2021년 1월 20일 17시,수요일,인천광역시 중구 신흥동3가,경상사고,0,0,1,0,차대차 - 측면충돌,중앙선침범,건조,맑음,기타 - 기타,승용,남,63세,상해없음,승용,남,44세,경상
2021012000100440,2021년 1월 20일 17시,수요일,인천광역시 서구 왕길동,경상사고,0,0,1,0,차대차 - 측면충돌,안전운전불이행,건조,맑음,교차로 - 교차로안,승합,여,49세,상해없음,승용,남,59세,경상
2021012000100518,2021년 1월 20일 18시,수요일,인천광역시 서구 공촌동,경상사고,0,0,1,0,차대차 - 추돌,안전운전불이행,건조,맑음,단일로 - 지하차도(도로)내,승용,여,41세,상해없음,승용,남,58세,경상
2021012000100519,2021년 1월 20일 18시,수요일,인천광역시 남동구 서창동,경상사고,0,0,1,0,차대차 - 추돌,안전운전불이행,건조,맑음,단일로 - 기타,승용,남,29세,상해없음,화물,남,40세,경상
2021012000100645,2021년 1월 20일 21시,수요일,인천광역시 미추홀구 주안동,경상사고,0,0,1,0,차대차 - 추돌,안전운전불이행,건조,맑음,단일로 - 기타,승용,남,30세,상해없음,승용,남,48세,경상
2021012000100646,2021년 1월 20일 21시,수요일,인천광역시 서구 석남동,중상사고,0,1,0,0,차대차 - 기타,안전운전불이행,건조,맑음,단일로 - 기타,승용,남,58세,상해없음,이륜,남,26세,중상
2021012000100670,2021년 1월 20일 22시,수요일,인천광역시 미추홀구 용현동,중상사고,0,1,0,0,차대차 - 측면충돌,안전운전불이행,건조,맑음,교차로 - 교차로부근,기타불명,기타불명,미분류,기타불명,이륜,남,47세,중상
2021012000100671,2021년 1월 20일 22시,수요일,인천광역시 미추홀구 주안동,경상사고,0,0,1,0,차대차 - 추돌,안전거리미확보,건조,맑음,교차로 - 교차로부근,승용,남,32세,상해없음,승용,남,27세,경상
2021012000100672,2021년 1월 20일 22시,수요일,인천광역시 부평구 청천동,경상사고,0,0,1,0,차대사람 - 횡단중,신호위반,건조,맑음,단일로 - 기타,이륜,남,33세,상해없음,보행자,남,13세,경상
2021012000100673,2021년 1월 20일 22시,수요일,인천광역시 남동구 구월동,경상사고,0,0,1,0,차대사람 - 횡단중,안전운전불이행,건조,흐림,교차로 - 교차로안,승용,남,52세,상해없음,보행자,여,23세,경상
2021012100100003,2021년 1월 21일 00시,목요일,인천광역시 계양구 효성동,중상사고,0,1,0,0,차대차 - 측면충돌,안전운전불이행,건조,맑음,교차로 - 교차로안,이륜,남,21세,중상,화물,남,40세,상해없음
2021012100100014,2021년 1월 21일 04시,목요일,인천광역시 연수구 선학동,경상사고,0,0,1,0,차대차 - 추돌,안전운전불이행,건조,맑음,단일로 - 기타,기타불명,기타불명,미분류,기타불명,승용,남,62세,경상
2021012100100058,2021년 1월 21일 07시,목요일,인천광역시 중구 운남동,경상사고,0,0,1,0,차대차 - 측면충돌,안전운전불이행,건조,맑음,단일로 - 기타,승용,남,47세,상해없음,승용,남,42세,경상
2021012100100059,2021년 1월 21일 07시,목요일,인천광역시 미추홀구 주안동,경상사고,0,0,3,0,차대차 - 기타,안전운전불이행,건조,맑음,단일로 - 기타,승용,남,55세,상해없음,승용,남,49세,경상
2021012100100060,2021년 1월 21일 07시,목요일,인천광역시 서구 원창동,경상사고,0,0,2,0,차대차 - 측면충돌,안전운전불이행,건조,맑음,단일로 - 기타,화물,남,47세,상해없음,승용,여,56세,경상
2021012100100061,2021년 1월 21일 07시,목요일,인천광역시 남동구 고잔동,경상사고,0,0,2,0,차대차 - 측면충돌,안전운전불이행,건조,맑음,단일로 - 기타,승용,남,37세,상해없음,승용,남,58세,경상
2021012100100082,2021년 1월 21일 08시,목요일,인천광역시 서구 가정동,경상사고,0,0,1,0,차대차 - 추돌,안전거리미확보,건조,맑음,교차로 - 교차로안,화물,남,27세,상해없음,승용,여,23세,경상
2021012100100119,2021년 1월 21일 09시,목요일,인천광역시 남동구 간석동,경상사고,0,0,2,0,차대차 - 측면충돌,차로위반,건조,맑음,교차로 - 교차로안,승용,여,46세,상해없음,화물,남,50세,기타불명
2021012100100154,2021년 1월 21일 10시,목요일,인천광역시 부평구 부평동,중상사고,0,1,0,0,차대차 - 추돌,신호위반,건조,맑음,교차로 - 교차로부근,승용,남,21세,상해없음,승용,여,34세,중상
2021012100100155,2021년 1월 21일 10시,목요일,인천광역시 서구 석남동,경상사고,0,0,2,0,차대차 - 추돌,안전운전불이행,건조,맑음,단일로 - 기타,승용,여,68세,경상,승용,남,46세,경상
2021012100100156,2021년 1월 21일 10시,목요일,인천광역시 서구 왕길동,경상사고,0,0,1,0,차량단독 - 기타,안전운전불이행,건조,맑음,단일로 - 기타,승합,남,51세,상해없음,,,,
2021012100100157,2021년 1월 21일 10시,목요일,인천광역시 서구 청라동,중상사고,0,1,0,0,차대차 - 기타,안전운전불이행,건조,맑음,교차로 - 교차로안,이륜,남,36세,중상,승용,여,32세,상해없음
2021012100100222,2021년 1월 21일 12시,목요일,인천광역시 부평구 삼산동,경상사고,0,0,1,0,차대차 - 추돌,안전운전불이행,건조,맑음,단일로 - 기타,승용,여,40세,상해없음,이륜,남,56세,경상
2021012100100334,2021년 1월 21일 16시,목요일,인천광역시 서구 왕길동,경상사고,0,0,1,0,차대차 - 측면충돌,교차로운행방법위반,젖음/습기,비,교차로 - 교차로안,승용,남,41세,상해없음,승용,남,41세,경상
2021012100100370,2021년 1월 21일 17시,목요일,인천광역시 서구 가좌동,경상사고,0,0,1,0,차대사람 - 보도통행중,기타,건조,맑음,기타 - 기타,이륜,남,26세,기타불명,보행자,여,44세,경상
2021012100100426,2021년 1월 21일 18시,목요일,인천광역시 부평구 십정동,경상사고,0,0,1,0,차대차 - 추돌,안전운전불이행,젖음/습기,비,단일로 - 기타,승용,여,54세,상해없음,승용,남,65세,경상
2021012100100427,2021년 1월 21일 18시,목요일,인천광역시 서구 가좌동,경상사고,0,0,2,0,차대차 - 측면충돌,안전운전불이행,젖음/습기,맑음,단일로 - 기타,승합,남,49세,상해없음,승용,여,34세,경상
2021012100100428,2021년 1월 21일 18시,목요일,인천광역시 서구 가좌동,중상사고,0,1,0,0,차대사람 - 횡단중,안전운전불이행,젖음/습기,비,단일로 - 기타,승용,남,62세,상해없음,보행자,여,67세,중상
2021012100100487,2021년 1월 21일 19시,목요일,인천광역시 서구 신현동,경상사고,0,0,1,0,차대차 - 추돌,안전운전불이행,젖음/습기,비,교차로 - 교차로부근,승용,여,48세,상해없음,승용,남,34세,경상
2021012100100488,2021년 1월 21일 19시,목요일,인천광역시 서구 청라동,중상사고,0,1,1,0,차대사람 - 횡단중,보행자보호의무위반,젖음/습기,비,교차로 - 교차로횡단보도내,승용,남,33세,상해없음,보행자,여,63세,중상
2021012100100527,2021년 1월 21일 20시,목요일,인천광역시 서구 심곡동,경상사고,0,0,1,0,차대차 - 정면충돌,안전운전불이행,젖음/습기,비,단일로 - 기타,승용,남,54세,상해없음,승용,남,48세,경상
2021012100100528,2021년 1월 21일 20시,목요일,인천광역시 서구 마전동,경상사고,0,0,1,0,차대차 - 추돌,안전운전불이행,젖음/습기,비,교차로 - 교차로안,승용,여,53세,상해없음,이륜,남,48세,경상
2021012100100529,2021년 1월 21일 20시,목요일,인천광역시 연수구 송도동,중상사고,0,1,0,0,차대차 - 기타,안전운전불이행,젖음/습기,비,교차로 - 교차로안,승용,남,24세,상해없음,이륜,남,25세,중상
2021012100100574,2021년 1월 21일 21시,목요일,인천광역시 서구 왕길동,경상사고,0,0,1,0,차대차 - 측면충돌,교차로운행방법위반,젖음/습기,비,교차로 - 교차로안,승용,남,30세,상해없음,승용,남,48세,경상
2021012100100575,2021년 1월 21일 21시,목요일,인천광역시 부평구 부평동,경상사고,0,0,1,0,차대사람 - 길가장자리구역통행중,안전운전불이행,젖음/습기,비,단일로 - 기타,승용,남,38세,상해없음,보행자,남,46세,경상
2021012100100603,2021년 1월 21일 22시,목요일,인천광역시 연수구 선학동,경상사고,0,0,1,0,차대차 - 측면충돌,안전거리미확보,젖음/습기,비,단일로 - 지하차도(도로)내,승용,남,23세,상해없음,승용,남,42세,경상
2021012200100045,2021년 1월 22일 06시,금요일,인천광역시 서구 심곡동,중상사고,0,1,1,0,차대차 - 측면충돌,안전운전불이행,건조,맑음,교차로 - 교차로부근,화물,남,47세,상해없음,승용,여,54세,중상
2021012200100061,2021년 1월 22일 07시,금요일,인천광역시 서구 가정동,경상사고,0,0,1,0,차대사람 - 횡단중,보행자보호의무위반,건조,흐림,교차로 - 교차로안,승용,남,73세,상해없음,보행자,남,44세,경상
2021012200100080,2021년 1월 22일 08시,금요일,인천광역시 미추홀구 주안동,경상사고,0,0,1,0,차대차 - 측면충돌,안전운전불이행,건조,맑음,교차로 - 교차로안,승용,남,50세,상해없음,화물,남,33세,경상
2021012200100081,2021년 1월 22일 08시,금요일,인천광역시 부평구 부평동,경상사고,0,0,1,0,차대차 - 측면충돌,안전운전불이행,건조,맑음,교차로 - 교차로안,승용,여,23세,상해없음,승용,남,28세,경상
2021012200100105,2021년 1월 22일 09시,금요일,인천광역시 부평구 갈산동,경상사고,0,0,1,0,차대차 - 측면충돌,안전거리미확보,건조,맑음,단일로 - 기타,승용,남,32세,상해없음,이륜,남,36세,경상
2021012200100148,2021년 1월 22일 11시,금요일,인천광역시 부평구 산곡동,경상사고,0,0,1,0,차대차 - 측면충돌,안전거리미확보,건조,맑음,단일로 - 기타,이륜,남,71세,상해없음,승용,여,39세,경상
2021012200100149,2021년 1월 22일 11시,금요일,인천광역시 부평구 구산동,경상사고,0,0,1,0,차대차 - 측면충돌,안전운전불이행,건조,맑음,단일로 - 기타,기타불명,기타불명,미분류,기타불명,승용,여,54세,경상
2021012200100194,2021년 1월 22일 13시,금요일,인천광역시 중구 신흥동3가,경상사고,0,0,1,0,차대차 - 측면충돌,교차로운행방법위반,건조,맑음,교차로 - 교차로부근,승용,남,69세,상해없음,자전거,남,26세,경상
2021012200100231,2021년 1월 22일 14시,금요일,인천광역시 부평구 부평동,경상사고,0,0,2,0,차대차 - 추돌,안전운전불이행,건조,맑음,교차로 - 교차로안,승용,남,60세,상해없음,화물,남,50세,경상
2021012200100232,2021년 1월 22일 14시,금요일,인천광역시 남동구 간석동,경상사고,0,0,1,0,차대차 - 측면충돌,안전운전불이행,건조,맑음,단일로 - 기타,승용,여,53세,상해없음,화물,남,39세,경상
2021012200100258,2021년 1월 22일 15시,금요일,인천광역시 동구 화수동,경상사고,0,0,1,0,차대차 - 측면충돌,안전운전불이행,건조,맑음,교차로 - 교차로부근,승용,남,22세,상해없음,승용,남,53세,경상
2021012200100292,2021년 1월 22일 16시,금요일,인천광역시 미추홀구 용현동,경상사고,0,0,1,0,차대차 - 측면충돌,중앙선침범,건조,맑음,단일로 - 기타,승합,남,35세,상해없음,승용,여,30세,경상
2021012200100293,2021년 1월 22일 16시,금요일,인천광역시 서구 금곡동,중상사고,0,1,1,0,차대차 - 추돌,안전운전불이행,건조,맑음,단일로 - 기타,화물,남,41세,상해없음,승용,남,58세,중상
2021012200100338,2021년 1월 22일 17시,금요일,인천광역시 계양구 작전동,중상사고,0,1,0,0,차대사람 - 횡단중,보행자보호의무위반,건조,맑음,교차로 - 교차로횡단보도내,승합,남,45세,상해없음,보행자,여,77세,중상
2021012200100339,2021년 1월 22일 17시,금요일,인천광역시 계양구 계산동,경상사고,0,0,1,0,차대차 - 정면충돌,안전거리미확보,건조,맑음,단일로 - 기타,승용,여,58세,상해없음,승용,남,23세,경상
2021012200100407,2021년 1월 22일 18시,금요일,인천광역시 남동구 구월동,경상사고,0,0,1,0,차대차 - 후진중충돌,안전운전불이행,건조,맑음,단일로 - 기타,승용,여,46세,상해없음,승용,여,55세,경상
2021012200100513,2021년 1월 22일 20시,금요일,인천광역시 미추홀구 주안동,경상사고,0,0,1,0,차대차 - 기타,안전운전불이행,건조,맑음,단일로 - 기타,승용,남,34세,상해없음,이륜,남,37세,경상
2021012200100553,2021년 1월 22일 21시,금요일,인천광역시 서구 청라동,경상사고,0,0,1,0,차대차 - 추돌,안전운전불이행,건조,맑음,단일로 - 기타,승용,남,49세,상해없음,승용,남,62세,경상
2021012200100554,2021년 1월 22일 21시,금요일,인천광역시 서구 연희동,경상사고,0,0,1,0,차대차 - 정면충돌,안전운전불이행,건조,맑음,교차로 - 교차로안,승용,남,29세,상해없음,승용,남,59세,경상
2021012200100585,2021년 1월 22일 22시,금요일,인천광역시 남동구 간석동,부상신고사고,0,0,0,1,차대사람 - 횡단중,신호위반,건조,맑음,단일로 - 기타,기타불명,기타불명,미분류,기타불명,보행자,남,19세,부상신고
2021012200100602,2021년 1월 22일 23시,금요일,인천광역시 서구 석남동,경상사고,0,0,2,0,차대차 - 추돌,기타,건조,맑음,교차로 - 교차로부근,이륜,남,23세,경상,승용,남,51세,경상
2021012200100603,2021년 1월 22일 23시,금요일,인천광역시 서구 신현동,중상사고,0,1,1,0,차대차 - 추돌,안전운전불이행,건조,맑음,교차로 - 교차로부근,승용,남,47세,상해없음,승용,남,59세,중상
2021012300100016,2021년 1월 23일 01시,토요일,인천광역시 남동구 만수동,경상사고,0,0,1,0,차량단독 - 전도전복 - 전도,안전운전불이행,건조,맑음,단일로 - 기타,승용,남,57세,상해없음,,,,
2021012300100025,2021년 1월 23일 04시,토요일,인천광역시 미추홀구 용현동,경상사고,0,0,1,0,차대차 - 기타,안전운전불이행,건조,맑음,교차로 - 교차로안,이륜,남,52세,경상,승용,남,70세,상해없음
2021012300100027,2021년 1월 23일 05시,토요일,인천광역시 서구 원당동,경상사고,0,0,2,0,차대차 - 측면충돌,신호위반,건조,맑음,교차로 - 교차로안,승용,남,56세,경상,승용,남,71세,경상
2021012300100046,2021년 1월 23일 07시,토요일,인천광역시 미추홀구 주안동,경상사고,0,0,1,1,차대차 - 측면충돌,안전거리미확보,건조,맑음,단일로 - 기타,승용,남,51세,상해없음,승용,남,55세,경상
2021012300100047,2021년 1월 23일 07시,토요일,인천광역시 서구 왕길동,중상사고,0,1,0,0,차대사람 - 횡단중,보행자보호의무위반,건조,맑음,교차로 - 교차로횡단보도내,승용,남,67세,상해없음,보행자,남,76세,중상
2021012300100075,2021년 1월 23일 09시,토요일,인천광역시 중구 북성동1가,중상사고,0,1,0,0,차량단독 - 공작물충돌,안전운전불이행,건조,맑음,단일로 - 기타,승용,남,15세,중상,,,,
2021012300100091,2021년 1월 23일 10시,토요일,인천광역시 남동구 장수동,경상사고,0,0,2,0,차대차 - 추돌,안전운전불이행,건조,맑음,단일로 - 기타,화물,남,60세,상해없음,승용,여,50세,경상
2021012300100159,2021년 1월 23일 12시,토요일,인천광역시 남동구 만수동,경상사고,0,0,1,0,차대차 - 측면충돌,안전운전불이행,건조,맑음,단일로 - 기타,승용,남,42세,상해없음,승용,남,39세,경상
2021012300100160,2021년 1월 23일 12시,토요일,인천광역시 연수구 동춘동,중상사고,0,1,0,0,차대차 - 추돌,안전거리미확보,건조,맑음,단일로 - 기타,승합,남,61세,상해없음,이륜,남,24세,중상
2021012300100186,2021년 1월 23일 13시,토요일,인천광역시 부평구 부평동,경상사고,0,0,1,0,차대사람 - 길가장자리구역통행중,안전운전불이행,건조,맑음,단일로 - 기타,승용,남,72세,상해없음,보행자,남,48세,경상