사고번호,사고일시,요일,시군구,사고내용,사망자수,중상자수,경상자수,부상신고자수,사고유형,법규위반,노면상태,기상상태,도로형태,가해운전자 차종,가해운전자 성별,가해운전자 연령,가해운전자 상해정도,피해운전자 차종,피해운전자 성별,피해운전자 연령,피해운전자 상해정도
2021020900100061,2021년 2월 9일 07시,화요일,인천광역시 부평구 부평동,중상사고,0,1,0,0,차대차 - 측면충돌,신호위반,건조,맑음,교차로 - 교차로안,승용,남,27세,상해없음,이륜,남,45세,중상
2021020900100090,2021년 2월 9일 08시,화요일,인천광역시 연수구 송도동,경상사고,0,0,1,0,차대사람 - 횡단중,보행자보호의무위반,건조,맑음,교차로 - 교차로횡단보도내,승용,남,41세,상해없음,보행자,여,27세,경상
2021020900100091,2021년 2월 9일 08시,화요일,인천광역시 부평구 부평동,경상사고,0,0,1,0,차대차 - 추돌,안전운전불이행,건조,맑음,교차로 - 교차로안,승용,남,27세,상해없음,승용,남,65세,경상
2021020900100119,2021년 2월 9일 09시,화요일,인천광역시 서구 청라동,경상사고,0,0,1,0,차대차 - 측면충돌,안전운전불이행,건조,맑음,교차로 - 교차로안,특수,남,43세,상해없음,화물,남,21세,경상
2021020900100169,2021년 2월 9일 10시,화요일,인천광역시 동구 송림동,중상사고,0,1,0,0,차대차 - 기타,중앙선침범,건조,맑음,단일로 - 기타,승용,남,41세,상해없음,이륜,남,75세,중상
2021020900100170,2021년 2월 9일 10시,화요일,인천광역시 미추홀구 용현동,경상사고,0,0,1,0,차대사람 - 차도통행중,안전운전불이행,건조,맑음,교차로 - 교차로안,승용,남,68세,상해없음,보행자,여,66세,경상
2021020900100171,2021년 2월 9일 10시,화요일,인천광역시 서구 연희동,중상사고,0,1,1,0,차대차 - 측면충돌,안전운전불이행,건조,맑음,단일로 - 기타,자전거,남,53세,중상,화물,남,55세,경상
2021020900100240,2021년 2월 9일 12시,화요일,인천광역시 서구 경서동,경상사고,0,0,1,0,차대차 - 기타,안전운전불이행,건조,맑음,단일로 - 기타,승용,남,48세,상해없음,건설기계,남,49세,경상
2021020900100332,2021년 2월 9일 14시,화요일,인천광역시 동구 송림동,경상사고,0,0,1,0,차대차 - 측면충돌,차로위반,건조,맑음,단일로 - 기타,승용,남,64세,상해없음,승합,남,49세,상해없음
2021020900100333,2021년 2월 9일 14시,화요일,인천광역시 부평구 십정동,경상사고,0,0,1,0,차대차 - 측면충돌,안전운전불이행,건조,맑음,단일로 - 기타,승용,여,26세,상해없음,승용,남,32세,경상
2021020900100334,2021년 2월 9일 14시,화요일,인천광역시 남동구 논현동,경상사고,0,0,1,0,차대차 - 측면충돌,안전운전불이행,건조,맑음,단일로 - 기타,화물,남,52세,상해없음,이륜,남,17세,경상
2021020900100380,2021년 2월 9일 15시,화요일,인천광역시 중구 항동7가,사망사고,1,0,0,0,차대사람 - 횡단중,안전운전불이행,젖음/습기,맑음,기타 - 기타,건설기계,남,30세,상해없음,보행자,남,54세,사망
2021020900100381,2021년 2월 9일 15시,화요일,인천광역시 서구 가정동,경상사고,0,0,1,0,차대차 - 추돌,안전거리미확보,건조,맑음,단일로 - 기타,화물,남,32세,상해없음,특수,남,31세,경상
2021020900100382,2021년 2월 9일 15시,화요일,인천광역시 연수구 선학동,경상사고,0,0,1,0,차대차 - 측면충돌,안전거리미확보,건조,맑음,단일로 - 기타,승용,남,27세,상해없음,승용,남,64세,경상
2021020900100469,2021년 2월 9일 17시,화요일,인천광역시 동구 화평동,중상사고,0,1,0,0,차대사람 - 기타,안전운전불이행,건조,맑음,교차로 - 교차로부근,이륜,남,64세,상해없음,보행자,여,63세,중상
2021020900100470,2021년 2월 9일 17시,화요일,인천광역시 부평구 십정동,경상사고,0,0,1,0,차대사람 - 횡단중,안전운전불이행,건조,맑음,단일로 - 기타,승용,여,64세,상해없음,보행자,여,52세,경상
2021020900100471,2021년 2월 9일 17시,화요일,인천광역시 남동구 구월동,경상사고,0,0,1,0,차대차 - 기타,안전거리미확보,건조,맑음,단일로 - 기타,기타불명,기타불명,미분류,기타불명,이륜,남,17세,기타불명
2021020900100472,2021년 2월 9일 17시,화요일,인천광역시 계양구 서운동,중상사고,0,1,0,0,차대차 - 추돌,신호위반,건조,맑음,교차로 - 교차로안,이륜,남,63세,중상,승용,남,51세,상해없음
2021020900100473,2021년 2월 9일 17시,화요일,인천광역시 남동구 만수동,경상사고,0,0,1,0,차대차 - 측면충돌,교차로운행방법위반,건조,맑음,교차로 - 교차로안,승용,남,62세,상해없음,이륜,남,20세,경상
2021020900100521,2021년 2월 9일 18시,화요일,인천광역시 부평구 부평동,경상사고,0,0,1,0,차대차 - 후진중충돌,안전운전불이행,건조,맑음,단일로 - 기타,승용,남,41세,상해없음,승용,여,28세,경상
2021020900100522,2021년 2월 9일 18시,화요일,인천광역시 서구 가좌동,경상사고,0,0,1,0,차대사람 - 기타,안전운전불이행,건조,맑음,단일로 - 기타,승용,여,54세,상해없음,보행자,남,25세,경상
2021020900100523,2021년 2월 9일 18시,화요일,인천광역시 서구 가좌동,경상사고,0,0,1,0,차대차 - 측면충돌,안전운전불이행,건조,맑음,교차로 - 교차로안,화물,남,55세,상해없음,이륜,남,54세,경상
2021020900100524,2021년 2월 9일 18시,화요일,인천광역시 연수구 송도동,경상사고,0,0,1,0,차대차 - 정면충돌,안전거리미확보,건조,맑음,교차로 - 교차로부근,승용,남,32세,상해없음,승용,여,34세,경상
2021020900100578,2021년 2월 9일 19시,화요일,인천광역시 미추홀구 주안동,경상사고,0,0,2,0,차대차 - 추돌,안전운전불이행,건조,맑음,단일로 - 기타,승용,여,26세,상해없음,승용,남,59세,경상
2021020900100579,2021년 2월 9일 19시,화요일,인천광역시 부평구 부평동,부상신고사고,0,0,0,1,차대사람 - 기타,안전운전불이행,건조,맑음,교차로 - 교차로부근,화물,남,42세,상해없음,보행자,여,32세,부상신고
2021020900100628,2021년 2월 9일 20시,화요일,인천광역시 중구 신흥동1가,중상사고,0,1,0,0,차대차 - 측면충돌,신호위반,건조,맑음,교차로 - 교차로안,승용,남,61세,상해없음,이륜,남,33세,중상
2021020900100629,2021년 2월 9일 20시,화요일,인천광역시 미추홀구 학익동,경상사고,0,0,1,0,차대사람 - 횡단중,보행자보호의무위반,건조,맑음,교차로 - 교차로부근,이륜,남,58세,상해없음,보행자,남,75세,경상
2021020900100630,2021년 2월 9일 20시,화요일,인천광역시 미추홀구 도화동,경상사고,0,0,1,0,차대차 - 측면충돌,안전운전불이행,건조,맑음,교차로 - 교차로부근,승용,남,21세,상해없음,승용,남,49세,경상
2021020900100631,2021년 2월 9일 20시,화요일,인천광역시 서구 왕길동,경상사고,0,0,1,0,차대차 - 추돌,안전운전불이행,건조,맑음,단일로 - 기타,승용,남,32세,상해없음,승용,여,49세,경상
2021020900100632,2021년 2월 9일 20시,화요일,인천광역시 부평구 부평동,경상사고,0,0,1,0,차대차 - 기타,중앙선침범,건조,기타,단일로 - 기타,자전거,남,12세,상해없음,이륜,남,57세,경상
2021020900100633,2021년 2월 9일 20시,화요일,인천광역시 남동구 만수동,경상사고,0,0,1,0,차대차 - 후진중충돌,안전운전불이행,건조,맑음,단일로 - 기타,승용,여,66세,상해없음,승용,남,25세,경상
2021020900100676,2021년 2월 9일 21시,화요일,인천광역시 부평구 부평동,경상사고,0,0,3,0,차대차 - 추돌,안전거리미확보,건조,맑음,교차로 - 교차로부근,승용,남,46세,상해없음,승용,여,53세,경상
2021020900100677,2021년 2월 9일 21시,화요일,인천광역시 남동구 간석동,경상사고,0,0,1,0,차대차 - 정면충돌,중앙선침범,젖음/습기,맑음,단일로 - 고가도로위,화물,남,35세,상해없음,승용,남,34세,경상
2021020900100678,2021년 2월 9일 21시,화요일,인천광역시 서구 불로동,경상사고,0,0,1,0,차대차 - 추돌,안전운전불이행,건조,맑음,단일로 - 기타,승용,남,54세,상해없음,승용,여,61세,경상
2021020900100679,2021년 2월 9일 21시,화요일,인천광역시 연수구 송도동,경상사고,0,0,2,0,차대차 - 추돌,기타,건조,맑음,교차로 - 교차로부근,승용,남,37세,상해없음,승용,남,46세,경상
2021020900100680,2021년 2월 9일 21시,화요일,인천광역시 부평구 갈산동,경상사고,0,0,2,0,차대차 - 추돌,안전운전불이행,건조,기타,단일로 - 기타,승용,여,50세,기타불명,승용,남,45세,경상
2021020900100720,2021년 2월 9일 22시,화요일,인천광역시 남동구 간석동,경상사고,0,0,1,0,차대차 - 추돌,안전운전불이행,건조,맑음,단일로 - 기타,승용,남,39세,상해없음,승용,남,23세,경상
2021020900100721,2021년 2월 9일 22시,화요일,인천광역시 서구 금곡동,사망사고,1,0,0,0,차량단독 - 공작물충돌,안전운전불이행,건조,맑음,단일로 - 기타,승용,남,31세,사망,,,,
2021020900100737,2021년 2월 9일 23시,화요일,인천광역시 부평구 산곡동,부상신고사고,0,0,0,1,차량단독 - 전도전복 - 전도,안전운전불이행,건조,맑음,교차로 - 교차로안,이륜,남,46세,부상신고,,,,
2021021000100024,2021년 2월 10일 02시,수요일,인천광역시 남동구 논현동,경상사고,0,0,1,0,차대차 - 추돌,안전운전불이행,건조,맑음,단일로 - 기타,승용,남,33세,상해없음,화물,남,36세,경상
2021021000100106,2021년 2월 10일 08시,수요일,인천광역시 부평구 삼산동,경상사고,0,0,1,0,차대차 - 기타,안전운전불이행,건조,맑음,단일로 - 기타,승용,남,28세,상해없음,승용,남,27세,경상
2021021000100130,2021년 2월 10일 09시,수요일,인천광역시 서구 연희동,경상사고,0,0,2,0,차대차 - 측면충돌,안전운전불이행,건조,맑음,단일로 - 기타,승용,남,60세,경상,승용,남,27세,경상
2021021000100164,2021년 2월 10일 10시,수요일,인천광역시 부평구 청천동,경상사고,0,0,1,0,차대차 - 측면충돌,안전운전불이행,건조,맑음,교차로 - 교차로부근,승용,여,24세,상해없음,승용,남,27세,경상
2021021000100329,2021년 2월 10일 14시,수요일,인천광역시 미추홀구 숭의동,경상사고,0,0,1,0,차대차 - 후진중충돌,안전운전불이행,건조,맑음,단일로 - 기타,승용,남,77세,상해없음,승용,남,66세,경상
2021021000100413,2021년 2월 10일 16시,수요일,인천광역시 남동구 구월동,경상사고,0,0,1,0,차대차 - 추돌,안전거리미확보,젖음/습기,맑음,교차로 - 교차로부근,승용,남,55세,상해없음,승용,남,49세,경상
2021021000100414,2021년 2월 10일 16시,수요일,인천광역시 계양구 이화동,경상사고,0,0,1,2,차대차 - 측면충돌,안전운전불이행,건조,맑음,단일로 - 기타,승용,남,62세,상해없음,승용,여,37세,경상
2021021000100463,2021년 2월 10일 17시,수요일,인천광역시 서구 가좌동,경상사고,0,0,1,0,차대차 - 측면충돌,안전운전불이행,건조,맑음,단일로 - 기타,승용,남,59세,상해없음,승용,남,32세,경상
2021021000100522,2021년 2월 10일 18시,수요일,인천광역시 서구 석남동,경상사고,0,0,1,0,차대차 - 측면충돌,안전거리미확보,건조,맑음,교차로 - 교차로안,승용,여,33세,상해없음,승용,남,60세,경상
2021021000100523,2021년 2월 10일 18시,수요일,인천광역시 연수구 송도동,경상사고,0,0,1,0,차대차 - 기타,교차로운행방법위반,건조,맑음,교차로 - 교차로안,승용,여,35세,상해없음,이륜,남,35세,경상
2021021000100597,2021년 2월 10일 19시,수요일,인천광역시 연수구 연수동,경상사고,0,0,1,0,차대차 - 측면충돌,안전운전불이행,건조,맑음,단일로 - 기타,승용,남,51세,상해없음,승용,여,33세,경상
2021021000100651,2021년 2월 10일 20시,수요일,인천광역시 남동구 간석동,경상사고,0,0,1,0,차대사람 - 기타,안전운전불이행,건조,맑음,단일로 - 기타,승용,남,40세,상해없음,보행자,여,55세,경상
2021021000100652,2021년 2월 10일 20시,수요일,인천광역시 서구 가좌동,경상사고,0,0,1,0,차대사람 - 횡단중,안전운전불이행,건조,맑음,교차로 - 교차로안,승용,여,46세,상해없음,보행자,남,47세,경상
2021021000100703,2021년 2월 10일 21시,수요일,인천광역시 서구 마전동,경상사고,0,0,1,0,차대사람 - 기타,안전운전불이행,건조,맑음,기타 - 기타,승용,남,52세,상해없음,보행자,여,28세,경상
2021021000100732,2021년 2월 10일 22시,수요일,인천광역시 중구 신흥동3가,경상사고,0,0,3,0,차대차 - 측면충돌,안전운전불이행,건조,맑음,기타 - 기타,승용,남,29세,상해없음,승용,여,40세,경상
2021021000100733,2021년 2월 10일 22시,수요일,인천광역시 계양구 효성동,경상사고,0,0,1,0,차대차 - 측면충돌,신호위반,건조,맑음,교차로 - 교차로안,승용,남,54세,상해없음,승용,남,53세,경상
2021021000100754,2021년 2월 10일 23시,수요일,인천광역시 강화군 강화읍,중상사고,0,1,0,3,차량단독 - 공작물충돌,안전운전불이행,젖음/습기,흐림,단일로 - 지하차도(도로)내,승용,남,17세,상해없음,,,,
2021021100100050,2021년 2월 11일 06시,목요일,인천광역시 미추홀구 주안동,경상사고,0,0,1,0,차대차 - 측면충돌,신호위반,건조,맑음,교차로 - 교차로안,승용,남,73세,상해없음,승용,남,72세,경상
2021021100100120,2021년 2월 11일 12시,목요일,인천광역시 미추홀구 도화동,경상사고,0,0,2,0,차대차 - 측면충돌,신호위반,건조,맑음,단일로 - 기타,이륜,남,34세,경상,승용,남,42세,경상
2021021100100146,2021년 2월 11일 13시,목요일,인천광역시 중구 송월동2가,경상사고,0,0,1,0,차대차 - 추돌,안전운전불이행,건조,맑음,단일로 - 기타,승용,남,61세,상해없음,승용,남,51세,경상
2021021100100147,2021년 2월 11일 13시,목요일,인천광역시 미추홀구 주안동,경상사고,0,0,2,0,차대차 - 측면충돌,안전운전불이행,건조,맑음,교차로 - 교차로안,승용,여,37세,기타불명,승용,남,33세,경상
2021021100100170,2021년 2월 11일 14시,목요일,인천광역시 중구 송월동2가,경상사고,0,0,3,0,차대차 - 측면충돌,안전거리미확보,건조,맑음,교차로 - 교차로안,승용,여,29세,상해없음,승용,남,51세,경상
2021021100100171,2021년 2월 11일 14시,목요일,인천광역시 남동구 구월동,경상사고,0,0,2,0,차대차 - 측면충돌,안전운전불이행,건조,맑음,교차로 - 교차로부근,화물,남,42세,상해없음,승용,남,44세,경상
2021021100100211,2021년 2월 11일 16시,목요일,인천광역시 부평구 부평동,경상사고,0,0,3,0,차대차 - 추돌,안전운전불이행,건조,맑음,교차로 - 교차로부근,승용,남,60세,상해없음,승용,남,37세,경상
2021021100100212,2021년 2월 11일 16시,목요일,인천광역시 서구 가좌동,경상사고,0,0,2,0,차대차 - 측면충돌,중앙선침범,건조,맑음,단일로 - 지하차도(도로)내,승합,남,64세,상해없음,승용,남,26세,경상
2021021100100230,2021년 2월 11일 17시,목요일,인천광역시 계양구 계산동,경상사고,0,0,1,0,차대사람 - 기타,안전운전불이행,건조,맑음,단일로 - 기타,승용,남,54세,상해없음,보행자,여,21세,경상
2021021100100252,2021년 2월 11일 18시,목요일,인천광역시 미추홀구 도화동,부상신고사고,0,0,0,1,차대사람 - 기타,신호위반,건조,맑음,단일로 - 기타,이륜,남,63세,상해없음,보행자,여,57세,부상신고
2021021100100253,2021년 2월 11일 18시,목요일,인천광역시 부평구 부평동,중상사고,0,1,0,0,차대차 - 기타,안전운전불이행,건조,맑음,교차로 - 교차로부근,승용,남,52세,상해없음,원동기,남,43세,중상
2021021100100278,2021년 2월 11일 19시,목요일,인천광역시 미추홀구 용현동,경상사고,0,0,2,0,차대차 - 측면충돌,안전운전불이행,건조,맑음,단일로 - 기타,승합,남,60세,상해없음,승용,남,66세,경상
2021021100100279,2021년 2월 11일 19시,목요일,인천광역시 남동구 구월동,경상사고,0,0,2,0,차대차 - 추돌,안전운전불이행,건조,맑음,단일로 - 기타,승용,남,26세,상해없음,승용,남,32세,경상
2021021100100280,2021년 2월 11일 19시,목요일,인천광역시 서구 신현동,부상신고사고,0,0,0,1,차대차 - 기타,안전운전불이행,건조,맑음,단일로 - 기타,승용,여,51세,상해없음,이륜,남,25세,부상신고
2021021100100281,2021년 2월 11일 19시,목요일,인천광역시 남동구 도림동,경상사고,0,0,1,0,차대차 - 추돌,신호위반,건조,맑음,단일로 - 고가도로위,이륜,남,54세,상해없음,승용,남,62세,상해없음
2021021100100282,2021년 2월 11일 19시,목요일,인천광역시 부평구 삼산동,경상사고,0,0,1,1,차대차 - 측면충돌,안전운전불이행,건조,맑음,단일로 - 고가도로위,승용,남,62세,기타불명,승용,남,22세,부상신고
2021021100100306,2021년 2월 11일 20시,목요일,인천광역시 계양구 계산동,중상사고,0,1,0,0,차대차 - 측면충돌,안전운전불이행,건조,맑음,교차로 - 교차로부근,이륜,남,43세,중상,승용,남,48세,상해없음
2021021100100307,2021년 2월 11일 20시,목요일,인천광역시 연수구 송도동,경상사고,0,0,1,0,차대사람 - 보도통행중,기타,건조,맑음,단일로 - 기타,이륜,남,43세,상해없음,보행자,여,14세,경상
2021021100100338,2021년 2월 11일 21시,목요일,인천광역시 부평구 청천동,경상사고,0,0,1,0,차대차 - 측면충돌,신호위반,건조,맑음,교차로 - 교차로부근,승용,남,64세,상해없음,승용,남,28세,경상
2021021100100339,2021년 2월 11일 21시,목요일,인천광역시 부평구 부평동,부상신고사고,0,0,0,1,차대사람 - 기타,안전운전불이행,건조,맑음,단일로 - 기타,승용,남,23세,상해없음,보행자,남,22세,부상신고
2021021100100340,2021년 2월 11일 21시,목요일,인천광역시 남동구 장수동,경상사고,0,0,1,0,차대차 - 추돌,안전운전불이행,건조,맑음,단일로 - 터널,승용,남,23세,상해없음,승용,남,50세,경상
2021021100100358,2021년 2월 11일 22시,목요일,인천광역시 부평구 부평동,경상사고,0,0,1,0,차대차 - 추돌,안전운전불이행,건조,맑음,단일로 - 기타,승용,여,43세,상해없음,화물,남,35세,경상
2021021200100004,2021년 2월 12일 00시,금요일,인천광역시 중구 인현동,경상사고,0,0,2,0,차대차 - 측면충돌,신호위반,건조,맑음,교차로 - 교차로안,승용,남,50세,상해없음,승용,여,29세,경상
2021021200100005,2021년 2월 12일 00시,금요일,인천광역시 부평구 일신동,경상사고,0,0,1,0,차대차 - 정면충돌,안전거리미확보,건조,흐림,단일로 - 기타,화물,남,29세,상해없음,승용,남,40세,경상
2021021200100013,2021년 2월 12일 01시,금요일,인천광역시 미추홀구 주안동,경상사고,0,0,2,0,차대차 - 측면충돌,기타,건조,맑음,교차로 - 교차로안,승용,남,37세,상해없음,승용,남,26세,경상
2021021200100017,2021년 2월 12일 02시,금요일,인천광역시 중구 신흥동3가,경상사고,0,0,4,0,차대차 - 추돌,안전운전불이행,건조,맑음,교차로 - 교차로부근,승용,남,28세,상해없음,승용,남,31세,경상
2021021200100024,2021년 2월 12일 06시,금요일,인천광역시 미추홀구 용현동,경상사고,0,0,1,0,차대차 - 측면충돌,신호위반,건조,맑음,교차로 - 교차로안,승용,남,61세,상해없음,승용,남,61세,경상
2021021200100047,2021년 2월 12일 09시,금요일,인천광역시 서구 청라동,경상사고,0,0,2,1,차대차 - 기타,안전운전불이행,건조,맑음,단일로 - 기타,승용,남,53세,상해없음,승용,여,49세,경상
2021021200100069,2021년 2월 12일 11시,금요일,인천광역시 서구 가좌동,경상사고,0,0,2,0,차대차 - 측면충돌,안전운전불이행,건조,맑음,교차로 - 교차로안,승합,남,50세,상해없음,승용,남,39세,경상
2021021200100106,2021년 2월 12일 13시,금요일,인천광역시 연수구 동춘동,중상사고,0,1,1,0,차대차 - 측면충돌,안전거리미확보,건조,맑음,단일로 - 교량,승용,남,42세,상해없음,승용,남,50세,경상
2021021200100164,2021년 2월 12일 16시,금요일,인천광역시 연수구 연수동,경상사고,0,0,1,0,차대사람 - 차도통행중,안전운전불이행,건조,맑음,단일로 - 기타,승용,남,53세,상해없음,보행자,남,16세,경상
2021021200100202,2021년 2월 12일 18시,금요일,인천광역시 부평구 부평동,경상사고,0,0,1,0,차대차 - 측면충돌,신호위반,건조,맑음,교차로 - 교차로안,승용,남,53세,상해없음,승용,남,21세,경상
2021021200100259,2021년 2월 12일 21시,금요일,인천광역시 서구 왕길동,경상사고,0,0,1,0,차대차 - 추돌,기타,건조,맑음,단일로 - 기타,승용,남,25세,상해없음,승용,남,24세,경상
2021021300100006,2021년 2월 13일 00시,토요일,인천광역시 서구 경서동,경상사고,0,0,2,0,차대차 - 추돌,안전운전불이행,건조,맑음,단일로 - 지하차도(도로)내,화물,남,41세,상해없음,승용,여,26세,경상
2021021300100017,2021년 2월 13일 04시,토요일,인천광역시 서구 당하동,경상사고,0,0,2,0,차대차 - 정면충돌,중앙선침범,서리/결빙,맑음,단일로 - 기타,이륜,남,28세,상해없음,승용,남,38세,경상
2021021300100047,2021년 2월 13일 10시,토요일,인천광역시 계양구 효성동,경상사고,0,0,1,0,차대사람 - 기타,기타,건조,맑음,단일로 - 기타,승합,남,32세,상해없음,보행자,여,33세,경상
2021021300100071,2021년 2월 13일 11시,토요일,인천광역시 부평구 부평동,중상사고,0,1,0,0,차대차 - 기타,신호위반,건조,맑음,단일로 - 기타,승용,여,50세,상해없음,이륜,남,52세,중상
2021021300100089,2021년 2월 13일 12시,토요일,인천광역시 남동구 구월동,경상사고,0,0,1,0,차대차 - 측면충돌,안전거리미확보,건조,맑음,단일로 - 기타,이륜,남,26세,상해없음,승용,남,39세,경상
2021021300100147,2021년 2월 13일 14시,토요일,인천광역시 서구 청라동,경상사고,0,0,1,0,차대차 - 측면충돌,신호위반,건조,맑음,교차로 - 교차로안,승용,남,47세,상해없음,승용,여,49세,경상
2021021300100176,2021년 2월 13일 15시,토요일,인천광역시 미추홀구 주안동,경상사고,0,0,1,0,차대차 - 정면충돌,안전운전불이행,건조,맑음,교차로 - 교차로부근,이륜,남,40세,상해없음,승용,여,63세,경상
2021021300100201,2021년 2월 13일 16시,토요일,인천광역시 부평구 산곡동,경상사고,0,0,1,0,차대사람 - 차도통행중,안전운전불이행,건조,맑음,교차로 - 교차로부근,승용,남,40세,상해없음,보행자,남,56세,경상
2021021300100230,2021년 2월 13일 17시,토요일,인천광역시 미추홀구 주안동,경상사고,0,0,1,0,차대차 - 추돌,안전운전불이행,건조,맑음,단일로 - 기타,승용,남,26세,상해없음,승용,남,51세,경상
2021021300100288,2021년 2월 13일 19시,토요일,인천광역시 미추홀구 용현동,경상사고,0,0,1,0,차대사람 - 횡단중,보행자보호의무위반,건조,맑음,교차로 - 교차로부근,승용,남,77세,상해없음,보행자,남,71세,경상
2021021300100289,2021년 2월 13일 19시,토요일,인천광역시 미추홀구 용현동,중상사고,0,1,3,0,차대차 - 추돌,안전운전불이행,건조,맑음,단일로 - 기타,승용,남,60세,상해없음,승용,남,41세,경상
2021021300100290,2021년 2월 13일 19시,토요일,인천광역시 서구 당하동,경상사고,0,0,1,0,차대사람 - 기타,안전운전불이행,건조,맑음,단일로 - 기타,승용,여,56세,상해없음,보행자,남,44세,경상
2021021300100319,2021년 2월 13일 20시,토요일,인천광역시 서구 오류동,경상사고,0,0,1,0,차대차 - 추돌,안전운전불이행,건조,맑음,교차로 - 교차로부근,승용,남,75세,상해없음,승용,여,56세,경상
2021021300100320,2021년 2월 13일 20시,토요일,인천광역시 부평구 부평동,경상사고,0,0,1,0,차대차 - 측면충돌,안전운전불이행,건조,맑음,교차로 - 교차로부근,승용,남,62세,상해없음,이륜,남,40세,경상
2021021300100321,2021년 2월 13일 20시,토요일,인천광역시 남동구 장수동,경상사고,0,0,2,0,차대차 - 추돌,안전운전불이행,건조,맑음,단일로 - 지하차도(도로)내,승용,남,23세,상해없음,승용,여,25세,경상
2021021300100322,2021년 2월 13일 20시,토요일,인천광역시 계양구 귤현동,경상사고,0,0,1,0,차대차 - 측면충돌,안전운전불이행,건조,맑음,단일로 - 기타,승용,여,19세,상해없음,승용,남,38세,경상
2021021300100347,2021년 2월 13일 21시,토요일,인천광역시 동구 송림동,중상사고,0,1,1,0,차대차 - 측면충돌,신호위반,건조,맑음,교차로 - 교차로안,이륜,남,33세,중상,승용,남,56세,경상
2021021300100348,2021년 2월 13일 21시,토요일,인천광역시 미추홀구 주안동,경상사고,0,0,2,0,차대차 - 추돌,안전운전불이행,건조,맑음,단일로 - 기타,승용,남,39세,상해없음,승용,여,29세,경상
2021021300100349,2021년 2월 13일 21시,토요일,인천광역시 서구 청라동,경상사고,0,0,3,1,차대차 - 측면충돌,신호위반,건조,맑음,교차로 - 교차로안,승용,여,59세,경상,승용,남,33세,경상
2021021300100383,2021년 2월 13일 22시,토요일,인천광역시 부평구 산곡동,경상사고,0,0,1,0,차대차 - 측면충돌,안전운전불이행,건조,맑음,교차로 - 교차로부근,원동기,남,18세,경상,승용,여,30세,상해없음
2021021400100005,2021년 2월 14일 00시,일요일,인천광역시 서구 공촌동,경상사고,0,0,1,0,차대차 - 추돌,안전운전불이행,건조,맑음,교차로 - 교차로부근,화물,남,56세,상해없음,화물,남,22세,경상
2021021400100012,2021년 2월 14일 01시,일요일,인천광역시 계양구 오류동,중상사고,0,1,0,0,차대사람 - 기타,안전운전불이행,건조,맑음,교차로 - 교차로부근,승용,남,58세,상해없음,보행자,남,30세,중상
2021021400100014,2021년 2월 14일 02시,일요일,인천광역시 연수구 동춘동,중상사고,0,1,0,0,차량단독 - 전도전복 - 전도,안전운전불이행,건조,맑음,단일로 - 교량,원동기,남,39세,중상,,,,
2021021400100019,2021년 2월 14일 06시,일요일,인천광역시 미추홀구 관교동,경상사고,0,0,1,0,차대차 - 측면충돌,안전운전불이행,건조,맑음,단일로 - 기타,승용,여,53세,상해없음,승용,남,35세,경상
2021021400100024,2021년 2월 14일 07시,일요일,인천광역시 서구 경서동,중상사고,0,1,1,0,차대차 - 기타,신호위반,건조,맑음,교차로 - 교차로안,승용,여,54세,경상,승용,남,46세,중상
2021021400100033,2021년 2월 14일 09시,일요일,인천광역시 서구 당하동,경상사고,0,0,2,0,차대차 - 기타,신호위반,건조,맑음,교차로 - 교차로안,승용,남,21세,상해없음,승용,남,53세,경상
2021021400100043,2021년 2월 14일 10시,일요일,인천광역시 서구 석남동,중상사고,0,1,0,0,차대차 - 정면충돌,신호위반,건조,흐림,교차로 - 교차로안,승용,여,44세,상해없음,이륜,남,40세,중상
2021021400100116,2021년 2월 14일 14시,일요일,인천광역시 부평구 부평동,경상사고,0,0,1,0,차대차 - 측면충돌,안전운전불이행,건조,맑음,교차로 - 교차로안,승용,남,36세,상해없음,승용,남,28세,경상
2021021400100152,2021년 2월 14일 16시,일요일,인천광역시 계양구 계산동,경상사고,0,0,1,0,차대사람 - 횡단중,안전운전불이행,건조,맑음,교차로 - 교차로부근,승합,여,56세,상해없음,보행자,여,53세,경상
2021021400100182,2021년 2월 14일 17시,일요일,인천광역시 남동구 수산동,경상사고,0,0,1,0,차대차 - 측면충돌,안전거리미확보,건조,맑음,교차로 - 교차로부근,기타불명,기타불명,미분류,기타불명,승용,여,47세,경상
2021021400100212,2021년 2월 14일 18시,일요일,인천광역시 미추홀구 도화동,경상사고,0,0,3,0,차대차 - 추돌,안전운전불이행,건조,맑음,단일로 - 기타,승용,남,37세,상해없음,승용,남,48세,경상
2021021400100213,2021년 2월 14일 18시,일요일,인천광역시 계양구 작전동,경상사고,0,0,3,0,차대차 - 측면충돌,안전거리미확보,건조,맑음,단일로 - 기타,승용,남,67세,상해없음,승용,남,26세,경상
2021021400100239,2021년 2월 14일 19시,일요일,인천광역시 부평구 부개동,경상사고,0,0,2,0,차대차 - 측면충돌,차로위반,건조,맑음,교차로 - 교차로안,승용,여,61세,상해없음,승용,남,22세,경상
2021021400100270,2021년 2월 14일 20시,일요일,인천광역시 미추홀구 학익동,경상사고,0,0,4,0,차대차 - 추돌,안전운전불이행,건조,맑음,기타 - 기타,승용,남,48세,상해없음,승용,남,50세,경상