사고번호,사고일시,요일,시군구,사고내용,사망자수,중상자수,경상자수,부상신고자수,사고유형,법규위반,노면상태,기상상태,도로형태,가해운전자 차종,가해운전자 성별,가해운전자 연령,가해운전자 상해정도,피해운전자 차종,피해운전자 성별,피해운전자 연령,피해운전자 상해정도
2021022000100297,2021년 2월 20일 15시,토요일,인천광역시 남동구 논현동,경상사고,0,0,1,0,차대사람 - 횡단중,보행자보호의무위반,건조,맑음,교차로 - 교차로부근,이륜,남,28세,상해없음,보행자,여,15세,경상
2021022000100372,2021년 2월 20일 17시,토요일,인천광역시 계양구 계산동,경상사고,0,0,2,0,차대차 - 추돌,안전거리미확보,건조,맑음,교차로 - 교차로안,승용,남,26세,상해없음,승용,여,40세,경상
2021022000100414,2021년 2월 20일 18시,토요일,인천광역시 계양구 박촌동,경상사고,0,0,3,0,차대차 - 후진중충돌,안전운전불이행,건조,맑음,교차로 - 교차로부근,승용,남,60세,상해없음,승용,여,29세,경상
2021022000100443,2021년 2월 20일 19시,토요일,인천광역시 미추홀구 용현동,경상사고,0,0,2,0,차대차 - 정면충돌,중앙선침범,건조,맑음,단일로 - 기타,승용,남,74세,상해없음,승용,남,38세,경상
2021022000100444,2021년 2월 20일 19시,토요일,인천광역시 계양구 계산동,경상사고,0,0,2,0,차대차 - 측면충돌,안전운전불이행,건조,맑음,단일로 - 기타,승용,남,48세,상해없음,승용,여,43세,경상
2021022000100445,2021년 2월 20일 19시,토요일,인천광역시 부평구 삼산동,경상사고,0,0,1,0,차대차 - 정면충돌,안전운전불이행,건조,맑음,교차로 - 교차로안,승용,남,44세,상해없음,승용,남,65세,경상
2021022000100493,2021년 2월 20일 21시,토요일,인천광역시 서구 석남동,부상신고사고,0,0,0,1,차대사람 - 기타,안전운전불이행,건조,맑음,교차로 - 교차로부근,승용,남,38세,상해없음,보행자,남,58세,부상신고
2021022000100494,2021년 2월 20일 21시,토요일,인천광역시 계양구 계산동,경상사고,0,0,2,0,차대차 - 측면충돌,교차로운행방법위반,건조,맑음,교차로 - 교차로안,승용,남,56세,경상,승용,남,59세,경상
2021022000100527,2021년 2월 20일 22시,토요일,인천광역시 부평구 십정동,경상사고,0,0,2,0,차대차 - 측면충돌,안전거리미확보,건조,맑음,단일로 - 기타,이륜,남,18세,상해없음,이륜,남,30세,경상
2021022100100006,2021년 2월 21일 00시,일요일,인천광역시 서구 검암동,경상사고,0,0,1,0,차대차 - 측면충돌,안전운전불이행,건조,맑음,단일로 - 기타,승용,남,22세,상해없음,승용,여,20세,경상
2021022100100016,2021년 2월 21일 01시,일요일,인천광역시 남동구 간석동,경상사고,0,0,3,0,차대차 - 측면충돌,안전거리미확보,건조,맑음,교차로 - 교차로부근,승용,남,63세,경상,승용,남,44세,경상
2021022100100125,2021년 2월 21일 12시,일요일,인천광역시 서구 석남동,중상사고,0,1,1,0,차대차 - 추돌,안전운전불이행,건조,맑음,기타 - 기타,승용,남,35세,상해없음,승용,여,38세,경상
2021022100100174,2021년 2월 21일 14시,일요일,인천광역시 미추홀구 주안동,경상사고,0,0,1,0,차대차 - 후진중충돌,안전운전불이행,건조,맑음,단일로 - 기타,승용,남,43세,상해없음,이륜,남,45세,경상
2021022100100175,2021년 2월 21일 14시,일요일,인천광역시 강화군 불은면,중상사고,0,1,0,0,차대차 - 측면충돌,교차로운행방법위반,건조,맑음,단일로 - 지하차도(도로)내,승용,남,59세,상해없음,승용,여,58세,중상
2021022100100176,2021년 2월 21일 14시,일요일,인천광역시 남동구 서창동,경상사고,0,0,1,0,차대차 - 측면충돌,교차로운행방법위반,건조,맑음,교차로 - 교차로안,화물,남,62세,상해없음,승용,남,59세,경상
2021022100100215,2021년 2월 21일 15시,일요일,인천광역시 중구 덕교동,경상사고,0,0,4,0,차대차 - 추돌,안전운전불이행,건조,맑음,교차로 - 교차로부근,승용,여,38세,상해없음,승용,남,23세,경상
2021022100100216,2021년 2월 21일 15시,일요일,인천광역시 미추홀구 관교동,경상사고,0,0,4,0,차대차 - 추돌,안전운전불이행,건조,맑음,단일로 - 기타,승용,남,37세,상해없음,승용,여,47세,경상
2021022100100256,2021년 2월 21일 16시,일요일,인천광역시 중구 북성동1가,중상사고,0,1,1,0,차대차 - 추돌,안전운전불이행,건조,맑음,단일로 - 기타,승용,남,60세,기타불명,승용,남,29세,중상
2021022100100257,2021년 2월 21일 16시,일요일,인천광역시 계양구 작전동,경상사고,0,0,1,0,차대차 - 측면충돌,안전운전불이행,건조,맑음,교차로 - 교차로부근,승용,여,40세,기타불명,승용,여,62세,경상
2021022100100287,2021년 2월 21일 17시,일요일,인천광역시 중구 운서동,경상사고,0,0,5,0,차대차 - 측면충돌,중앙선침범,건조,맑음,교차로 - 교차로안,승용,여,31세,상해없음,승용,여,43세,경상
2021022100100288,2021년 2월 21일 17시,일요일,인천광역시 남동구 논현동,경상사고,0,0,1,0,차대차 - 후진중충돌,안전운전불이행,건조,맑음,단일로 - 기타,승용,남,41세,상해없음,승용,남,26세,기타불명
2021022100100315,2021년 2월 21일 18시,일요일,인천광역시 남동구 만수동,경상사고,0,0,3,0,차대차 - 추돌,안전거리미확보,건조,맑음,단일로 - 지하차도(도로)내,승용,남,26세,경상,승용,남,29세,경상
2021022100100375,2021년 2월 21일 21시,일요일,인천광역시 남동구 논현동,중상사고,0,1,0,0,차대차 - 측면충돌,안전운전불이행,건조,맑음,교차로 - 교차로부근,승용,남,44세,상해없음,승용,여,44세,중상
2021022100100391,2021년 2월 21일 22시,일요일,인천광역시 부평구 부평동,경상사고,0,0,3,0,차대차 - 추돌,안전운전불이행,건조,맑음,교차로 - 교차로부근,승용,남,49세,상해없음,승용,남,21세,경상
2021022100100392,2021년 2월 21일 22시,일요일,인천광역시 부평구 삼산동,중상사고,0,2,0,0,차대차 - 측면충돌,교차로운행방법위반,건조,맑음,교차로 - 교차로부근,승합,남,58세,기타불명,승용,남,29세,중상
2021022100100404,2021년 2월 21일 23시,일요일,인천광역시 중구 운남동,사망사고,1,0,0,0,차량단독 - 기타,안전운전불이행,건조,맑음,교차로 - 교차로부근,승용,여,50세,사망,,,,
2021022100100405,2021년 2월 21일 23시,일요일,인천광역시 계양구 효성동,부상신고사고,0,0,0,1,차대차 - 기타,차로위반,건조,맑음,단일로 - 기타,기타불명,기타불명,미분류,기타불명,승용,남,28세,부상신고
2021022200100023,2021년 2월 22일 05시,월요일,인천광역시 계양구 계산동,경상사고,0,0,1,0,차대사람 - 횡단중,안전운전불이행,건조,맑음,단일로 - 기타,화물,남,45세,상해없음,보행자,여,70세,경상
2021022200100053,2021년 2월 22일 07시,월요일,인천광역시 미추홀구 주안동,경상사고,0,0,1,0,차대차 - 정면충돌,안전운전불이행,건조,맑음,교차로 - 교차로안,승용,여,53세,상해없음,승용,남,62세,경상
2021022200100054,2021년 2월 22일 07시,월요일,인천광역시 남동구 장수동,중상사고,0,1,3,1,차대차 - 측면충돌,신호위반,건조,맑음,교차로 - 교차로안,승용,남,63세,기타불명,화물,남,56세,경상
2021022200100055,2021년 2월 22일 07시,월요일,인천광역시 남동구 만수동,부상신고사고,0,0,0,1,차대차 - 측면충돌,교차로운행방법위반,건조,맑음,교차로 - 교차로안,승용,여,54세,부상신고,화물,남,50세,상해없음
2021022200100097,2021년 2월 22일 08시,월요일,인천광역시 남동구 구월동,경상사고,0,0,1,0,차대차 - 측면충돌,안전운전불이행,건조,맑음,단일로 - 기타,자전거,남,24세,경상,승용,남,26세,상해없음
2021022200100098,2021년 2월 22일 08시,월요일,인천광역시 부평구 부개동,경상사고,0,0,1,0,차대차 - 측면충돌,신호위반,건조,맑음,단일로 - 지하차도(도로)내,건설기계,남,36세,상해없음,승합,남,42세,경상
2021022200100099,2021년 2월 22일 08시,월요일,인천광역시 부평구 갈산동,경상사고,0,0,1,0,차대차 - 추돌,안전운전불이행,건조,맑음,교차로 - 교차로안,승용,남,61세,상해없음,이륜,남,36세,경상
2021022200100206,2021년 2월 22일 11시,월요일,인천광역시 강화군 길상면,경상사고,0,0,2,0,차대차 - 추돌,안전운전불이행,건조,맑음,교차로 - 교차로부근,건설기계,남,63세,상해없음,승용,남,61세,경상
2021022200100231,2021년 2월 22일 12시,월요일,인천광역시 서구 심곡동,경상사고,0,0,1,0,차대사람 - 기타,안전운전불이행,건조,맑음,교차로 - 교차로안,승용,남,32세,상해없음,보행자,남,60세,경상
2021022200100232,2021년 2월 22일 12시,월요일,인천광역시 서구 가정동,경상사고,0,0,1,0,차대차 - 추돌,안전운전불이행,건조,맑음,기타 - 기타,승용,남,74세,상해없음,화물,남,57세,경상
2021022200100233,2021년 2월 22일 12시,월요일,인천광역시 남동구 논현동,경상사고,0,0,4,0,차대차 - 측면충돌,안전거리미확보,건조,맑음,단일로 - 교량,특수,남,56세,상해없음,승용,남,51세,경상
2021022200100265,2021년 2월 22일 13시,월요일,인천광역시 미추홀구 주안동,경상사고,0,0,1,0,차대차 - 후진중충돌,안전운전불이행,건조,맑음,교차로 - 교차로안,승용,남,45세,상해없음,이륜,남,40세,경상
2021022200100266,2021년 2월 22일 13시,월요일,인천광역시 서구 왕길동,경상사고,0,0,1,0,차대사람 - 기타,안전운전불이행,건조,맑음,단일로 - 기타,화물,남,53세,상해없음,보행자,남,66세,경상
2021022200100340,2021년 2월 22일 15시,월요일,인천광역시 남동구 간석동,경상사고,0,0,1,0,차대차 - 추돌,안전운전불이행,건조,맑음,교차로 - 교차로부근,승용,남,68세,상해없음,승용,남,60세,경상
2021022200100384,2021년 2월 22일 16시,월요일,인천광역시 부평구 청천동,경상사고,0,0,1,0,차대차 - 측면충돌,안전운전불이행,건조,맑음,단일로 - 기타,승용,남,27세,상해없음,승용,남,33세,경상
2021022200100385,2021년 2월 22일 16시,월요일,인천광역시 서구 불로동,경상사고,0,0,1,0,차량단독 - 기타,안전운전불이행,건조,맑음,단일로 - 기타,승합,남,51세,상해없음,,,,
2021022200100452,2021년 2월 22일 18시,월요일,인천광역시 서구 가좌동,중상사고,0,1,1,0,차대사람 - 기타,보행자보호의무위반,건조,맑음,교차로 - 교차로안,승용,남,43세,경상,보행자,남,70세,중상
2021022200100453,2021년 2월 22일 18시,월요일,인천광역시 강화군 불은면,경상사고,0,0,1,0,차대차 - 측면충돌,안전운전불이행,건조,맑음,교차로 - 교차로안,승용,여,54세,기타불명,화물,남,51세,경상
2021022200100490,2021년 2월 22일 19시,월요일,인천광역시 계양구 계산동,중상사고,0,1,0,0,차대차 - 측면충돌,신호위반,건조,맑음,교차로 - 교차로안,승용,남,64세,상해없음,이륜,남,32세,중상
2021022200100491,2021년 2월 22일 19시,월요일,인천광역시 연수구 옥련동,중상사고,0,1,1,0,차대차 - 측면충돌,안전운전불이행,건조,맑음,교차로 - 교차로안,승용,남,42세,경상,승용,남,47세,중상
2021022200100520,2021년 2월 22일 20시,월요일,인천광역시 미추홀구 주안동,경상사고,0,0,1,0,차대차 - 측면충돌,안전운전불이행,건조,맑음,단일로 - 기타,승용,남,50세,상해없음,승용,남,31세,경상
2021022200100544,2021년 2월 22일 21시,월요일,인천광역시 연수구 송도동,경상사고,0,0,1,0,차대차 - 측면충돌,교차로운행방법위반,건조,맑음,교차로 - 교차로안,승용,남,53세,상해없음,승용,여,28세,경상
2021022200100545,2021년 2월 22일 21시,월요일,인천광역시 계양구 작전동,중상사고,0,1,0,0,차대차 - 측면충돌,안전운전불이행,건조,맑음,단일로 - 기타,승용,남,59세,상해없음,승용,남,40세,중상
2021022200100580,2021년 2월 22일 23시,월요일,인천광역시 계양구 작전동,경상사고,0,0,2,0,차대차 - 추돌,안전운전불이행,건조,맑음,단일로 - 기타,승용,남,54세,상해없음,승용,남,56세,경상
2021022200100581,2021년 2월 22일 23시,월요일,인천광역시 계양구 임학동,경상사고,0,0,1,0,차대사람 - 횡단중,신호위반,건조,맑음,교차로 - 교차로부근,원동기,남,39세,상해없음,보행자,여,29세,경상
2021022300100008,2021년 2월 23일 00시,화요일,인천광역시 미추홀구 도화동,경상사고,0,0,1,0,차대차 - 추돌,안전운전불이행,건조,맑음,단일로 - 기타,승용,남,50세,상해없음,승용,남,61세,경상
2021022300100024,2021년 2월 23일 04시,화요일,인천광역시 부평구 부평동,중상사고,0,1,0,0,차대사람 - 횡단중,안전운전불이행,건조,맑음,단일로 - 기타,화물,남,65세,상해없음,보행자,남,75세,중상
2021022300100094,2021년 2월 23일 08시,화요일,인천광역시 서구 경서동,경상사고,0,0,1,0,차대차 - 측면충돌,안전운전불이행,건조,맑음,단일로 - 기타,건설기계,남,56세,상해없음,승용,남,51세,경상
2021022300100173,2021년 2월 23일 11시,화요일,인천광역시 남동구 구월동,경상사고,0,0,1,0,차대차 - 추돌,안전운전불이행,건조,맑음,교차로 - 교차로안,승용,여,52세,상해없음,원동기,남,36세,경상
2021022300100201,2021년 2월 23일 12시,화요일,인천광역시 동구 송림동,경상사고,0,0,1,0,차대차 - 추돌,차로위반,건조,맑음,교차로 - 교차로부근,승용,남,60세,상해없음,승용,남,43세,상해없음
2021022300100202,2021년 2월 23일 12시,화요일,인천광역시 서구 가좌동,경상사고,0,0,1,0,차대차 - 기타,기타,건조,맑음,교차로 - 교차로안,화물,남,40세,상해없음,승용,여,58세,경상
2021022300100241,2021년 2월 23일 13시,화요일,인천광역시 부평구 부평동,경상사고,0,0,1,0,차대차 - 후진중충돌,안전운전불이행,건조,맑음,단일로 - 기타,승용,남,24세,상해없음,이륜,남,40세,경상
2021022300100276,2021년 2월 23일 14시,화요일,인천광역시 부평구 구산동,경상사고,0,0,1,0,차대차 - 추돌,안전거리미확보,건조,맑음,교차로 - 교차로부근,승용,남,61세,상해없음,승용,남,45세,경상
2021022300100322,2021년 2월 23일 15시,화요일,인천광역시 남동구 서창동,경상사고,0,0,1,0,차대차 - 측면충돌,안전거리미확보,건조,맑음,단일로 - 지하차도(도로)내,승용,여,23세,상해없음,승용,여,60세,경상
2021022300100354,2021년 2월 23일 16시,화요일,인천광역시 미추홀구 용현동,경상사고,0,0,1,0,차대차 - 측면충돌,기타,건조,맑음,단일로 - 기타,승용,남,22세,기타불명,승용,여,36세,경상
2021022300100355,2021년 2월 23일 16시,화요일,인천광역시 남동구 만수동,경상사고,0,0,1,0,차대차 - 추돌,안전운전불이행,건조,맑음,교차로 - 교차로부근,승용,남,59세,상해없음,승용,남,39세,경상
2021022300100356,2021년 2월 23일 16시,화요일,인천광역시 계양구 계산동,중상사고,0,1,0,0,차대사람 - 횡단중,교차로운행방법위반,건조,맑음,교차로 - 교차로안,승용,여,28세,상해없음,보행자,남,59세,중상
2021022300100404,2021년 2월 23일 17시,화요일,인천광역시 중구 신흥동3가,경상사고,0,0,1,0,차대차 - 측면충돌,안전거리미확보,건조,맑음,교차로 - 교차로부근,승용,남,64세,상해없음,승용,여,65세,경상
2021022300100431,2021년 2월 23일 18시,화요일,인천광역시 미추홀구 용현동,경상사고,0,0,1,0,차대차 - 정면충돌,중앙선침범,건조,맑음,단일로 - 기타,승용,남,27세,상해없음,승용,남,38세,경상
2021022300100432,2021년 2월 23일 18시,화요일,인천광역시 계양구 계산동,경상사고,0,0,1,0,차량단독 - 기타,안전운전불이행,건조,맑음,단일로 - 기타,승합,남,57세,상해없음,,,,
2021022300100433,2021년 2월 23일 18시,화요일,인천광역시 부평구 구산동,경상사고,0,0,2,0,차대차 - 측면충돌,안전운전불이행,건조,맑음,단일로 - 기타,승용,남,66세,상해없음,이륜,남,29세,경상
2021022300100473,2021년 2월 23일 19시,화요일,인천광역시 서구 청라동,경상사고,0,0,2,0,차대차 - 추돌,중앙선침범,건조,맑음,단일로 - 기타,이륜,남,44세,경상,승합,남,51세,경상
2021022300100474,2021년 2월 23일 19시,화요일,인천광역시 남동구 고잔동,부상신고사고,0,0,0,1,차대차 - 측면충돌,교차로운행방법위반,건조,맑음,단일로 - 교량,자전거,남,56세,부상신고,승용,남,47세,상해없음
2021022300100475,2021년 2월 23일 19시,화요일,인천광역시 남동구 고잔동,중상사고,0,1,0,0,차대사람 - 기타,안전운전불이행,건조,맑음,단일로 - 교량,승용,남,56세,상해없음,보행자,남,56세,중상
2021022300100504,2021년 2월 23일 20시,화요일,인천광역시 남동구 만수동,경상사고,0,0,1,0,차대사람 - 차도통행중,안전운전불이행,건조,흐림,교차로 - 교차로안,승용,여,48세,상해없음,보행자,남,59세,경상
2021022300100524,2021년 2월 23일 21시,화요일,인천광역시 연수구 송도동,경상사고,0,0,1,0,차대차 - 추돌,안전운전불이행,건조,맑음,교차로 - 교차로부근,승용,여,29세,상해없음,승용,남,39세,경상
2021022300100551,2021년 2월 23일 22시,화요일,인천광역시 서구 가정동,경상사고,0,0,3,0,차대차 - 측면충돌,신호위반,건조,맑음,교차로 - 교차로부근,이륜,남,19세,경상,승용,여,27세,경상
2021022300100552,2021년 2월 23일 22시,화요일,인천광역시 계양구 계산동,부상신고사고,0,0,0,1,차대사람 - 길가장자리구역통행중,안전운전불이행,건조,맑음,단일로 - 기타,승용,남,56세,상해없음,보행자,남,55세,부상신고
2021022400100014,2021년 2월 24일 03시,수요일,인천광역시 서구 석남동,경상사고,0,0,1,0,차대차 - 후진중충돌,안전운전불이행,건조,맑음,단일로 - 기타,승용,남,36세,상해없음,화물,남,50세,경상
2021022400100049,2021년 2월 24일 07시,수요일,인천광역시 계양구 병방동,경상사고,0,0,1,0,차대차 - 추돌,안전운전불이행,건조,맑음,교차로 - 교차로부근,승용,남,34세,상해없음,승용,여,38세,경상
2021022400100103,2021년 2월 24일 09시,수요일,인천광역시 중구 운서동,경상사고,0,0,2,0,차대차 - 측면충돌,기타,건조,맑음,교차로 - 교차로안,승용,남,34세,경상,승용,여,22세,경상
2021022400100175,2021년 2월 24일 12시,수요일,인천광역시 서구 원창동,경상사고,0,0,1,0,차대차 - 측면충돌,안전운전불이행,건조,맑음,단일로 - 기타,건설기계,남,53세,상해없음,승용,남,26세,경상
2021022400100282,2021년 2월 24일 15시,수요일,인천광역시 부평구 부평동,중상사고,0,1,0,0,차대차 - 측면충돌,안전운전불이행,건조,맑음,교차로 - 교차로안,승용,남,57세,상해없음,이륜,남,58세,중상
2021022400100383,2021년 2월 24일 18시,수요일,인천광역시 부평구 부평동,중상사고,0,1,0,0,차대차 - 측면충돌,신호위반,건조,맑음,교차로 - 교차로안,자전거,여,72세,중상,화물,남,40세,상해없음
2021022400100384,2021년 2월 24일 18시,수요일,인천광역시 남동구 간석동,중상사고,0,1,0,0,차대사람 - 횡단중,안전운전불이행,건조,맑음,단일로 - 기타,승용,남,52세,상해없음,보행자,남,32세,중상
2021022400100385,2021년 2월 24일 18시,수요일,인천광역시 부평구 부개동,경상사고,0,0,1,0,차대차 - 측면충돌,안전거리미확보,건조,맑음,단일로 - 기타,승용,남,40세,상해없음,승용,여,31세,경상
2021022400100452,2021년 2월 24일 20시,수요일,인천광역시 부평구 십정동,경상사고,0,0,1,0,차대차 - 측면충돌,기타,건조,맑음,단일로 - 기타,승용,남,58세,상해없음,이륜,남,31세,경상
2021022400100453,2021년 2월 24일 20시,수요일,인천광역시 남동구 구월동,경상사고,0,0,1,0,차대차 - 추돌,안전운전불이행,건조,맑음,교차로 - 교차로부근,승용,여,60세,상해없음,이륜,남,51세,경상
2021022400100454,2021년 2월 24일 20시,수요일,인천광역시 서구 석남동,중상사고,0,1,0,0,차대사람 - 횡단중,안전운전불이행,건조,맑음,교차로 - 교차로안,승합,남,34세,상해없음,보행자,여,55세,중상
2021022400100474,2021년 2월 24일 21시,수요일,인천광역시 남동구 고잔동,경상사고,0,0,2,0,차대차 - 추돌,안전운전불이행,건조,맑음,교차로 - 교차로부근,승용,남,41세,상해없음,승용,여,39세,경상
2021022400100508,2021년 2월 24일 22시,수요일,인천광역시 부평구 부평동,부상신고사고,0,0,0,1,차대사람 - 길가장자리구역통행중,안전운전불이행,건조,맑음,단일로 - 기타,승용,남,21세,기타불명,보행자,남,29세,부상신고
2021022500100011,2021년 2월 25일 00시,목요일,인천광역시 남동구 구월동,경상사고,0,0,1,0,차대차 - 추돌,안전운전불이행,건조,맑음,교차로 - 교차로부근,승용,여,30세,상해없음,승용,남,76세,경상
2021022500100012,2021년 2월 25일 00시,목요일,인천광역시 서구 왕길동,경상사고,0,0,1,0,차대차 - 추돌,안전거리미확보,건조,맑음,단일로 - 기타,승용,남,19세,상해없음,승용,남,18세,경상
2021022500100019,2021년 2월 25일 01시,목요일,인천광역시 부평구 십정동,경상사고,0,0,1,0,차대차 - 측면충돌,안전운전불이행,건조,맑음,단일로 - 기타,승용,남,42세,상해없음,승용,남,33세,경상
2021022500100020,2021년 2월 25일 01시,목요일,인천광역시 계양구 작전동,경상사고,0,0,1,0,차대차 - 측면충돌,신호위반,건조,맑음,교차로 - 교차로부근,승용,남,64세,상해없음,이륜,남,22세,경상
2021022500100036,2021년 2월 25일 04시,목요일,인천광역시 미추홀구 주안동,사망사고,1,0,0,0,차대차 - 측면충돌,중앙선침범,건조,맑음,단일로 - 기타,원동기,남,83세,사망,승용,남,35세,상해없음
2021022500100074,2021년 2월 25일 07시,목요일,인천광역시 남동구 고잔동,경상사고,0,0,1,0,차대차 - 추돌,안전운전불이행,건조,맑음,교차로 - 교차로부근,승용,남,72세,상해없음,승용,남,31세,경상
2021022500100099,2021년 2월 25일 08시,목요일,인천광역시 강화군 선원면,중상사고,0,1,0,0,차대차 - 측면충돌,중앙선침범,건조,맑음,단일로 - 지하차도(도로)내,승용,여,56세,상해없음,화물,남,47세,중상
2021022500100125,2021년 2월 25일 10시,목요일,인천광역시 남동구 논현동,경상사고,0,0,2,0,차대차 - 측면충돌,신호위반,건조,맑음,교차로 - 교차로안,승용,여,60세,상해없음,승용,여,47세,경상
2021022500100143,2021년 2월 25일 11시,목요일,인천광역시 미추홀구 학익동,중상사고,0,1,0,0,차대차 - 추돌,안전운전불이행,건조,맑음,교차로 - 교차로부근,승용,남,56세,상해없음,승용,남,63세,중상
2021022500100161,2021년 2월 25일 12시,목요일,인천광역시 중구 항동1가,경상사고,0,0,1,0,차대차 - 기타,기타,건조,맑음,단일로 - 기타,승용,남,34세,상해없음,특수,남,60세,경상
2021022500100197,2021년 2월 25일 13시,목요일,인천광역시 부평구 일신동,경상사고,0,0,1,0,차대사람 - 길가장자리구역통행중,안전운전불이행,건조,맑음,교차로 - 교차로부근,승용,여,38세,상해없음,보행자,남,67세,경상
2021022500100198,2021년 2월 25일 13시,목요일,인천광역시 부평구 삼산동,중상사고,0,1,0,0,차대차 - 추돌,안전운전불이행,건조,맑음,기타 - 기타,화물,남,64세,상해없음,승용,여,54세,중상
2021022500100232,2021년 2월 25일 14시,목요일,인천광역시 연수구 송도동,경상사고,0,0,1,1,차대차 - 측면충돌,교차로운행방법위반,건조,맑음,교차로 - 교차로안,승용,남,28세,부상신고,승용,여,47세,경상
2021022500100233,2021년 2월 25일 14시,목요일,인천광역시 서구 원창동,경상사고,0,0,1,0,차대차 - 측면충돌,안전운전불이행,건조,맑음,단일로 - 터널,건설기계,남,68세,상해없음,승용,남,56세,경상
2021022500100291,2021년 2월 25일 16시,목요일,인천광역시 남동구 간석동,중상사고,0,1,1,1,차대차 - 측면충돌,안전거리미확보,건조,맑음,교차로 - 교차로부근,승용,남,68세,부상신고,화물,남,57세,경상
2021022500100330,2021년 2월 25일 17시,목요일,인천광역시 중구 신흥동3가,경상사고,0,0,1,0,차대차 - 측면충돌,교차로운행방법위반,건조,맑음,교차로 - 교차로안,승용,남,64세,상해없음,화물,남,39세,경상
2021022500100331,2021년 2월 25일 17시,목요일,인천광역시 남동구 고잔동,경상사고,0,0,5,0,차대차 - 측면충돌,안전운전불이행,건조,흐림,단일로 - 교량,승용,남,47세,상해없음,승용,여,24세,경상
2021022500100378,2021년 2월 25일 18시,목요일,인천광역시 미추홀구 주안동,중상사고,0,1,0,0,차대사람 - 횡단중,보행자보호의무위반,건조,맑음,교차로 - 교차로안,화물,남,65세,상해없음,보행자,여,61세,중상
2021022500100379,2021년 2월 25일 18시,목요일,인천광역시 미추홀구 도화동,부상신고사고,0,0,0,1,차대차 - 기타,신호위반,건조,맑음,교차로 - 교차로안,기타불명,기타불명,미분류,기타불명,이륜,남,29세,부상신고
2021022500100380,2021년 2월 25일 18시,목요일,인천광역시 서구 가좌동,경상사고,0,0,2,0,차대차 - 기타,안전운전불이행,건조,맑음,단일로 - 기타,승용,남,29세,상해없음,승용,남,57세,경상
2021022500100381,2021년 2월 25일 18시,목요일,인천광역시 부평구 삼산동,부상신고사고,0,0,0,1,차대사람 - 횡단중,안전운전불이행,건조,맑음,교차로 - 교차로횡단보도내,기타불명,기타불명,미분류,기타불명,보행자,여,74세,부상신고
2021022500100382,2021년 2월 25일 18시,목요일,인천광역시 남동구 고잔동,경상사고,0,0,1,0,차대차 - 측면충돌,안전거리미확보,건조,맑음,단일로 - 기타,특수,남,43세,상해없음,승용,남,33세,경상
2021022500100423,2021년 2월 25일 19시,목요일,인천광역시 중구 신흥동2가,경상사고,0,0,2,0,차대차 - 측면충돌,안전거리미확보,건조,맑음,교차로 - 교차로부근,승용,여,46세,상해없음,승합,남,37세,경상
2021022500100424,2021년 2월 25일 19시,목요일,인천광역시 미추홀구 문학동,경상사고,0,0,1,0,차대차 - 측면충돌,안전거리미확보,건조,맑음,단일로 - 기타,승용,남,22세,상해없음,승용,남,54세,경상
2021022500100425,2021년 2월 25일 19시,목요일,인천광역시 계양구 효성동,경상사고,0,0,3,0,차대차 - 측면충돌,교차로운행방법위반,건조,맑음,교차로 - 교차로부근,승용,남,65세,상해없음,승용,남,28세,경상
2021022500100426,2021년 2월 25일 19시,목요일,인천광역시 부평구 부평동,경상사고,0,0,2,0,차대차 - 측면충돌,안전운전불이행,건조,맑음,단일로 - 기타,이륜,남,54세,상해없음,승합,남,47세,경상
2021022500100456,2021년 2월 25일 20시,목요일,인천광역시 미추홀구 주안동,경상사고,0,0,1,0,차대사람 - 기타,안전운전불이행,건조,맑음,단일로 - 기타,기타불명,기타불명,미분류,기타불명,보행자,여,65세,경상
2021022500100485,2021년 2월 25일 21시,목요일,인천광역시 미추홀구 관교동,경상사고,0,0,1,0,차대차 - 측면충돌,차로위반,건조,맑음,단일로 - 기타,승용,남,56세,경상,승용,남,36세,상해없음
2021022500100486,2021년 2월 25일 21시,목요일,인천광역시 미추홀구 주안동,경상사고,0,0,1,0,차대차 - 추돌,안전운전불이행,건조,맑음,단일로 - 기타,승용,남,52세,상해없음,승용,여,50세,경상
2021022500100487,2021년 2월 25일 21시,목요일,인천광역시 미추홀구 용현동,경상사고,0,0,1,0,차대차 - 측면충돌,교차로운행방법위반,건조,맑음,교차로 - 교차로안,승용,남,26세,상해없음,승용,남,27세,경상
2021022500100509,2021년 2월 25일 22시,목요일,인천광역시 남동구 운연동,경상사고,0,0,2,0,차대차 - 측면충돌,안전운전불이행,건조,흐림,교차로 - 교차로부근,승용,남,44세,상해없음,승용,남,65세,경상
2021022500100532,2021년 2월 25일 23시,목요일,인천광역시 남동구 구월동,경상사고,0,0,1,0,차대차 - 추돌,안전운전불이행,건조,맑음,교차로 - 교차로부근,승용,남,23세,상해없음,이륜,남,21세,경상
2021022600100011,2021년 2월 26일 00시,금요일,인천광역시 계양구 작전동,경상사고,0,0,1,0,차대차 - 측면충돌,차로위반,건조,맑음,교차로 - 교차로부근,승용,여,55세,상해없음,승용,남,26세,경상