사고번호,사고일시,요일,시군구,사고내용,사망자수,중상자수,경상자수,부상신고자수,사고유형,법규위반,노면상태,기상상태,도로형태,가해운전자 차종,가해운전자 성별,가해운전자 연령,가해운전자 상해정도,피해운전자 차종,피해운전자 성별,피해운전자 연령,피해운전자 상해정도
2021022600100036,2021년 2월 26일 05시,금요일,인천광역시 미추홀구 숭의동,경상사고,0,0,1,0,차대사람 - 횡단중,신호위반,건조,맑음,교차로 - 교차로횡단보도내,승용,남,62세,상해없음,보행자,남,38세,경상
2021022600100037,2021년 2월 26일 05시,금요일,인천광역시 부평구 부평동,경상사고,0,0,1,0,차대차 - 후진중충돌,안전운전불이행,건조,맑음,단일로 - 기타,승용,남,41세,상해없음,승용,남,66세,경상
2021022600100053,2021년 2월 26일 06시,금요일,인천광역시 남동구 논현동,경상사고,0,0,1,0,차대사람 - 횡단중,보행자보호의무위반,건조,맑음,교차로 - 교차로횡단보도내,승용,여,52세,상해없음,보행자,남,37세,경상
2021022600100149,2021년 2월 26일 10시,금요일,인천광역시 서구 가정동,경상사고,0,0,1,0,차대차 - 측면충돌,안전운전불이행,건조,맑음,기타 - 기타,건설기계,남,70세,상해없음,승용,여,53세,경상
2021022600100185,2021년 2월 26일 11시,금요일,인천광역시 부평구 부평동,경상사고,0,0,1,0,차대차 - 추돌,안전운전불이행,건조,맑음,교차로 - 교차로안,승용,여,42세,상해없음,승용,남,30세,경상
2021022600100252,2021년 2월 26일 13시,금요일,인천광역시 서구 당하동,경상사고,0,0,2,0,차대사람 - 횡단중,보행자보호의무위반,건조,맑음,교차로 - 교차로부근,승용,여,40세,상해없음,보행자,남,42세,경상
2021022600100292,2021년 2월 26일 14시,금요일,인천광역시 부평구 부평동,경상사고,0,0,1,0,차대차 - 측면충돌,안전운전불이행,건조,맑음,단일로 - 기타,화물,남,55세,상해없음,승용,남,35세,경상
2021022600100293,2021년 2월 26일 14시,금요일,인천광역시 남동구 장수동,경상사고,0,0,1,0,차대차 - 추돌,안전운전불이행,건조,맑음,교차로 - 교차로부근,승용,남,55세,상해없음,승용,남,29세,경상
2021022600100329,2021년 2월 26일 15시,금요일,인천광역시 미추홀구 주안동,경상사고,0,0,1,0,차대차 - 측면충돌,안전거리미확보,건조,맑음,단일로 - 기타,화물,남,61세,상해없음,화물,여,49세,경상
2021022600100330,2021년 2월 26일 15시,금요일,인천광역시 계양구 효성동,중상사고,0,1,0,0,차대사람 - 횡단중,보행자보호의무위반,건조,맑음,교차로 - 교차로부근,이륜,남,53세,상해없음,보행자,여,79세,중상
2021022600100362,2021년 2월 26일 16시,금요일,인천광역시 남동구 고잔동,경상사고,0,0,2,0,차대차 - 측면충돌,안전운전불이행,건조,맑음,단일로 - 기타,특수,남,42세,상해없음,승용,남,35세,경상
2021022600100398,2021년 2월 26일 17시,금요일,인천광역시 서구 시천동,중상사고,0,1,2,0,차대차 - 추돌,안전운전불이행,건조,맑음,단일로 - 기타,화물,남,25세,상해없음,승용,여,35세,경상
2021022600100450,2021년 2월 26일 18시,금요일,인천광역시 서구 심곡동,중상사고,0,1,0,0,차대사람 - 기타,보행자보호의무위반,건조,맑음,교차로 - 교차로안,승용,남,51세,상해없음,보행자,여,82세,중상
2021022600100451,2021년 2월 26일 18시,금요일,인천광역시 부평구 부개동,중상사고,0,1,0,0,차대사람 - 횡단중,보행자보호의무위반,건조,맑음,단일로 - 기타,화물,남,59세,상해없음,보행자,여,53세,중상
2021022600100541,2021년 2월 26일 20시,금요일,인천광역시 서구 연희동,경상사고,0,0,1,0,차대차 - 추돌,안전운전불이행,건조,맑음,교차로 - 교차로부근,승용,여,59세,상해없음,승용,남,23세,상해없음
2021022600100542,2021년 2월 26일 20시,금요일,인천광역시 서구 청라동,부상신고사고,0,0,0,1,차대차 - 기타,신호위반,건조,맑음,교차로 - 교차로부근,기타불명,기타불명,미분류,기타불명,승용,남,36세,부상신고
2021022600100570,2021년 2월 26일 21시,금요일,인천광역시 남동구 간석동,경상사고,0,0,1,0,차대차 - 기타,안전운전불이행,건조,맑음,교차로 - 교차로부근,승용,남,34세,상해없음,이륜,남,45세,경상
2021022600100571,2021년 2월 26일 21시,금요일,인천광역시 부평구 부개동,경상사고,0,0,2,0,차대차 - 기타,안전운전불이행,건조,맑음,교차로 - 교차로안,승용,남,62세,기타불명,승용,남,59세,상해없음
2021022600100601,2021년 2월 26일 22시,금요일,인천광역시 부평구 부평동,부상신고사고,0,0,0,1,차대차 - 측면충돌,안전운전불이행,건조,맑음,교차로 - 교차로부근,승용,남,33세,상해없음,이륜,남,46세,부상신고
2021022600100614,2021년 2월 26일 23시,금요일,인천광역시 부평구 부개동,경상사고,0,0,1,0,차대차 - 기타,안전운전불이행,건조,맑음,교차로 - 교차로안,기타불명,기타불명,미분류,기타불명,이륜,남,24세,경상
2021022600100615,2021년 2월 26일 23시,금요일,인천광역시 부평구 삼산동,경상사고,0,0,1,0,차대차 - 추돌,안전운전불이행,건조,맑음,기타 - 기타,승용,남,48세,상해없음,승용,남,23세,경상
2021022700100022,2021년 2월 27일 03시,토요일,인천광역시 계양구 서운동,중상사고,0,1,1,0,차대차 - 측면충돌,신호위반,건조,맑음,교차로 - 교차로안,승용,남,60세,경상,이륜,남,46세,중상
2021022700100056,2021년 2월 27일 07시,토요일,인천광역시 부평구 부평동,중상사고,0,1,0,0,차대차 - 측면충돌,안전운전불이행,건조,맑음,교차로 - 교차로안,승용,남,58세,상해없음,승용,남,69세,중상
2021022700100069,2021년 2월 27일 08시,토요일,인천광역시 남동구 간석동,경상사고,0,0,1,0,차대차 - 측면충돌,교차로운행방법위반,건조,맑음,교차로 - 교차로안,승용,남,57세,상해없음,승용,여,55세,경상
2021022700100070,2021년 2월 27일 08시,토요일,인천광역시 강화군 하점면,중상사고,0,2,0,0,차대차 - 측면충돌,신호위반,건조,맑음,교차로 - 교차로안,승용,남,55세,상해없음,승용,남,56세,중상
2021022700100071,2021년 2월 27일 08시,토요일,인천광역시 연수구 동춘동,중상사고,0,2,0,0,차대차 - 정면충돌,안전운전불이행,건조,맑음,교차로 - 교차로안,승용,여,51세,중상,승용,남,29세,중상
2021022700100112,2021년 2월 27일 10시,토요일,인천광역시 부평구 갈산동,경상사고,0,0,2,0,차대차 - 정면충돌,안전운전불이행,건조,맑음,교차로 - 교차로부근,승용,남,38세,상해없음,승용,남,61세,경상
2021022700100306,2021년 2월 27일 15시,토요일,인천광역시 부평구 십정동,경상사고,0,0,1,0,차대사람 - 길가장자리구역통행중,안전운전불이행,건조,맑음,단일로 - 기타,승용,남,23세,상해없음,보행자,남,54세,경상
2021022700100307,2021년 2월 27일 15시,토요일,인천광역시 강화군 삼산면,경상사고,0,0,2,1,차대차 - 측면충돌,안전운전불이행,건조,맑음,단일로 - 기타,화물,남,77세,상해없음,승용,남,55세,경상
2021022700100344,2021년 2월 27일 16시,토요일,인천광역시 남동구 구월동,경상사고,0,0,1,0,차대차 - 측면충돌,차로위반,건조,맑음,교차로 - 교차로안,이륜,남,50세,경상,승용,여,54세,상해없음
2021022700100368,2021년 2월 27일 17시,토요일,인천광역시 중구 운남동,경상사고,0,0,1,0,차대차 - 측면충돌,교차로운행방법위반,건조,맑음,교차로 - 교차로안,승용,여,61세,상해없음,승용,남,39세,경상
2021022700100369,2021년 2월 27일 17시,토요일,인천광역시 남동구 구월동,경상사고,0,0,1,0,차대차 - 후진중충돌,안전운전불이행,건조,맑음,교차로 - 교차로부근,승용,남,42세,상해없음,이륜,남,42세,경상
2021022700100370,2021년 2월 27일 17시,토요일,인천광역시 남동구 구월동,경상사고,0,0,1,1,차대차 - 추돌,안전운전불이행,건조,맑음,교차로 - 교차로안,승용,남,30세,부상신고,승용,남,64세,경상
2021022700100410,2021년 2월 27일 18시,토요일,인천광역시 계양구 계산동,경상사고,0,0,1,0,차대차 - 후진중충돌,안전운전불이행,건조,맑음,단일로 - 기타,승용,남,52세,상해없음,승용,남,58세,경상
2021022700100447,2021년 2월 27일 19시,토요일,인천광역시 미추홀구 주안동,경상사고,0,0,2,0,차대차 - 추돌,안전운전불이행,건조,맑음,교차로 - 교차로안,승용,남,56세,상해없음,승용,남,21세,경상
2021022700100448,2021년 2월 27일 19시,토요일,인천광역시 남동구 간석동,경상사고,0,0,3,0,차대차 - 추돌,안전운전불이행,건조,맑음,단일로 - 기타,승용,남,22세,경상,승용,남,41세,경상
2021022700100505,2021년 2월 27일 21시,토요일,인천광역시 미추홀구 주안동,중상사고,0,1,0,0,차대사람 - 횡단중,안전운전불이행,건조,맑음,단일로 - 기타,승용,남,47세,상해없음,보행자,남,57세,중상
2021022700100506,2021년 2월 27일 21시,토요일,인천광역시 남동구 간석동,사망사고,1,0,0,0,차대사람 - 횡단중,기타,건조,맑음,단일로 - 기타,승용,남,28세,상해없음,보행자,여,41세,사망
2021022700100507,2021년 2월 27일 21시,토요일,인천광역시 서구 청라동,경상사고,0,0,1,0,차대차 - 측면충돌,안전운전불이행,건조,맑음,단일로 - 기타,승용,남,46세,상해없음,승용,남,49세,경상
2021022700100508,2021년 2월 27일 21시,토요일,인천광역시 연수구 송도동,부상신고사고,0,0,0,1,차대사람 - 횡단중,안전운전불이행,건조,맑음,교차로 - 교차로횡단보도내,이륜,남,16세,부상신고,보행자,남,12세,상해없음
2021022700100509,2021년 2월 27일 21시,토요일,인천광역시 부평구 부평동,경상사고,0,0,1,0,차대차 - 정면충돌,신호위반,건조,맑음,교차로 - 교차로안,승용,여,46세,상해없음,이륜,남,19세,경상
2021022700100530,2021년 2월 27일 22시,토요일,인천광역시 서구 가좌동,경상사고,0,0,1,0,차대사람 - 보도통행중,안전운전불이행,건조,맑음,단일로 - 기타,기타불명,기타불명,미분류,기타불명,보행자,남,56세,경상
2021022700100547,2021년 2월 27일 23시,토요일,인천광역시 서구 가정동,중상사고,0,1,0,0,차대차 - 추돌,안전운전불이행,건조,맑음,교차로 - 교차로안,승용,남,26세,상해없음,이륜,남,33세,중상
2021022800100043,2021년 2월 28일 05시,일요일,인천광역시 중구 운서동,경상사고,0,0,1,0,차대차 - 측면충돌,신호위반,건조,맑음,교차로 - 교차로안,화물,남,65세,상해없음,승용,남,38세,경상
2021022800100128,2021년 2월 28일 12시,일요일,인천광역시 남동구 간석동,경상사고,0,0,1,0,차대차 - 측면충돌,교차로운행방법위반,건조,맑음,교차로 - 교차로안,승용,여,48세,상해없음,승용,여,54세,경상
2021022800100159,2021년 2월 28일 13시,일요일,인천광역시 미추홀구 문학동,경상사고,0,0,1,0,차대차 - 정면충돌,안전운전불이행,건조,맑음,교차로 - 교차로부근,이륜,남,42세,상해없음,승용,남,45세,경상
2021022800100160,2021년 2월 28일 13시,일요일,인천광역시 계양구 효성동,중상사고,0,1,0,0,차대차 - 추돌,안전거리미확보,건조,맑음,단일로 - 기타,승용,남,46세,상해없음,승용,여,28세,중상
2021022800100190,2021년 2월 28일 14시,일요일,인천광역시 부평구 부평동,경상사고,0,0,1,0,차대차 - 측면충돌,안전운전불이행,건조,맑음,기타 - 기타,승용,남,22세,상해없음,자전거,남,55세,경상
2021022800100216,2021년 2월 28일 15시,일요일,인천광역시 서구 청라동,경상사고,0,0,3,0,차대차 - 기타,안전운전불이행,건조,맑음,교차로 - 교차로안,승용,여,20세,경상,승용,여,46세,경상
2021022800100217,2021년 2월 28일 15시,일요일,인천광역시 부평구 삼산동,경상사고,0,0,1,0,차대차 - 측면충돌,안전운전불이행,건조,맑음,교차로 - 교차로안,승용,남,30세,상해없음,승용,남,53세,경상
2021022800100336,2021년 2월 28일 20시,일요일,인천광역시 미추홀구 주안동,경상사고,0,0,4,0,차대차 - 추돌,안전운전불이행,건조,맑음,단일로 - 기타,승용,남,51세,상해없음,승용,남,49세,경상
2021022800100357,2021년 2월 28일 21시,일요일,인천광역시 연수구 송도동,경상사고,0,0,1,0,차대차 - 측면충돌,안전운전불이행,건조,맑음,단일로 - 기타,승용,남,42세,상해없음,승용,여,60세,경상
2021022800100373,2021년 2월 28일 22시,일요일,인천광역시 연수구 옥련동,경상사고,0,0,2,0,차대차 - 기타,안전거리미확보,건조,맑음,단일로 - 기타,승용,남,39세,기타불명,승용,남,51세,경상
2021022800100374,2021년 2월 28일 22시,일요일,인천광역시 미추홀구 주안동,경상사고,0,0,1,0,차대차 - 기타,직진우회전진행방해,건조,맑음,교차로 - 교차로안,승합,여,61세,상해없음,승용,남,57세,경상
2021022800100375,2021년 2월 28일 22시,일요일,인천광역시 부평구 일신동,경상사고,0,0,1,0,차대차 - 추돌,안전운전불이행,건조,맑음,단일로 - 교량,승용,남,61세,상해없음,승용,남,40세,경상
2021022800100398,2021년 2월 28일 23시,일요일,인천광역시 서구 당하동,경상사고,0,0,3,0,차대차 - 측면충돌,안전운전불이행,건조,맑음,교차로 - 교차로부근,승용,남,61세,상해없음,승용,남,39세,경상
2021030100100003,2021년 3월 1일 00시,월요일,인천광역시 남동구 만수동,중상사고,0,2,1,0,차대차 - 정면충돌,신호위반,건조,흐림,교차로 - 교차로안,이륜,남,16세,중상,승용,남,45세,경상
2021030100100041,2021년 3월 1일 06시,월요일,인천광역시 중구 운서동,중상사고,0,1,0,0,차대차 - 측면충돌,신호위반,젖음/습기,비,교차로 - 교차로안,승용,남,26세,상해없음,승용,남,36세,중상
2021030100100124,2021년 3월 1일 13시,월요일,인천광역시 부평구 부평동,경상사고,0,0,2,0,차대차 - 측면충돌,안전운전불이행,젖음/습기,비,단일로 - 기타,승용,남,63세,상해없음,승용,남,27세,경상
2021030100100150,2021년 3월 1일 14시,월요일,인천광역시 서구 불로동,중상사고,0,1,2,0,차대차 - 기타,안전운전불이행,건조,맑음,교차로 - 교차로안,승용,남,60세,경상,승용,남,46세,중상
2021030100100184,2021년 3월 1일 15시,월요일,인천광역시 부평구 일신동,경상사고,0,0,2,1,차대차 - 추돌,신호위반,젖음/습기,비,단일로 - 기타,승용,남,60세,상해없음,승용,남,35세,경상
2021030100100217,2021년 3월 1일 16시,월요일,인천광역시 부평구 십정동,경상사고,0,0,1,0,차대차 - 측면충돌,안전운전불이행,젖음/습기,비,교차로 - 교차로안,승용,남,45세,상해없음,이륜,남,65세,경상
2021030100100300,2021년 3월 1일 18시,월요일,인천광역시 남동구 남촌동,중상사고,0,1,2,0,차대차 - 측면충돌,신호위반,젖음/습기,비,교차로 - 교차로안,승용,남,58세,상해없음,승용,남,35세,중상
2021030100100380,2021년 3월 1일 20시,월요일,인천광역시 계양구 계산동,중상사고,0,1,0,0,차대차 - 추돌,신호위반,젖음/습기,비,교차로 - 교차로안,승용,남,36세,상해없음,이륜,남,22세,중상
2021030100100381,2021년 3월 1일 20시,월요일,인천광역시 계양구 작전동,경상사고,0,0,1,0,차대사람 - 횡단중,기타,젖음/습기,비,교차로 - 교차로횡단보도내,화물,남,28세,상해없음,보행자,여,76세,경상
2021030100100413,2021년 3월 1일 21시,월요일,인천광역시 남동구 간석동,중상사고,0,1,0,0,차대차 - 추돌,안전운전불이행,젖음/습기,눈,교차로 - 교차로부근,승용,남,41세,상해없음,승용,여,61세,중상
2021030100100414,2021년 3월 1일 21시,월요일,인천광역시 서구 석남동,경상사고,0,0,1,0,차대차 - 정면충돌,신호위반,젖음/습기,비,교차로 - 교차로부근,승용,남,63세,상해없음,승용,남,56세,경상
2021030100100415,2021년 3월 1일 21시,월요일,인천광역시 서구 가좌동,경상사고,0,0,1,0,차대사람 - 차도통행중,안전운전불이행,건조,맑음,단일로 - 기타,승용,남,58세,상해없음,보행자,남,73세,경상
2021030100100445,2021년 3월 1일 22시,월요일,인천광역시 서구 검암동,경상사고,0,0,1,0,차대차 - 후진중충돌,안전운전불이행,건조,맑음,단일로 - 기타,승용,남,58세,상해없음,승용,여,47세,경상
2021030100100446,2021년 3월 1일 22시,월요일,인천광역시 연수구 선학동,경상사고,0,0,1,0,차대차 - 측면충돌,안전운전불이행,젖음/습기,비,기타 - 기타,승용,남,29세,상해없음,승용,남,25세,경상
2021030200100007,2021년 3월 2일 00시,화요일,인천광역시 남동구 수산동,경상사고,0,0,2,0,차대차 - 기타,안전운전불이행,젖음/습기,비,단일로 - 기타,승용,남,46세,상해없음,승용,남,37세,경상
2021030200100054,2021년 3월 2일 07시,화요일,인천광역시 남동구 간석동,경상사고,0,0,1,0,차대사람 - 횡단중,안전운전불이행,건조,맑음,교차로 - 교차로안,승용,남,63세,상해없음,보행자,남,40세,경상
2021030200100055,2021년 3월 2일 07시,화요일,인천광역시 서구 오류동,경상사고,0,0,1,0,차대사람 - 기타,안전운전불이행,건조,맑음,단일로 - 기타,승용,남,34세,상해없음,보행자,여,27세,경상
2021030200100056,2021년 3월 2일 07시,화요일,인천광역시 연수구 동춘동,경상사고,0,0,1,0,차대차 - 측면충돌,안전거리미확보,건조,맑음,교차로 - 교차로부근,승용,남,58세,상해없음,승용,남,43세,경상
2021030200100079,2021년 3월 2일 08시,화요일,인천광역시 부평구 산곡동,중상사고,0,1,1,0,차대차 - 측면충돌,신호위반,건조,맑음,교차로 - 교차로안,승합,남,61세,경상,승용,남,67세,중상
2021030200100080,2021년 3월 2일 08시,화요일,인천광역시 부평구 갈산동,경상사고,0,0,2,0,차대차 - 정면충돌,안전운전불이행,건조,맑음,단일로 - 기타,승용,남,64세,기타불명,승용,남,70세,경상
2021030200100081,2021년 3월 2일 08시,화요일,인천광역시 부평구 부개동,경상사고,0,0,1,0,차대차 - 추돌,안전운전불이행,건조,맑음,단일로 - 기타,승용,남,39세,기타불명,승용,남,27세,경상
2021030200100142,2021년 3월 2일 10시,화요일,인천광역시 중구 신흥동1가,부상신고사고,0,0,0,1,차대사람 - 기타,안전운전불이행,건조,맑음,단일로 - 기타,기타불명,기타불명,미분류,기타불명,보행자,남,57세,부상신고
2021030200100144,2021년 3월 2일 10시,화요일,인천광역시 연수구 선학동,경상사고,0,0,1,0,차대차 - 추돌,안전운전불이행,건조,맑음,교차로 - 교차로안,승용,여,58세,상해없음,승용,남,67세,경상
2021030200100201,2021년 3월 2일 12시,화요일,인천광역시 남동구 간석동,경상사고,0,0,1,0,차대사람 - 기타,안전운전불이행,건조,맑음,교차로 - 교차로부근,승용,남,56세,상해없음,보행자,남,52세,경상
2021030200100260,2021년 3월 2일 14시,화요일,인천광역시 남동구 구월동,경상사고,0,0,3,0,차대차 - 측면충돌,차로위반,건조,맑음,교차로 - 교차로부근,승용,남,34세,상해없음,승용,남,27세,경상
2021030200100261,2021년 3월 2일 14시,화요일,인천광역시 강화군 교동면,중상사고,0,1,1,0,차대차 - 측면충돌,불법유턴,건조,맑음,교차로 - 교차로안,화물,남,62세,상해없음,승용,남,28세,경상
2021030200100287,2021년 3월 2일 15시,화요일,인천광역시 남동구 구월동,경상사고,0,0,4,0,차대차 - 추돌,안전운전불이행,건조,맑음,단일로 - 기타,화물,남,60세,상해없음,승용,남,27세,경상
2021030200100288,2021년 3월 2일 15시,화요일,인천광역시 연수구 송도동,경상사고,0,0,1,0,차대차 - 측면충돌,신호위반,건조,맑음,교차로 - 교차로안,승용,남,42세,상해없음,승용,여,54세,경상
2021030200100290,2021년 3월 2일 15시,화요일,인천광역시 부평구 갈산동,경상사고,0,0,1,0,차대사람 - 기타,안전운전불이행,건조,맑음,단일로 - 기타,화물,남,50세,상해없음,보행자,여,54세,경상
2021030200100320,2021년 3월 2일 16시,화요일,인천광역시 중구 중산동,경상사고,0,0,2,0,차대차 - 측면충돌,안전운전불이행,건조,맑음,교차로 - 교차로횡단보도내,개인형이동수단(PM),남,17세,경상,승용,남,55세,상해없음
2021030200100364,2021년 3월 2일 17시,화요일,인천광역시 서구 가정동,경상사고,0,0,1,0,차대차 - 측면충돌,안전운전불이행,건조,맑음,교차로 - 교차로안,승합,남,57세,상해없음,승용,남,38세,경상
2021030200100403,2021년 3월 2일 18시,화요일,인천광역시 부평구 부평동,경상사고,0,0,1,0,차대사람 - 차도통행중,안전운전불이행,건조,맑음,교차로 - 교차로부근,승용,남,68세,상해없음,보행자,여,25세,경상
2021030200100404,2021년 3월 2일 18시,화요일,인천광역시 부평구 부평동,경상사고,0,0,1,0,차대차 - 추돌,안전운전불이행,건조,맑음,단일로 - 기타,승용,여,54세,상해없음,승용,남,28세,경상
2021030200100405,2021년 3월 2일 18시,화요일,인천광역시 부평구 일신동,경상사고,0,0,1,0,차대차 - 추돌,안전운전불이행,건조,맑음,단일로 - 기타,화물,남,51세,상해없음,자전거,남,71세,경상
2021030200100406,2021년 3월 2일 18시,화요일,인천광역시 부평구 부개동,경상사고,0,0,2,0,차대차 - 측면충돌,안전운전불이행,건조,맑음,교차로 - 교차로부근,승용,여,48세,상해없음,승용,남,32세,경상
2021030200100445,2021년 3월 2일 19시,화요일,인천광역시 부평구 청천동,경상사고,0,0,1,0,차대차 - 측면충돌,안전거리미확보,건조,맑음,단일로 - 기타,특수,남,51세,상해없음,승용,남,32세,경상
2021030200100488,2021년 3월 2일 21시,화요일,인천광역시 부평구 산곡동,경상사고,0,0,1,0,차대차 - 측면충돌,안전운전불이행,건조,맑음,교차로 - 교차로부근,승용,남,64세,상해없음,승용,남,42세,경상
2021030200100489,2021년 3월 2일 21시,화요일,인천광역시 계양구 계산동,중상사고,0,1,6,0,차대차 - 정면충돌,신호위반,건조,맑음,교차로 - 교차로부근,승용,남,60세,기타불명,승용,남,25세,경상
2021030200100490,2021년 3월 2일 21시,화요일,인천광역시 부평구 부개동,경상사고,0,0,2,0,차대차 - 측면충돌,안전거리미확보,건조,맑음,교차로 - 교차로안,승용,남,58세,상해없음,승용,남,54세,경상
2021030200100491,2021년 3월 2일 21시,화요일,인천광역시 부평구 삼산동,경상사고,0,0,1,0,차대사람 - 횡단중,보행자보호의무위반,건조,맑음,단일로 - 기타,승용,남,74세,상해없음,보행자,남,66세,경상
2021030200100513,2021년 3월 2일 22시,화요일,인천광역시 남동구 논현동,중상사고,0,1,1,0,차대차 - 추돌,안전운전불이행,건조,맑음,교차로 - 교차로부근,승용,남,25세,상해없음,이륜,남,38세,중상
2021030300100012,2021년 3월 3일 01시,수요일,인천광역시 중구 운남동,경상사고,0,0,1,0,차대차 - 후진중충돌,안전운전불이행,건조,맑음,교차로 - 교차로안,승용,남,69세,상해없음,승용,여,29세,경상
2021030300100030,2021년 3월 3일 05시,수요일,인천광역시 서구 검암동,중상사고,0,1,0,0,차대사람 - 횡단중,신호위반,건조,맑음,교차로 - 교차로횡단보도내,승용,남,39세,상해없음,보행자,여,59세,중상
2021030300100031,2021년 3월 3일 05시,수요일,인천광역시 남동구 서창동,부상신고사고,0,0,0,1,차대차 - 기타,안전운전불이행,젖음/습기,흐림,단일로 - 기타,기타불명,기타불명,미분류,기타불명,화물,남,32세,부상신고
2021030300100048,2021년 3월 3일 06시,수요일,인천광역시 중구 유동,중상사고,0,1,0,0,차대사람 - 차도통행중,안전운전불이행,건조,맑음,단일로 - 기타,화물,남,59세,상해없음,보행자,여,86세,중상
2021030300100106,2021년 3월 3일 08시,수요일,인천광역시 서구 원창동,경상사고,0,0,1,0,차대사람 - 횡단중,중앙선침범,건조,맑음,단일로 - 기타,건설기계,남,56세,상해없음,보행자,남,69세,경상
2021030300100107,2021년 3월 3일 08시,수요일,인천광역시 서구 연희동,경상사고,0,0,1,0,차대차 - 측면충돌,안전운전불이행,건조,맑음,교차로 - 교차로안,승용,남,35세,상해없음,승용,남,45세,경상
2021030300100108,2021년 3월 3일 08시,수요일,인천광역시 서구 청라동,경상사고,0,0,1,0,차대사람 - 횡단중,안전운전불이행,건조,맑음,교차로 - 교차로횡단보도내,승합,남,46세,상해없음,보행자,여,17세,경상
2021030300100135,2021년 3월 3일 09시,수요일,인천광역시 계양구 작전동,경상사고,0,0,1,0,차대차 - 측면충돌,안전운전불이행,건조,맑음,단일로 - 기타,자전거,남,77세,경상,승용,남,53세,기타불명
2021030300100136,2021년 3월 3일 09시,수요일,인천광역시 계양구 계산동,경상사고,0,0,1,0,차대차 - 기타,기타,건조,맑음,기타 - 기타,건설기계,남,56세,상해없음,승용,남,52세,경상
2021030300100162,2021년 3월 3일 10시,수요일,인천광역시 미추홀구 주안동,중상사고,0,1,0,0,차대사람 - 횡단중,신호위반,건조,맑음,교차로 - 교차로횡단보도내,승용,여,53세,상해없음,보행자,여,28세,중상
2021030300100193,2021년 3월 3일 11시,수요일,인천광역시 미추홀구 숭의동,중상사고,0,1,0,0,차대차 - 측면충돌,안전거리미확보,건조,맑음,교차로 - 교차로안,승용,여,58세,상해없음,자전거,남,44세,중상
2021030300100232,2021년 3월 3일 12시,수요일,인천광역시 미추홀구 용현동,경상사고,0,0,1,0,차대차 - 측면충돌,안전운전불이행,건조,맑음,교차로 - 교차로안,특수,남,65세,상해없음,승용,남,41세,경상
2021030300100326,2021년 3월 3일 15시,수요일,인천광역시 계양구 평동,경상사고,0,0,1,0,차대사람 - 차도통행중,중앙선침범,건조,맑음,단일로 - 기타,승용,남,40세,상해없음,보행자,남,79세,경상
2021030300100375,2021년 3월 3일 17시,수요일,인천광역시 미추홀구 용현동,경상사고,0,0,1,0,차대차 - 후진중충돌,안전운전불이행,건조,맑음,단일로 - 기타,화물,남,63세,상해없음,승용,남,34세,경상
2021030300100402,2021년 3월 3일 18시,수요일,인천광역시 서구 오류동,경상사고,0,0,1,0,차대사람 - 기타,안전운전불이행,건조,맑음,단일로 - 기타,화물,남,63세,상해없음,보행자,여,36세,경상
2021030300100403,2021년 3월 3일 18시,수요일,인천광역시 서구 청라동,경상사고,0,0,1,0,차대차 - 측면충돌,안전운전불이행,건조,맑음,교차로 - 교차로안,승용,여,50세,상해없음,승용,남,30세,경상
2021030300100404,2021년 3월 3일 18시,수요일,인천광역시 서구 가좌동,경상사고,0,0,1,0,차대차 - 측면충돌,신호위반,건조,맑음,교차로 - 교차로안,승용,여,64세,상해없음,승용,남,22세,경상
2021030300100405,2021년 3월 3일 18시,수요일,인천광역시 부평구 부개동,경상사고,0,0,1,0,차대차 - 기타,안전운전불이행,건조,맑음,단일로 - 기타,이륜,남,52세,상해없음,이륜,남,29세,경상
2021030300100492,2021년 3월 3일 21시,수요일,인천광역시 부평구 산곡동,중상사고,0,1,1,0,차대차 - 정면충돌,신호위반,건조,맑음,단일로 - 기타,승합,남,57세,기타불명,승용,여,57세,중상
2021030300100493,2021년 3월 3일 21시,수요일,인천광역시 서구 공촌동,경상사고,0,0,1,0,차대차 - 후진중충돌,안전운전불이행,건조,맑음,기타 - 기타,승용,남,41세,상해없음,승용,남,52세,경상
2021030300100494,2021년 3월 3일 21시,수요일,인천광역시 부평구 구산동,경상사고,0,0,1,0,차대차 - 추돌,안전운전불이행,건조,맑음,단일로 - 기타,승용,남,48세,상해없음,승용,여,46세,경상
2021030300100519,2021년 3월 3일 22시,수요일,인천광역시 부평구 부평동,경상사고,0,0,2,0,차대차 - 측면충돌,안전운전불이행,건조,맑음,교차로 - 교차로부근,승용,남,22세,상해없음,승용,남,26세,경상
2021030300100531,2021년 3월 3일 23시,수요일,인천광역시 미추홀구 주안동,경상사고,0,0,1,0,차대차 - 측면충돌,교차로운행방법위반,건조,맑음,교차로 - 교차로부근,화물,남,60세,기타불명,승용,남,43세,경상
2021030400100043,2021년 3월 4일 06시,목요일,인천광역시 중구 신흥동3가,사망사고,1,0,0,0,차대사람 - 기타,신호위반,건조,맑음,교차로 - 교차로횡단보도내,특수,남,65세,상해없음,보행자,남,73세,사망
2021030400100044,2021년 3월 4일 06시,목요일,인천광역시 미추홀구 주안동,경상사고,0,0,2,0,차대차 - 추돌,안전운전불이행,건조,맑음,단일로 - 기타,승용,남,51세,경상,승합,남,64세,상해없음