사고번호,사고일시,요일,시군구,사고내용,사망자수,중상자수,경상자수,부상신고자수,사고유형,법규위반,노면상태,기상상태,도로형태,가해운전자 차종,가해운전자 성별,가해운전자 연령,가해운전자 상해정도,피해운전자 차종,피해운전자 성별,피해운전자 연령,피해운전자 상해정도
2021030400100045,2021년 3월 4일 06시,목요일,인천광역시 남동구 간석동,경상사고,0,0,1,0,차대차 - 측면충돌,신호위반,건조,맑음,교차로 - 교차로안,승합,남,59세,상해없음,화물,남,62세,경상
2021030400100096,2021년 3월 4일 08시,목요일,인천광역시 미추홀구 주안동,부상신고사고,0,0,0,2,차대차 - 추돌,안전운전불이행,건조,맑음,교차로 - 교차로부근,승용,남,63세,상해없음,승용,남,62세,부상신고
2021030400100097,2021년 3월 4일 08시,목요일,인천광역시 계양구 효성동,경상사고,0,0,1,0,차대차 - 측면충돌,교차로운행방법위반,건조,맑음,교차로 - 교차로부근,승용,여,51세,상해없음,화물,남,59세,경상
2021030400100122,2021년 3월 4일 09시,목요일,인천광역시 중구 신흥동3가,경상사고,0,0,1,0,차대차 - 측면충돌,안전운전불이행,건조,맑음,교차로 - 교차로부근,화물,남,67세,상해없음,승용,남,54세,경상
2021030400100123,2021년 3월 4일 09시,목요일,인천광역시 부평구 부평동,중상사고,0,1,0,0,차대사람 - 기타,안전운전불이행,건조,맑음,기타 - 기타,승용,남,34세,상해없음,보행자,여,30세,중상
2021030400100150,2021년 3월 4일 10시,목요일,인천광역시 서구 가정동,경상사고,0,0,1,0,차대차 - 기타,신호위반,건조,맑음,교차로 - 교차로안,승용,남,43세,상해없음,승용,여,58세,경상
2021030400100169,2021년 3월 4일 11시,목요일,인천광역시 서구 가좌동,중상사고,0,1,0,0,차대사람 - 기타,안전운전불이행,건조,맑음,단일로 - 기타,승합,남,66세,상해없음,보행자,여,53세,중상
2021030400100268,2021년 3월 4일 15시,목요일,인천광역시 계양구 계산동,중상사고,0,1,0,0,차대사람 - 횡단중,신호위반,건조,맑음,단일로 - 기타,승용,여,63세,상해없음,보행자,여,21세,중상
2021030400100297,2021년 3월 4일 16시,목요일,인천광역시 서구 가정동,경상사고,0,0,1,0,차대차 - 측면충돌,안전운전불이행,건조,맑음,교차로 - 교차로안,승용,여,52세,상해없음,승용,여,47세,경상
2021030400100298,2021년 3월 4일 16시,목요일,인천광역시 계양구 계산동,경상사고,0,0,1,0,차대사람 - 기타,안전운전불이행,건조,맑음,단일로 - 기타,승용,남,56세,상해없음,보행자,여,8세,경상
2021030400100324,2021년 3월 4일 17시,목요일,인천광역시 서구 원창동,경상사고,0,0,1,0,차대차 - 측면충돌,안전운전불이행,건조,맑음,단일로 - 기타,승용,남,54세,상해없음,승용,남,39세,경상
2021030400100358,2021년 3월 4일 18시,목요일,인천광역시 계양구 임학동,경상사고,0,0,1,0,차대차 - 측면충돌,차로위반,건조,맑음,교차로 - 교차로안,승용,남,72세,상해없음,승용,여,53세,경상
2021030400100359,2021년 3월 4일 18시,목요일,인천광역시 연수구 선학동,경상사고,0,0,1,0,차대차 - 측면충돌,차로위반,건조,맑음,교차로 - 교차로안,승용,남,57세,상해없음,승용,남,38세,경상
2021030400100360,2021년 3월 4일 18시,목요일,인천광역시 서구 원창동,경상사고,0,0,2,0,차대차 - 추돌,안전운전불이행,건조,맑음,단일로 - 교량,화물,남,62세,상해없음,승용,여,32세,경상
2021030400100414,2021년 3월 4일 19시,목요일,인천광역시 부평구 청천동,중상사고,0,1,0,0,차량단독 - 공작물충돌,안전운전불이행,건조,맑음,단일로 - 기타,승합,남,64세,상해없음,,,,
2021030400100415,2021년 3월 4일 19시,목요일,인천광역시 남동구 만수동,경상사고,0,0,1,0,차대차 - 측면충돌,신호위반,건조,맑음,단일로 - 고가도로위,화물,남,39세,상해없음,승용,남,39세,경상
2021030400100442,2021년 3월 4일 20시,목요일,인천광역시 서구 불로동,경상사고,0,0,1,0,차대차 - 기타,안전거리미확보,건조,맑음,단일로 - 기타,승용,여,35세,상해없음,이륜,남,44세,경상
2021030400100443,2021년 3월 4일 20시,목요일,인천광역시 남동구 남촌동,경상사고,0,0,2,0,차대차 - 추돌,안전운전불이행,건조,맑음,교차로 - 교차로부근,승용,남,29세,상해없음,승용,남,25세,경상
2021030400100501,2021년 3월 4일 22시,목요일,인천광역시 서구 청라동,경상사고,0,0,1,0,차대차 - 기타,신호위반,건조,맑음,교차로 - 교차로횡단보도내,승용,남,64세,상해없음,자전거,남,30세,경상
2021030400100502,2021년 3월 4일 22시,목요일,인천광역시 부평구 삼산동,중상사고,0,1,0,0,차대차 - 기타,안전거리미확보,건조,맑음,단일로 - 기타,승합,남,51세,상해없음,이륜,남,19세,중상
2021030500100017,2021년 3월 5일 01시,금요일,인천광역시 미추홀구 주안동,경상사고,0,0,1,0,차대차 - 추돌,안전운전불이행,건조,맑음,교차로 - 교차로부근,승용,남,19세,상해없음,승용,남,43세,경상
2021030500100018,2021년 3월 5일 01시,금요일,인천광역시 서구 심곡동,경상사고,0,0,1,0,차대차 - 측면충돌,안전운전불이행,건조,맑음,단일로 - 기타,기타불명,기타불명,미분류,기타불명,승용,남,39세,경상
2021030500100037,2021년 3월 5일 05시,금요일,인천광역시 부평구 구산동,경상사고,0,0,1,0,차대차 - 측면충돌,안전거리미확보,건조,맑음,단일로 - 기타,화물,남,50세,상해없음,승용,남,27세,경상
2021030500100052,2021년 3월 5일 06시,금요일,인천광역시 남동구 간석동,경상사고,0,0,1,0,차대차 - 추돌,신호위반,건조,맑음,교차로 - 교차로안,승용,남,32세,상해없음,화물,남,39세,경상
2021030500100053,2021년 3월 5일 06시,금요일,인천광역시 서구 연희동,경상사고,0,0,2,0,차대차 - 측면충돌,기타,건조,맑음,교차로 - 교차로부근,기타불명,기타불명,미분류,기타불명,승용,여,65세,경상
2021030500100116,2021년 3월 5일 08시,금요일,인천광역시 부평구 산곡동,중상사고,0,1,0,0,차대차 - 측면충돌,안전운전불이행,젖음/습기,맑음,교차로 - 교차로부근,승용,여,48세,상해없음,자전거,남,44세,중상
2021030500100117,2021년 3월 5일 08시,금요일,인천광역시 부평구 청천동,경상사고,0,0,1,0,차대차 - 측면충돌,안전운전불이행,건조,맑음,단일로 - 기타,승용,여,51세,상해없음,승용,여,38세,경상
2021030500100208,2021년 3월 5일 11시,금요일,인천광역시 부평구 부개동,사망사고,1,0,1,0,차대사람 - 횡단중,보행자보호의무위반,건조,맑음,교차로 - 교차로안,승합,남,63세,상해없음,보행자,여,68세,사망
2021030500100209,2021년 3월 5일 11시,금요일,인천광역시 부평구 구산동,경상사고,0,0,1,0,차대차 - 측면충돌,기타,건조,맑음,단일로 - 기타,화물,남,44세,상해없음,건설기계,남,38세,경상
2021030500100229,2021년 3월 5일 12시,금요일,인천광역시 계양구 계산동,경상사고,0,0,2,0,차대차 - 측면충돌,안전운전불이행,건조,맑음,단일로 - 기타,화물,남,52세,상해없음,승용,여,54세,경상
2021030500100257,2021년 3월 5일 13시,금요일,인천광역시 강화군 강화읍,경상사고,0,0,2,0,차대차 - 측면충돌,신호위반,건조,맑음,교차로 - 교차로부근,승용,여,36세,상해없음,승용,여,36세,경상
2021030500100294,2021년 3월 5일 14시,금요일,인천광역시 중구 중산동,경상사고,0,0,1,0,차대사람 - 횡단중,안전운전불이행,건조,맑음,기타 - 기타,승용,여,43세,상해없음,보행자,여,55세,경상
2021030500100295,2021년 3월 5일 14시,금요일,인천광역시 계양구 병방동,중상사고,0,1,0,0,차대차 - 측면충돌,안전거리미확보,건조,맑음,단일로 - 기타,이륜,남,70세,중상,화물,남,60세,상해없음
2021030500100296,2021년 3월 5일 14시,금요일,인천광역시 부평구 삼산동,경상사고,0,0,1,0,차대차 - 측면충돌,신호위반,건조,맑음,단일로 - 지하차도(도로)내,승용,여,31세,상해없음,승용,남,60세,경상
2021030500100335,2021년 3월 5일 15시,금요일,인천광역시 중구 신흥동1가,사망사고,1,0,2,0,차대차 - 추돌,안전운전불이행,건조,맑음,단일로 - 터널,화물,남,37세,상해없음,화물,남,50세,경상
2021030500100375,2021년 3월 5일 16시,금요일,인천광역시 계양구 계산동,중상사고,0,1,0,0,차량단독 - 기타,안전운전불이행,건조,맑음,단일로 - 기타,승합,남,62세,상해없음,,,,
2021030500100410,2021년 3월 5일 17시,금요일,인천광역시 미추홀구 도화동,경상사고,0,0,1,0,차대차 - 측면충돌,중앙선침범,건조,맑음,단일로 - 기타,승용,여,51세,기타불명,승용,남,28세,경상
2021030500100497,2021년 3월 5일 19시,금요일,인천광역시 동구 송림동,중상사고,0,1,0,0,차대차 - 측면충돌,안전운전불이행,건조,맑음,교차로 - 교차로안,승용,남,39세,상해없음,승용,남,40세,중상
2021030500100498,2021년 3월 5일 19시,금요일,인천광역시 서구 마전동,경상사고,0,0,1,0,차대차 - 추돌,안전운전불이행,건조,맑음,단일로 - 기타,승용,남,50세,상해없음,화물,남,42세,경상
2021030500100531,2021년 3월 5일 20시,금요일,인천광역시 부평구 부평동,경상사고,0,0,1,0,차대차 - 측면충돌,안전운전불이행,건조,맑음,교차로 - 교차로부근,이륜,남,60세,경상,승용,남,51세,상해없음
2021030500100532,2021년 3월 5일 20시,금요일,인천광역시 계양구 임학동,경상사고,0,0,1,0,차대사람 - 횡단중,보행자보호의무위반,건조,맑음,교차로 - 교차로횡단보도내,이륜,남,49세,상해없음,보행자,여,57세,경상
2021030500100589,2021년 3월 5일 22시,금요일,인천광역시 남동구 구월동,경상사고,0,0,2,0,차대차 - 추돌,안전운전불이행,건조,맑음,단일로 - 기타,승용,남,53세,상해없음,승용,여,39세,경상
2021030500100590,2021년 3월 5일 22시,금요일,인천광역시 부평구 부평동,경상사고,0,0,2,0,차대차 - 측면충돌,안전운전불이행,건조,맑음,교차로 - 교차로안,승용,여,45세,기타불명,승용,남,22세,경상
2021030600100091,2021년 3월 6일 09시,토요일,인천광역시 중구 신흥동1가,경상사고,0,0,1,0,차대차 - 추돌,안전운전불이행,건조,맑음,단일로 - 기타,승용,남,34세,상해없음,승용,남,58세,경상
2021030600100092,2021년 3월 6일 09시,토요일,인천광역시 부평구 부평동,경상사고,0,0,3,0,차대차 - 추돌,안전운전불이행,건조,맑음,교차로 - 교차로부근,승용,남,27세,상해없음,승용,남,18세,경상
2021030600100093,2021년 3월 6일 09시,토요일,인천광역시 남동구 논현동,중상사고,0,1,0,0,차대차 - 측면충돌,안전운전불이행,건조,맑음,교차로 - 교차로안,승용,여,50세,상해없음,승용,남,48세,중상
2021030600100123,2021년 3월 6일 10시,토요일,인천광역시 연수구 연수동,경상사고,0,0,2,0,차대차 - 측면충돌,안전운전불이행,건조,맑음,교차로 - 교차로부근,승용,남,73세,상해없음,승용,남,60세,경상
2021030600100152,2021년 3월 6일 11시,토요일,인천광역시 서구 연희동,경상사고,0,0,1,0,차대차 - 기타,안전운전불이행,건조,맑음,교차로 - 교차로부근,승합,남,62세,상해없음,승용,남,35세,경상
2021030600100243,2021년 3월 6일 14시,토요일,인천광역시 연수구 송도동,경상사고,0,0,1,0,차대차 - 측면충돌,안전거리미확보,건조,맑음,교차로 - 교차로부근,승용,남,56세,상해없음,승용,여,42세,경상
2021030600100244,2021년 3월 6일 14시,토요일,인천광역시 부평구 부평동,부상신고사고,0,0,0,1,차대사람 - 길가장자리구역통행중,안전운전불이행,건조,맑음,교차로 - 교차로부근,승용,여,46세,상해없음,보행자,남,41세,부상신고
2021030600100280,2021년 3월 6일 15시,토요일,인천광역시 중구 북성동2가,경상사고,0,0,1,0,차대사람 - 기타,안전운전불이행,건조,맑음,단일로 - 기타,승합,여,59세,기타불명,보행자,여,18세,경상
2021030600100337,2021년 3월 6일 17시,토요일,인천광역시 강화군 선원면,경상사고,0,0,1,0,차대차 - 추돌,안전운전불이행,건조,맑음,기타 - 기타,화물,남,51세,상해없음,승용,여,81세,경상
2021030600100370,2021년 3월 6일 18시,토요일,인천광역시 미추홀구 도화동,부상신고사고,0,0,0,1,차대차 - 정면충돌,안전거리미확보,건조,맑음,교차로 - 교차로안,자전거,남,24세,부상신고,승용,남,29세,상해없음
2021030600100371,2021년 3월 6일 18시,토요일,인천광역시 서구 경서동,중상사고,0,1,2,0,차대차 - 정면충돌,중앙선침범,건조,맑음,기타 - 기타,승용,여,53세,기타불명,승용,남,29세,경상
2021030600100372,2021년 3월 6일 18시,토요일,인천광역시 계양구 계산동,경상사고,0,0,2,0,차대차 - 후진중충돌,안전운전불이행,건조,맑음,단일로 - 기타,승용,여,50세,상해없음,승용,남,31세,경상
2021030600100409,2021년 3월 6일 19시,토요일,인천광역시 부평구 부평동,경상사고,0,0,1,0,차대사람 - 횡단중,보행자보호의무위반,건조,맑음,단일로 - 기타,이륜,남,42세,상해없음,보행자,남,28세,경상
2021030600100454,2021년 3월 6일 21시,토요일,인천광역시 부평구 부평동,경상사고,0,0,1,0,차대사람 - 길가장자리구역통행중,안전운전불이행,건조,맑음,단일로 - 기타,승용,남,23세,기타불명,보행자,남,22세,경상
2021030600100475,2021년 3월 6일 22시,토요일,인천광역시 미추홀구 용현동,경상사고,0,0,4,0,차대차 - 추돌,안전운전불이행,건조,맑음,교차로 - 교차로안,승용,남,31세,상해없음,승용,남,32세,경상
2021030600100476,2021년 3월 6일 22시,토요일,인천광역시 부평구 부평동,경상사고,0,0,1,0,차대사람 - 횡단중,보행자보호의무위반,건조,맑음,교차로 - 교차로부근,기타불명,기타불명,미분류,기타불명,보행자,여,38세,경상
2021030600100493,2021년 3월 6일 23시,토요일,인천광역시 미추홀구 숭의동,경상사고,0,0,1,0,차대차 - 측면충돌,신호위반,건조,맑음,교차로 - 교차로안,승용,남,61세,상해없음,승용,남,26세,경상
2021030600100494,2021년 3월 6일 23시,토요일,인천광역시 남동구 간석동,중상사고,0,1,0,0,차대사람 - 보도통행중,보행자보호의무위반,건조,맑음,교차로 - 교차로횡단보도내,화물,남,58세,상해없음,보행자,남,50세,중상
2021030600100495,2021년 3월 6일 23시,토요일,인천광역시 남동구 고잔동,경상사고,0,0,1,0,차대차 - 추돌,안전운전불이행,건조,맑음,교차로 - 교차로부근,승용,남,38세,상해없음,승용,남,39세,경상
2021030700100033,2021년 3월 7일 05시,일요일,인천광역시 서구 청라동,경상사고,0,0,1,0,차량단독 - 기타,안전운전불이행,건조,맑음,교차로 - 교차로부근,승용,남,52세,상해없음,,,,
2021030700100051,2021년 3월 7일 09시,일요일,인천광역시 미추홀구 주안동,경상사고,0,0,1,0,차대차 - 추돌,안전운전불이행,건조,맑음,단일로 - 기타,화물,남,37세,상해없음,이륜,남,43세,경상
2021030700100065,2021년 3월 7일 10시,일요일,인천광역시 남동구 간석동,중상사고,0,1,0,0,차대차 - 측면충돌,교차로운행방법위반,건조,맑음,교차로 - 교차로안,승용,남,31세,상해없음,승용,남,23세,중상
2021030700100084,2021년 3월 7일 11시,일요일,인천광역시 서구 가좌동,경상사고,0,0,2,0,차대차 - 측면충돌,안전운전불이행,건조,맑음,교차로 - 교차로안,화물,남,63세,상해없음,승합,남,43세,경상
2021030700100105,2021년 3월 7일 12시,일요일,인천광역시 미추홀구 용현동,경상사고,0,0,1,0,차대차 - 추돌,안전운전불이행,건조,맑음,단일로 - 기타,기타불명,기타불명,미분류,기타불명,승합,남,31세,경상
2021030700100106,2021년 3월 7일 12시,일요일,인천광역시 계양구 계산동,경상사고,0,0,1,0,차대사람 - 횡단중,안전운전불이행,건조,맑음,교차로 - 교차로부근,승용,여,63세,기타불명,보행자,여,70세,경상
2021030700100141,2021년 3월 7일 13시,일요일,인천광역시 남동구 고잔동,경상사고,0,0,1,0,차대차 - 기타,교차로운행방법위반,건조,맑음,교차로 - 교차로안,기타불명,기타불명,미분류,기타불명,승합,남,61세,상해없음
2021030700100165,2021년 3월 7일 14시,일요일,인천광역시 중구 운서동,경상사고,0,0,1,0,차대차 - 추돌,안전운전불이행,건조,맑음,단일로 - 기타,승용,남,22세,상해없음,이륜,남,32세,경상
2021030700100166,2021년 3월 7일 14시,일요일,인천광역시 강화군 삼산면,경상사고,0,0,1,0,차대사람 - 횡단중,보행자보호의무위반,건조,맑음,교차로 - 교차로횡단보도내,승용,남,53세,상해없음,보행자,남,52세,경상
2021030700100199,2021년 3월 7일 15시,일요일,인천광역시 계양구 작전동,중상사고,0,1,0,0,차대사람 - 차도통행중,안전운전불이행,건조,맑음,교차로 - 교차로안,승용,남,46세,상해없음,보행자,남,76세,중상
2021030700100232,2021년 3월 7일 16시,일요일,인천광역시 계양구 계산동,중상사고,0,1,1,0,차대차 - 측면충돌,안전운전불이행,건조,맑음,단일로 - 기타,승용,남,48세,상해없음,승용,여,24세,경상
2021030700100233,2021년 3월 7일 16시,일요일,인천광역시 부평구 부개동,경상사고,0,0,1,0,차대차 - 측면충돌,안전운전불이행,건조,맑음,교차로 - 교차로안,이륜,남,18세,상해없음,이륜,남,26세,경상
2021030700100282,2021년 3월 7일 18시,일요일,인천광역시 서구 심곡동,경상사고,0,0,1,0,차대사람 - 기타,안전운전불이행,건조,맑음,교차로 - 교차로부근,화물,남,78세,상해없음,보행자,남,40세,경상
2021030700100310,2021년 3월 7일 19시,일요일,인천광역시 서구 청라동,중상사고,0,2,2,0,차대차 - 기타,신호위반,건조,맑음,교차로 - 교차로안,승용,여,62세,경상,승용,여,43세,중상
2021030700100311,2021년 3월 7일 19시,일요일,인천광역시 서구 청라동,경상사고,0,0,1,0,차대차 - 기타,신호위반,건조,맑음,교차로 - 교차로안,기타불명,기타불명,미분류,기타불명,자전거,남,49세,경상
2021030700100334,2021년 3월 7일 20시,일요일,인천광역시 부평구 산곡동,경상사고,0,0,1,0,차대차 - 측면충돌,안전거리미확보,건조,맑음,단일로 - 기타,승용,남,60세,상해없음,승용,여,29세,경상
2021030700100358,2021년 3월 7일 21시,일요일,인천광역시 남동구 논현동,경상사고,0,0,1,0,차량단독 - 도로외이탈 - 추락,안전운전불이행,건조,맑음,교차로 - 교차로안,승용,남,27세,상해없음,,,,
2021030800100059,2021년 3월 8일 07시,월요일,인천광역시 서구 청라동,중상사고,0,1,0,0,차대차 - 추돌,안전운전불이행,건조,맑음,교차로 - 교차로안,승용,여,42세,상해없음,이륜,남,33세,중상
2021030800100060,2021년 3월 8일 07시,월요일,인천광역시 서구 마전동,중상사고,0,1,0,0,차대차 - 기타,안전운전불이행,건조,맑음,단일로 - 기타,승용,남,51세,중상,승합,남,43세,상해없음
2021030800100061,2021년 3월 8일 07시,월요일,인천광역시 계양구 둑실동,경상사고,0,0,1,0,차대차 - 기타,안전운전불이행,건조,맑음,단일로 - 기타,화물,남,59세,상해없음,승용,여,38세,경상
2021030800100062,2021년 3월 8일 07시,월요일,인천광역시 부평구 부개동,경상사고,0,0,1,0,차대차 - 추돌,안전운전불이행,건조,맑음,교차로 - 교차로부근,승용,여,41세,상해없음,승용,남,56세,경상
2021030800100123,2021년 3월 8일 08시,월요일,인천광역시 미추홀구 문학동,중상사고,0,1,0,0,차대사람 - 횡단중,안전운전불이행,건조,맑음,교차로 - 교차로안,화물,남,47세,상해없음,보행자,여,16세,중상
2021030800100124,2021년 3월 8일 08시,월요일,인천광역시 부평구 십정동,경상사고,0,0,1,0,차대차 - 측면충돌,안전운전불이행,건조,맑음,단일로 - 기타,승용,남,59세,상해없음,승용,남,54세,경상
2021030800100125,2021년 3월 8일 08시,월요일,인천광역시 남동구 구월동,경상사고,0,0,2,0,차대차 - 측면충돌,신호위반,건조,맑음,교차로 - 교차로안,승용,남,68세,상해없음,승용,여,42세,경상
2021030800100126,2021년 3월 8일 08시,월요일,인천광역시 연수구 동춘동,경상사고,0,0,1,0,차대사람 - 횡단중,신호위반,건조,맑음,교차로 - 교차로횡단보도내,승합,남,71세,상해없음,보행자,남,25세,경상
2021030800100127,2021년 3월 8일 08시,월요일,인천광역시 부평구 부개동,경상사고,0,0,1,0,차대사람 - 보도통행중,안전운전불이행,건조,맑음,단일로 - 기타,승용,남,56세,상해없음,보행자,남,43세,경상
2021030800100162,2021년 3월 8일 09시,월요일,인천광역시 미추홀구 주안동,경상사고,0,0,1,0,차대사람 - 기타,기타,건조,맑음,단일로 - 기타,승용,남,28세,상해없음,보행자,여,64세,경상
2021030800100188,2021년 3월 8일 10시,월요일,인천광역시 미추홀구 도화동,중상사고,0,1,0,0,차대사람 - 횡단중,보행자보호의무위반,건조,맑음,교차로 - 교차로안,승용,남,47세,상해없음,보행자,남,65세,중상
2021030800100189,2021년 3월 8일 10시,월요일,인천광역시 서구 연희동,경상사고,0,0,1,0,차대차 - 측면충돌,기타,건조,맑음,교차로 - 교차로안,화물,남,30세,상해없음,승용,남,37세,경상
2021030800100238,2021년 3월 8일 12시,월요일,인천광역시 계양구 서운동,중상사고,0,1,0,0,차대차 - 측면충돌,안전운전불이행,건조,맑음,교차로 - 교차로횡단보도내,승용,남,49세,상해없음,자전거,남,80세,중상
2021030800100275,2021년 3월 8일 13시,월요일,인천광역시 부평구 구산동,경상사고,0,0,1,0,차대차 - 추돌,안전운전불이행,건조,맑음,단일로 - 기타,승용,남,34세,상해없음,승용,남,66세,경상
2021030800100378,2021년 3월 8일 16시,월요일,인천광역시 계양구 용종동,중상사고,0,1,0,0,차대사람 - 횡단중,안전운전불이행,건조,맑음,교차로 - 교차로안,승용,남,54세,상해없음,보행자,여,15세,중상
2021030800100461,2021년 3월 8일 18시,월요일,인천광역시 남동구 장수동,경상사고,0,0,1,0,차대차 - 측면충돌,차로위반,건조,맑음,단일로 - 기타,화물,남,63세,상해없음,승용,여,58세,경상
2021030800100506,2021년 3월 8일 19시,월요일,인천광역시 부평구 부평동,경상사고,0,0,1,0,차대차 - 정면충돌,신호위반,건조,맑음,교차로 - 교차로안,승용,남,49세,상해없음,화물,남,36세,경상
2021030800100507,2021년 3월 8일 19시,월요일,인천광역시 남동구 구월동,경상사고,0,0,5,0,차대차 - 측면충돌,교차로운행방법위반,건조,맑음,교차로 - 교차로안,승용,남,54세,상해없음,승용,남,18세,경상
2021030800100508,2021년 3월 8일 19시,월요일,인천광역시 남동구 구월동,경상사고,0,0,1,0,차대차 - 정면충돌,중앙선침범,건조,맑음,교차로 - 교차로부근,승용,남,47세,상해없음,승용,남,56세,상해없음
2021030800100509,2021년 3월 8일 19시,월요일,인천광역시 계양구 작전동,중상사고,0,1,0,0,차대사람 - 차도통행중,안전운전불이행,건조,맑음,교차로 - 교차로안,승합,여,51세,상해없음,보행자,여,77세,중상
2021030800100536,2021년 3월 8일 20시,월요일,인천광역시 미추홀구 숭의동,경상사고,0,0,2,0,차대차 - 측면충돌,차로위반,건조,기타,기타 - 기타,승합,여,73세,경상,승용,남,21세,경상
2021030800100537,2021년 3월 8일 20시,월요일,인천광역시 서구 청라동,경상사고,0,0,1,0,차대사람 - 횡단중,신호위반,건조,맑음,교차로 - 교차로안,이륜,남,17세,상해없음,보행자,남,11세,경상
2021030800100538,2021년 3월 8일 20시,월요일,인천광역시 부평구 부평동,경상사고,0,0,2,0,차대차 - 추돌,안전운전불이행,건조,맑음,교차로 - 교차로부근,승용,남,22세,상해없음,승용,남,30세,경상
2021030800100564,2021년 3월 8일 21시,월요일,인천광역시 중구 운서동,경상사고,0,0,1,0,차대차 - 추돌,안전운전불이행,건조,맑음,단일로 - 기타,승용,남,49세,상해없음,승용,남,50세,경상
2021030800100565,2021년 3월 8일 21시,월요일,인천광역시 미추홀구 도화동,경상사고,0,0,1,0,차대차 - 측면충돌,안전운전불이행,건조,맑음,단일로 - 기타,승용,여,19세,상해없음,승용,남,55세,경상
2021030800100585,2021년 3월 8일 22시,월요일,인천광역시 미추홀구 주안동,경상사고,0,0,1,0,차대차 - 추돌,안전운전불이행,건조,맑음,단일로 - 기타,이륜,여,23세,상해없음,이륜,남,40세,경상
2021030900100087,2021년 3월 9일 08시,화요일,인천광역시 미추홀구 주안동,경상사고,0,0,1,0,차대차 - 추돌,신호위반,건조,맑음,단일로 - 기타,승용,남,37세,상해없음,승용,남,38세,경상
2021030900100104,2021년 3월 9일 09시,화요일,인천광역시 부평구 구산동,경상사고,0,0,1,0,차대차 - 추돌,안전운전불이행,건조,맑음,단일로 - 기타,승용,남,53세,상해없음,승용,남,36세,경상
2021030900100229,2021년 3월 9일 13시,화요일,인천광역시 남동구 서창동,경상사고,0,0,1,0,차대차 - 후진중충돌,안전운전불이행,건조,맑음,주차장 - 주차장,승용,남,59세,상해없음,승용,남,38세,경상
2021030900100264,2021년 3월 9일 14시,화요일,인천광역시 서구 왕길동,경상사고,0,0,1,0,차대차 - 측면충돌,안전운전불이행,건조,맑음,단일로 - 기타,승용,여,58세,상해없음,승용,여,36세,경상
2021030900100356,2021년 3월 9일 17시,화요일,인천광역시 옹진군 백령면,경상사고,0,0,1,0,차량단독 - 전도전복 - 전도,안전운전불이행,건조,맑음,단일로 - 기타,이륜,남,61세,경상,,,,
2021030900100357,2021년 3월 9일 17시,화요일,인천광역시 서구 검암동,경상사고,0,0,1,0,차대차 - 정면충돌,신호위반,건조,맑음,교차로 - 교차로안,승용,남,63세,상해없음,승용,남,36세,경상
2021030900100392,2021년 3월 9일 18시,화요일,인천광역시 남동구 구월동,경상사고,0,0,1,0,차대차 - 측면충돌,안전거리미확보,건조,맑음,교차로 - 교차로부근,이륜,남,28세,경상,승용,여,55세,상해없음
2021030900100393,2021년 3월 9일 18시,화요일,인천광역시 계양구 박촌동,경상사고,0,0,2,0,차대차 - 추돌,안전운전불이행,건조,맑음,단일로 - 기타,승용,남,34세,상해없음,승용,여,46세,경상
2021030900100452,2021년 3월 9일 20시,화요일,인천광역시 남동구 고잔동,경상사고,0,0,1,0,차대차 - 측면충돌,신호위반,건조,맑음,교차로 - 교차로안,승용,여,51세,상해없음,승용,남,42세,경상
2021030900100493,2021년 3월 9일 22시,화요일,인천광역시 서구 청라동,경상사고,0,0,2,0,차대차 - 추돌,안전운전불이행,건조,맑음,단일로 - 기타,화물,남,42세,상해없음,승용,남,62세,경상
2021030900100494,2021년 3월 9일 22시,화요일,인천광역시 남동구 고잔동,경상사고,0,0,1,0,차대차 - 추돌,안전운전불이행,건조,맑음,교차로 - 교차로부근,승용,남,30세,상해없음,승용,남,39세,경상
2021031000100023,2021년 3월 10일 03시,수요일,인천광역시 남동구 구월동,중상사고,0,1,0,0,차대차 - 기타,교차로운행방법위반,건조,맑음,교차로 - 교차로안,승용,남,54세,상해없음,이륜,남,63세,중상
2021031000100035,2021년 3월 10일 05시,수요일,인천광역시 서구 가좌동,중상사고,0,3,0,0,차대차 - 정면충돌,중앙선침범,건조,맑음,단일로 - 기타,승용,남,53세,중상,승용,여,28세,중상
2021031000100071,2021년 3월 10일 07시,수요일,인천광역시 서구 마전동,경상사고,0,0,2,0,차대차 - 추돌,안전운전불이행,건조,맑음,교차로 - 교차로부근,화물,남,44세,상해없음,승용,여,48세,경상
2021031000100097,2021년 3월 10일 08시,수요일,인천광역시 서구 불로동,경상사고,0,0,1,0,차대차 - 기타,신호위반,건조,맑음,교차로 - 교차로안,이륜,남,74세,상해없음,승용,여,42세,경상
2021031000100098,2021년 3월 10일 08시,수요일,인천광역시 서구 왕길동,경상사고,0,0,2,0,차대차 - 추돌,안전운전불이행,건조,맑음,교차로 - 교차로부근,승합,남,37세,상해없음,화물,남,57세,상해없음
2021031000100099,2021년 3월 10일 08시,수요일,인천광역시 강화군 선원면,중상사고,0,1,0,0,차대차 - 측면충돌,중앙선침범,젖음/습기,안개,단일로 - 기타,승용,여,52세,상해없음,승용,여,55세,중상
2021031000100216,2021년 3월 10일 12시,수요일,인천광역시 미추홀구 학익동,경상사고,0,0,1,0,차대차 - 측면충돌,안전운전불이행,건조,맑음,단일로 - 기타,승용,남,78세,상해없음,승용,남,27세,경상