사고번호,사고일시,요일,시군구,사고내용,사망자수,중상자수,경상자수,부상신고자수,사고유형,법규위반,노면상태,기상상태,도로형태,가해운전자 차종,가해운전자 성별,가해운전자 연령,가해운전자 상해정도,피해운전자 차종,피해운전자 성별,피해운전자 연령,피해운전자 상해정도
2021031600100463,2021년 3월 16일 18시,화요일,인천광역시 서구 가좌동,경상사고,0,0,1,0,차대사람 - 기타,안전운전불이행,건조,맑음,단일로 - 기타,승용,남,57세,상해없음,보행자,여,58세,경상
2021031600100464,2021년 3월 16일 18시,화요일,인천광역시 서구 청라동,경상사고,0,0,1,0,차대사람 - 보도통행중,기타,건조,맑음,단일로 - 기타,개인형이동수단(PM),여,43세,상해없음,보행자,여,32세,경상
2021031600100465,2021년 3월 16일 18시,화요일,인천광역시 연수구 동춘동,중상사고,0,1,2,0,차대사람 - 기타,안전운전불이행,건조,맑음,단일로 - 기타,승용,남,51세,상해없음,보행자,남,7세,중상
2021031600100502,2021년 3월 16일 19시,화요일,인천광역시 미추홀구 도화동,경상사고,0,0,1,0,차대사람 - 횡단중,신호위반,건조,맑음,교차로 - 교차로횡단보도내,기타불명,기타불명,미분류,기타불명,보행자,여,17세,경상
2021031600100503,2021년 3월 16일 19시,화요일,인천광역시 연수구 송도동,경상사고,0,0,2,0,차대차 - 측면충돌,안전운전불이행,건조,맑음,교차로 - 교차로안,기타불명,기타불명,미분류,기타불명,승용,여,36세,경상
2021031600100504,2021년 3월 16일 19시,화요일,인천광역시 남동구 남촌동,경상사고,0,0,1,0,차대차 - 측면충돌,차로위반,건조,맑음,단일로 - 교량,화물,남,36세,상해없음,승용,남,45세,경상
2021031600100574,2021년 3월 16일 22시,화요일,인천광역시 미추홀구 문학동,중상사고,0,1,0,0,차대사람 - 기타,안전운전불이행,건조,맑음,단일로 - 기타,승합,여,53세,상해없음,보행자,남,59세,중상
2021031600100575,2021년 3월 16일 22시,화요일,인천광역시 미추홀구 도화동,경상사고,0,0,2,0,차대차 - 정면충돌,신호위반,건조,맑음,교차로 - 교차로안,승용,여,62세,상해없음,승용,남,47세,경상
2021031700100147,2021년 3월 17일 10시,수요일,인천광역시 부평구 갈산동,경상사고,0,0,1,0,차대차 - 측면충돌,안전운전불이행,건조,맑음,교차로 - 교차로안,이륜,남,62세,상해없음,승용,남,53세,경상
2021031700100180,2021년 3월 17일 11시,수요일,인천광역시 남동구 구월동,경상사고,0,0,2,0,차대차 - 측면충돌,신호위반,건조,맑음,교차로 - 교차로안,승용,남,31세,상해없음,승용,여,46세,경상
2021031700100242,2021년 3월 17일 13시,수요일,인천광역시 남동구 구월동,경상사고,0,0,1,0,차대차 - 기타,안전운전불이행,건조,맑음,교차로 - 교차로부근,화물,남,55세,상해없음,승합,남,62세,상해없음
2021031700100281,2021년 3월 17일 14시,수요일,인천광역시 남동구 구월동,경상사고,0,0,2,0,차대차 - 측면충돌,교차로운행방법위반,건조,맑음,교차로 - 교차로안,승용,여,65세,상해없음,승용,남,61세,경상
2021031700100282,2021년 3월 17일 14시,수요일,인천광역시 계양구 계산동,경상사고,0,0,1,0,차대사람 - 횡단중,보행자보호의무위반,건조,맑음,단일로 - 기타,승용,남,54세,상해없음,보행자,여,55세,경상
2021031700100317,2021년 3월 17일 15시,수요일,인천광역시 계양구 서운동,중상사고,0,1,0,0,차대사람 - 횡단중,안전운전불이행,건조,맑음,교차로 - 교차로횡단보도내,이륜,남,39세,상해없음,보행자,여,65세,중상
2021031700100351,2021년 3월 17일 16시,수요일,인천광역시 연수구 동춘동,경상사고,0,0,1,0,차대사람 - 횡단중,신호위반,건조,맑음,교차로 - 교차로횡단보도내,자전거,남,26세,상해없음,보행자,여,64세,경상
2021031700100395,2021년 3월 17일 17시,수요일,인천광역시 서구 마전동,중상사고,0,1,0,0,차대차 - 측면충돌,안전운전불이행,건조,맑음,단일로 - 기타,승합,여,51세,상해없음,자전거,남,74세,중상
2021031700100434,2021년 3월 17일 18시,수요일,인천광역시 남동구 간석동,중상사고,0,1,0,0,차대차 - 측면충돌,신호위반,건조,맑음,교차로 - 교차로안,승용,남,27세,상해없음,이륜,남,50세,중상
2021031700100469,2021년 3월 17일 19시,수요일,인천광역시 부평구 삼산동,경상사고,0,0,1,0,차대차 - 기타,안전운전불이행,건조,맑음,교차로 - 교차로안,승용,여,38세,상해없음,승용,남,27세,경상
2021031700100539,2021년 3월 17일 21시,수요일,인천광역시 미추홀구 학익동,경상사고,0,0,1,0,차대차 - 후진중충돌,중앙선침범,건조,맑음,단일로 - 기타,승용,남,24세,상해없음,승합,남,63세,경상
2021031700100540,2021년 3월 17일 21시,수요일,인천광역시 서구 공촌동,경상사고,0,0,1,0,차대차 - 추돌,안전운전불이행,건조,맑음,단일로 - 기타,승용,남,32세,상해없음,승용,여,34세,경상
2021031800100010,2021년 3월 18일 00시,목요일,인천광역시 부평구 부평동,경상사고,0,0,1,0,차대사람 - 횡단중,보행자보호의무위반,건조,맑음,교차로 - 교차로횡단보도내,이륜,남,38세,상해없음,보행자,여,21세,경상
2021031800100014,2021년 3월 18일 01시,목요일,인천광역시 부평구 십정동,사망사고,1,0,0,0,차량단독 - 전도전복 - 전도,안전운전불이행,건조,맑음,교차로 - 교차로안,승용,남,27세,사망,,,,
2021031800100015,2021년 3월 18일 01시,목요일,인천광역시 서구 백석동,경상사고,0,0,3,0,차대차 - 추돌,안전운전불이행,건조,맑음,교차로 - 교차로부근,승용,남,26세,상해없음,승용,남,54세,경상
2021031800100072,2021년 3월 18일 07시,목요일,인천광역시 계양구 효성동,중상사고,0,1,0,0,차대차 - 측면충돌,교차로운행방법위반,건조,맑음,교차로 - 교차로부근,화물,남,51세,상해없음,승용,남,25세,중상
2021031800100105,2021년 3월 18일 08시,목요일,인천광역시 동구 송림동,중상사고,0,1,0,0,차대사람 - 횡단중,보행자보호의무위반,건조,맑음,교차로 - 교차로횡단보도내,화물,남,23세,상해없음,보행자,남,65세,중상
2021031800100106,2021년 3월 18일 08시,목요일,인천광역시 강화군 불은면,경상사고,0,0,1,0,차대차 - 측면충돌,안전운전불이행,건조,맑음,교차로 - 교차로안,화물,남,78세,상해없음,승용,여,22세,경상
2021031800100150,2021년 3월 18일 10시,목요일,인천광역시 동구 만석동,중상사고,0,1,0,0,차대사람 - 기타,안전운전불이행,건조,맑음,단일로 - 기타,승용,남,74세,상해없음,보행자,여,61세,중상
2021031800100151,2021년 3월 18일 10시,목요일,인천광역시 부평구 삼산동,중상사고,0,1,1,0,차대차 - 추돌,안전운전불이행,건조,맑음,단일로 - 기타,화물,남,25세,상해없음,승용,여,33세,중상
2021031800100176,2021년 3월 18일 11시,목요일,인천광역시 미추홀구 문학동,경상사고,0,0,1,0,차대차 - 추돌,안전운전불이행,건조,맑음,단일로 - 기타,승용,남,61세,상해없음,화물,남,58세,경상
2021031800100177,2021년 3월 18일 11시,목요일,인천광역시 미추홀구 주안동,경상사고,0,0,1,0,차대차 - 추돌,안전운전불이행,건조,맑음,단일로 - 기타,화물,남,67세,상해없음,원동기,여,31세,경상
2021031800100178,2021년 3월 18일 11시,목요일,인천광역시 계양구 작전동,경상사고,0,0,1,0,차대차 - 추돌,안전거리미확보,건조,맑음,단일로 - 기타,승용,남,60세,상해없음,승용,남,27세,상해없음
2021031800100210,2021년 3월 18일 12시,목요일,인천광역시 미추홀구 주안동,부상신고사고,0,0,0,1,차대사람 - 길가장자리구역통행중,안전운전불이행,건조,맑음,단일로 - 기타,승용,남,39세,상해없음,보행자,여,11세,부상신고
2021031800100237,2021년 3월 18일 13시,목요일,인천광역시 중구 신흥동3가,사망사고,1,0,0,0,차대사람 - 횡단중,안전운전불이행,건조,맑음,교차로 - 교차로횡단보도내,화물,남,65세,상해없음,보행자,여,9세,사망
2021031800100238,2021년 3월 18일 13시,목요일,인천광역시 미추홀구 용현동,경상사고,0,0,1,0,차대사람 - 기타,안전운전불이행,건조,맑음,기타 - 기타,승용,남,45세,상해없음,보행자,여,8세,경상
2021031800100273,2021년 3월 18일 14시,목요일,인천광역시 부평구 부개동,경상사고,0,0,1,0,차대차 - 후진중충돌,안전운전불이행,건조,맑음,단일로 - 기타,승용,남,33세,상해없음,이륜,남,46세,경상
2021031800100305,2021년 3월 18일 15시,목요일,인천광역시 부평구 부개동,경상사고,0,0,1,0,차대사람 - 횡단중,안전운전불이행,건조,맑음,교차로 - 교차로안,화물,남,23세,상해없음,보행자,남,57세,경상
2021031800100340,2021년 3월 18일 16시,목요일,인천광역시 중구 중산동,경상사고,0,0,1,0,차량단독 - 기타,안전운전불이행,건조,맑음,단일로 - 기타,승합,남,64세,상해없음,,,,
2021031800100341,2021년 3월 18일 16시,목요일,인천광역시 미추홀구 주안동,경상사고,0,0,1,0,차대사람 - 기타,안전운전불이행,건조,맑음,미분류 - 미분류,승용,남,25세,기타불명,보행자,남,55세,경상
2021031800100342,2021년 3월 18일 16시,목요일,인천광역시 부평구 산곡동,경상사고,0,0,1,0,차대차 - 정면충돌,안전운전불이행,건조,맑음,교차로 - 교차로부근,승용,남,26세,상해없음,승용,남,29세,경상
2021031800100343,2021년 3월 18일 16시,목요일,인천광역시 서구 청라동,경상사고,0,0,2,0,차대차 - 측면충돌,안전운전불이행,건조,맑음,단일로 - 기타,승용,여,63세,상해없음,승용,여,18세,상해없음
2021031800100380,2021년 3월 18일 17시,목요일,인천광역시 강화군 선원면,사망사고,1,0,0,0,차대차 - 추돌,안전운전불이행,건조,맑음,단일로 - 지하차도(도로)내,화물,남,31세,상해없음,농기계,남,83세,사망
2021031800100381,2021년 3월 18일 17시,목요일,인천광역시 연수구 청학동,경상사고,0,0,1,0,차대사람 - 횡단중,보행자보호의무위반,건조,맑음,교차로 - 교차로횡단보도내,승용,남,60세,상해없음,보행자,여,59세,경상
2021031800100408,2021년 3월 18일 18시,목요일,인천광역시 서구 경서동,경상사고,0,0,1,0,차대차 - 측면충돌,안전운전불이행,건조,맑음,교차로 - 교차로부근,승용,남,63세,상해없음,승용,남,40세,경상
2021031800100440,2021년 3월 18일 19시,목요일,인천광역시 미추홀구 도화동,경상사고,0,0,1,0,차대차 - 측면충돌,교차로운행방법위반,건조,맑음,교차로 - 교차로안,승용,남,53세,상해없음,이륜,남,40세,경상
2021031800100441,2021년 3월 18일 19시,목요일,인천광역시 부평구 부평동,경상사고,0,0,1,0,차대사람 - 보도통행중,안전운전불이행,건조,맑음,단일로 - 기타,승용,남,36세,상해없음,보행자,남,34세,경상
2021031800100442,2021년 3월 18일 19시,목요일,인천광역시 계양구 계산동,중상사고,0,1,0,0,차대사람 - 차도통행중,안전운전불이행,건조,맑음,단일로 - 기타,화물,남,60세,상해없음,보행자,남,61세,중상
2021031800100488,2021년 3월 18일 21시,목요일,인천광역시 계양구 용종동,경상사고,0,0,1,0,차대차 - 측면충돌,차로위반,건조,맑음,교차로 - 교차로안,승용,남,56세,기타불명,승용,여,18세,경상
2021031800100489,2021년 3월 18일 21시,목요일,인천광역시 부평구 갈산동,경상사고,0,0,1,0,차대차 - 측면충돌,안전운전불이행,건조,맑음,단일로 - 기타,이륜,남,55세,상해없음,이륜,남,26세,경상
2021031800100506,2021년 3월 18일 22시,목요일,인천광역시 남동구 도림동,경상사고,0,0,1,0,차대차 - 측면충돌,안전운전불이행,건조,맑음,단일로 - 기타,승용,남,59세,상해없음,승용,남,49세,경상
2021031800100507,2021년 3월 18일 22시,목요일,인천광역시 남동구 서창동,중상사고,0,1,1,0,차대차 - 정면충돌,중앙선침범,건조,맑음,단일로 - 기타,승용,남,58세,상해없음,승용,여,26세,중상
2021031900100007,2021년 3월 19일 00시,금요일,인천광역시 계양구 효성동,경상사고,0,0,3,0,차대차 - 측면충돌,안전운전불이행,건조,맑음,교차로 - 교차로안,승용,남,38세,상해없음,승용,남,35세,경상
2021031900100036,2021년 3월 19일 05시,금요일,인천광역시 부평구 부평동,경상사고,0,0,1,0,차대차 - 추돌,안전운전불이행,건조,맑음,교차로 - 교차로부근,승용,남,54세,상해없음,화물,남,42세,경상
2021031900100037,2021년 3월 19일 05시,금요일,인천광역시 남동구 간석동,경상사고,0,0,1,0,차대차 - 추돌,안전운전불이행,건조,맑음,교차로 - 교차로부근,승용,남,54세,상해없음,승용,남,59세,경상
2021031900100045,2021년 3월 19일 06시,금요일,인천광역시 부평구 삼산동,경상사고,0,0,1,0,차대차 - 정면충돌,안전운전불이행,건조,맑음,교차로 - 교차로부근,승용,남,63세,기타불명,화물,남,53세,경상
2021031900100056,2021년 3월 19일 07시,금요일,인천광역시 서구 가정동,경상사고,0,0,8,0,차대차 - 측면충돌,신호위반,건조,맑음,교차로 - 교차로안,건설기계,남,56세,상해없음,승합,남,48세,경상
2021031900100096,2021년 3월 19일 08시,금요일,인천광역시 부평구 부평동,경상사고,0,0,1,0,차대차 - 측면충돌,안전운전불이행,건조,맑음,교차로 - 교차로안,승용,여,43세,기타불명,화물,남,44세,경상
2021031900100097,2021년 3월 19일 08시,금요일,인천광역시 서구 오류동,중상사고,0,1,1,0,차대차 - 추돌,안전운전불이행,건조,맑음,단일로 - 기타,승용,남,58세,상해없음,화물,남,56세,경상
2021031900100125,2021년 3월 19일 09시,금요일,인천광역시 남동구 장수동,경상사고,0,0,1,0,차대차 - 추돌,안전운전불이행,건조,맑음,교차로 - 교차로부근,승용,남,45세,상해없음,승용,남,43세,경상
2021031900100158,2021년 3월 19일 10시,금요일,인천광역시 강화군 강화읍,경상사고,0,0,1,0,차대차 - 측면충돌,안전운전불이행,건조,맑음,단일로 - 기타,건설기계,남,51세,상해없음,특수,남,49세,경상
2021031900100159,2021년 3월 19일 10시,금요일,인천광역시 남동구 고잔동,중상사고,0,1,0,0,차대차 - 측면충돌,안전운전불이행,건조,맑음,교차로 - 교차로부근,승용,여,60세,상해없음,자전거,남,60세,중상
2021031900100261,2021년 3월 19일 13시,금요일,인천광역시 연수구 옥련동,경상사고,0,0,1,0,차대차 - 측면충돌,안전운전불이행,건조,맑음,단일로 - 지하차도(도로)내,특수,남,50세,상해없음,승용,남,49세,경상
2021031900100335,2021년 3월 19일 15시,금요일,인천광역시 서구 오류동,중상사고,0,1,0,0,차대차 - 측면충돌,안전운전불이행,건조,맑음,단일로 - 지하차도(도로)내,승용,남,73세,상해없음,승용,여,30세,중상
2021031900100336,2021년 3월 19일 15시,금요일,인천광역시 연수구 송도동,경상사고,0,0,1,0,차대차 - 측면충돌,안전거리미확보,건조,맑음,교차로 - 교차로부근,승용,여,43세,상해없음,화물,남,39세,경상
2021031900100381,2021년 3월 19일 16시,금요일,인천광역시 남동구 간석동,중상사고,0,1,0,0,차대차 - 측면충돌,안전운전불이행,건조,맑음,단일로 - 기타,승용,남,25세,상해없음,이륜,남,20세,중상
2021031900100432,2021년 3월 19일 17시,금요일,인천광역시 남동구 구월동,경상사고,0,0,1,0,차대차 - 기타,차로위반,건조,맑음,교차로 - 교차로부근,승용,남,43세,상해없음,이륜,남,34세,경상
2021031900100470,2021년 3월 19일 18시,금요일,인천광역시 중구 운서동,중상사고,0,1,0,0,차량단독 - 기타,안전운전불이행,건조,맑음,단일로 - 기타,승용,여,36세,상해없음,,,,
2021031900100471,2021년 3월 19일 18시,금요일,인천광역시 계양구 선주지동,경상사고,0,0,1,0,차대차 - 추돌,안전거리미확보,건조,맑음,단일로 - 기타,승용,남,54세,상해없음,승용,남,41세,경상
2021031900100514,2021년 3월 19일 19시,금요일,인천광역시 남동구 구월동,중상사고,0,1,0,0,차대차 - 측면충돌,안전거리미확보,건조,맑음,교차로 - 교차로부근,승용,남,58세,상해없음,승용,남,55세,중상
2021031900100515,2021년 3월 19일 19시,금요일,인천광역시 계양구 병방동,경상사고,0,0,1,0,차대사람 - 횡단중,교차로운행방법위반,건조,맑음,교차로 - 교차로안,승용,남,66세,상해없음,보행자,여,55세,경상
2021031900100516,2021년 3월 19일 19시,금요일,인천광역시 계양구 계산동,경상사고,0,0,1,0,차대차 - 후진중충돌,안전운전불이행,건조,맑음,교차로 - 교차로부근,승용,남,61세,상해없음,승용,남,40세,경상
2021031900100517,2021년 3월 19일 19시,금요일,인천광역시 남동구 장수동,경상사고,0,0,1,0,차대차 - 측면충돌,안전운전불이행,건조,맑음,교차로 - 교차로부근,승용,남,63세,상해없음,승용,남,36세,경상
2021031900100595,2021년 3월 19일 21시,금요일,인천광역시 연수구 송도동,경상사고,0,0,1,0,차대차 - 측면충돌,교차로운행방법위반,건조,맑음,교차로 - 교차로부근,승용,여,64세,상해없음,승용,여,44세,경상
2021031900100634,2021년 3월 19일 22시,금요일,인천광역시 서구 가정동,경상사고,0,0,1,0,차대차 - 정면충돌,중앙선침범,건조,맑음,단일로 - 기타,승용,여,48세,상해없음,승용,여,42세,경상
2021031900100635,2021년 3월 19일 22시,금요일,인천광역시 연수구 송도동,경상사고,0,0,2,0,차대차 - 추돌,안전거리미확보,건조,맑음,교차로 - 교차로부근,승용,남,23세,상해없음,승용,남,49세,경상
2021031900100663,2021년 3월 19일 23시,금요일,인천광역시 부평구 청천동,경상사고,0,0,1,0,차대차 - 측면충돌,안전운전불이행,건조,맑음,교차로 - 교차로부근,승용,남,28세,상해없음,승용,남,33세,경상
2021032000100017,2021년 3월 20일 01시,토요일,인천광역시 부평구 부평동,중상사고,0,1,0,0,차대차 - 측면충돌,신호위반,건조,맑음,교차로 - 교차로부근,승용,남,18세,상해없음,특수,남,27세,중상
2021032000100038,2021년 3월 20일 05시,토요일,인천광역시 미추홀구 주안동,부상신고사고,0,0,0,1,차대사람 - 기타,안전운전불이행,건조,맑음,단일로 - 기타,기타불명,기타불명,미분류,기타불명,보행자,남,38세,부상신고
2021032000100088,2021년 3월 20일 09시,토요일,인천광역시 남동구 남촌동,경상사고,0,0,1,0,차대차 - 측면충돌,신호위반,건조,맑음,교차로 - 교차로부근,승용,남,85세,상해없음,승용,여,36세,경상
2021032000100107,2021년 3월 20일 10시,토요일,인천광역시 미추홀구 문학동,경상사고,0,0,1,0,차대차 - 측면충돌,안전운전불이행,건조,맑음,단일로 - 기타,화물,남,57세,상해없음,승용,남,37세,경상
2021032000100131,2021년 3월 20일 11시,토요일,인천광역시 미추홀구 숭의동,경상사고,0,0,1,0,차대차 - 측면충돌,안전운전불이행,젖음/습기,비,단일로 - 기타,승용,남,33세,상해없음,승용,여,47세,경상
2021032000100132,2021년 3월 20일 11시,토요일,인천광역시 남동구 구월동,경상사고,0,0,4,0,차대차 - 측면충돌,안전거리미확보,젖음/습기,비,단일로 - 기타,승용,남,27세,상해없음,승용,남,55세,경상
2021032000100214,2021년 3월 20일 13시,토요일,인천광역시 남동구 수산동,경상사고,0,0,1,0,차량단독 - 공작물충돌,안전운전불이행,젖음/습기,비,단일로 - 기타,승용,남,62세,상해없음,,,,
2021032000100254,2021년 3월 20일 14시,토요일,인천광역시 계양구 작전동,경상사고,0,0,2,0,차대차 - 추돌,안전운전불이행,건조,맑음,단일로 - 기타,승용,남,55세,상해없음,승용,여,53세,경상
2021032000100275,2021년 3월 20일 15시,토요일,인천광역시 중구 신흥동3가,중상사고,0,1,0,0,차대차 - 측면충돌,안전거리미확보,건조,맑음,교차로 - 교차로부근,승용,남,31세,상해없음,이륜,남,29세,중상
2021032000100276,2021년 3월 20일 15시,토요일,인천광역시 남동구 도림동,부상신고사고,0,0,0,1,차대차 - 기타,안전운전불이행,젖음/습기,흐림,단일로 - 기타,승용,남,60세,상해없음,이륜,남,76세,부상신고
2021032000100303,2021년 3월 20일 16시,토요일,인천광역시 미추홀구 용현동,중상사고,0,1,2,0,차대차 - 측면충돌,안전운전불이행,건조,맑음,단일로 - 기타,승용,남,37세,상해없음,승용,남,51세,경상
2021032000100304,2021년 3월 20일 16시,토요일,인천광역시 남동구 구월동,중상사고,0,1,2,0,차대차 - 측면충돌,안전운전불이행,건조,맑음,단일로 - 기타,승용,남,56세,상해없음,승용,남,25세,경상
2021032000100305,2021년 3월 20일 16시,토요일,인천광역시 연수구 연수동,경상사고,0,0,4,0,차대차 - 후진중충돌,안전운전불이행,건조,맑음,교차로 - 교차로안,승용,여,62세,상해없음,승용,남,63세,경상
2021032000100306,2021년 3월 20일 16시,토요일,인천광역시 남동구 장수동,경상사고,0,0,4,0,차대차 - 추돌,안전운전불이행,건조,맑음,단일로 - 기타,승용,남,49세,상해없음,승용,여,48세,경상
2021032000100370,2021년 3월 20일 18시,토요일,인천광역시 남동구 구월동,경상사고,0,0,1,0,차대차 - 추돌,안전운전불이행,건조,맑음,단일로 - 기타,승용,남,50세,상해없음,승용,남,26세,경상
2021032000100407,2021년 3월 20일 19시,토요일,인천광역시 미추홀구 학익동,경상사고,0,0,1,0,차대차 - 추돌,안전운전불이행,건조,맑음,단일로 - 기타,승합,여,37세,상해없음,승용,남,29세,경상
2021032000100444,2021년 3월 20일 20시,토요일,인천광역시 서구 심곡동,경상사고,0,0,1,0,차대사람 - 횡단중,안전운전불이행,건조,맑음,교차로 - 교차로부근,승용,남,26세,상해없음,보행자,남,51세,경상
2021032000100465,2021년 3월 20일 21시,토요일,인천광역시 서구 석남동,경상사고,0,0,1,0,차대사람 - 기타,안전운전불이행,건조,맑음,교차로 - 교차로횡단보도내,이륜,남,53세,상해없음,보행자,남,54세,경상
2021032000100499,2021년 3월 20일 22시,토요일,인천광역시 부평구 청천동,경상사고,0,0,1,0,차대사람 - 길가장자리구역통행중,안전운전불이행,건조,맑음,교차로 - 교차로부근,승용,남,65세,상해없음,보행자,남,41세,경상
2021032000100500,2021년 3월 20일 22시,토요일,인천광역시 남동구 구월동,경상사고,0,0,1,0,차대사람 - 기타,안전운전불이행,건조,맑음,교차로 - 교차로안,승용,남,21세,상해없음,보행자,남,30세,경상
2021032000100501,2021년 3월 20일 22시,토요일,인천광역시 강화군 양도면,경상사고,0,0,2,0,차대차 - 측면충돌,중앙선침범,건조,맑음,단일로 - 기타,승용,남,43세,상해없음,승용,남,60세,경상
2021032000100502,2021년 3월 20일 22시,토요일,인천광역시 부평구 부평동,경상사고,0,0,2,0,차대차 - 측면충돌,직진우회전진행방해,건조,맑음,교차로 - 교차로안,승용,남,40세,상해없음,승용,남,29세,경상
2021032100100052,2021년 3월 21일 07시,일요일,인천광역시 중구 신흥동3가,경상사고,0,0,2,0,차대차 - 추돌,안전운전불이행,젖음/습기,비,교차로 - 교차로부근,승용,남,68세,상해없음,화물,남,39세,경상
2021032100100120,2021년 3월 21일 12시,일요일,인천광역시 서구 가좌동,경상사고,0,0,1,0,차대차 - 추돌,안전운전불이행,젖음/습기,흐림,단일로 - 기타,이륜,남,34세,상해없음,승용,남,51세,경상
2021032100100185,2021년 3월 21일 14시,일요일,인천광역시 중구 운서동,중상사고,0,1,0,0,차대차 - 측면충돌,안전운전불이행,건조,맑음,단일로 - 기타,승용,남,34세,상해없음,이륜,남,28세,중상
2021032100100186,2021년 3월 21일 14시,일요일,인천광역시 계양구 병방동,경상사고,0,0,1,0,차대차 - 기타,안전운전불이행,건조,맑음,교차로 - 교차로부근,자전거,남,51세,경상,승용,남,25세,상해없음
2021032100100187,2021년 3월 21일 14시,일요일,인천광역시 부평구 부개동,경상사고,0,0,3,0,차대차 - 기타,중앙선침범,건조,맑음,단일로 - 기타,승용,여,64세,상해없음,승용,남,29세,경상
2021032100100188,2021년 3월 21일 14시,일요일,인천광역시 부평구 부평동,중상사고,0,1,4,0,차대차 - 기타,안전운전불이행,건조,맑음,기타 - 기타,승용,남,54세,상해없음,승용,여,45세,경상
2021032100100221,2021년 3월 21일 15시,일요일,인천광역시 미추홀구 숭의동,중상사고,0,1,1,0,차대차 - 측면충돌,안전거리미확보,건조,맑음,교차로 - 교차로부근,승용,남,30세,상해없음,승용,남,39세,경상
2021032100100222,2021년 3월 21일 15시,일요일,인천광역시 계양구 용종동,경상사고,0,0,1,0,차대차 - 기타,안전운전불이행,건조,맑음,교차로 - 교차로부근,화물,남,66세,상해없음,자전거,여,9세,경상
2021032100100223,2021년 3월 21일 15시,일요일,인천광역시 부평구 갈산동,부상신고사고,0,0,0,1,차대사람 - 기타,안전운전불이행,건조,맑음,단일로 - 기타,승용,남,28세,상해없음,보행자,남,20세,부상신고
2021032100100257,2021년 3월 21일 16시,일요일,인천광역시 계양구 계산동,경상사고,0,0,1,0,차대차 - 추돌,안전거리미확보,건조,맑음,교차로 - 교차로부근,승용,남,56세,상해없음,승용,여,50세,경상
2021032100100258,2021년 3월 21일 16시,일요일,인천광역시 남동구 장수동,경상사고,0,0,1,0,차대사람 - 횡단중,안전운전불이행,건조,맑음,단일로 - 기타,자전거,남,17세,상해없음,보행자,남,5세,경상
2021032100100381,2021년 3월 21일 20시,일요일,인천광역시 미추홀구 주안동,경상사고,0,0,1,0,차대차 - 측면충돌,안전운전불이행,건조,맑음,단일로 - 기타,승용,여,52세,상해없음,이륜,남,29세,경상
2021032100100382,2021년 3월 21일 20시,일요일,인천광역시 부평구 삼산동,경상사고,0,0,1,0,차대차 - 추돌,안전거리미확보,건조,맑음,단일로 - 기타,승용,남,22세,상해없음,이륜,남,52세,경상
2021032100100419,2021년 3월 21일 22시,일요일,인천광역시 계양구 계산동,경상사고,0,0,3,0,차대차 - 기타,신호위반,건조,맑음,단일로 - 기타,승용,남,48세,상해없음,승용,남,69세,상해없음
2021032100100430,2021년 3월 21일 23시,일요일,인천광역시 미추홀구 주안동,경상사고,0,0,2,0,차대차 - 추돌,안전운전불이행,건조,맑음,단일로 - 기타,승용,남,25세,상해없음,승용,여,22세,경상
2021032200100104,2021년 3월 22일 08시,월요일,인천광역시 미추홀구 용현동,경상사고,0,0,2,0,차대차 - 측면충돌,안전거리미확보,건조,맑음,단일로 - 기타,승용,여,37세,상해없음,승용,여,48세,경상
2021032200100105,2021년 3월 22일 08시,월요일,인천광역시 남동구 구월동,경상사고,0,0,1,0,차대사람 - 길가장자리구역통행중,안전운전불이행,건조,맑음,교차로 - 교차로부근,승용,남,58세,상해없음,보행자,여,51세,경상
2021032200100106,2021년 3월 22일 08시,월요일,인천광역시 연수구 청학동,경상사고,0,0,1,0,차대사람 - 횡단중,보행자보호의무위반,건조,맑음,교차로 - 교차로횡단보도내,승용,여,47세,상해없음,보행자,남,28세,경상
2021032200100167,2021년 3월 22일 10시,월요일,인천광역시 서구 왕길동,경상사고,0,0,1,0,차대사람 - 기타,안전운전불이행,건조,맑음,단일로 - 지하차도(도로)내,승합,남,51세,상해없음,보행자,여,25세,경상
2021032200100262,2021년 3월 22일 13시,월요일,인천광역시 미추홀구 도화동,경상사고,0,0,2,0,차대차 - 측면충돌,안전거리미확보,건조,맑음,단일로 - 기타,승용,남,64세,상해없음,승용,남,34세,경상
2021032200100263,2021년 3월 22일 13시,월요일,인천광역시 서구 가좌동,중상사고,0,1,0,0,차대차 - 기타,안전운전불이행,건조,맑음,단일로 - 기타,건설기계,남,56세,상해없음,이륜,남,56세,중상
2021032200100299,2021년 3월 22일 14시,월요일,인천광역시 서구 석남동,중상사고,0,1,0,0,차대사람 - 횡단중,안전운전불이행,건조,맑음,단일로 - 기타,승용,여,59세,상해없음,보행자,남,41세,중상
2021032200100300,2021년 3월 22일 14시,월요일,인천광역시 부평구 갈산동,경상사고,0,0,1,0,차대차 - 측면충돌,차로위반,건조,맑음,교차로 - 교차로안,승용,남,57세,상해없음,승용,남,41세,경상
2021032200100373,2021년 3월 22일 16시,월요일,인천광역시 남동구 만수동,경상사고,0,0,1,0,차대사람 - 기타,안전운전불이행,건조,맑음,단일로 - 기타,승용,여,76세,상해없음,보행자,여,76세,경상
2021032200100374,2021년 3월 22일 16시,월요일,인천광역시 서구 청라동,경상사고,0,0,2,0,차대차 - 기타,안전운전불이행,건조,맑음,단일로 - 기타,승용,남,40세,경상,승용,남,31세,경상