사고번호,사고일시,요일,시군구,사고내용,사망자수,중상자수,경상자수,부상신고자수,사고유형,법규위반,노면상태,기상상태,도로형태,가해운전자 차종,가해운전자 성별,가해운전자 연령,가해운전자 상해정도,피해운전자 차종,피해운전자 성별,피해운전자 연령,피해운전자 상해정도
2021041900100113,2021년 4월 19일 08시,월요일,인천광역시 연수구 동춘동,경상사고,0,0,2,0,차대차 - 측면충돌,신호위반,건조,맑음,교차로 - 교차로안,승용,여,49세,상해없음,승용,남,28세,경상
2021041900100114,2021년 4월 19일 08시,월요일,인천광역시 남동구 남촌동,중상사고,0,1,1,0,차대차 - 측면충돌,기타,건조,맑음,단일로 - 고가도로위,승용,여,41세,상해없음,승용,남,29세,경상
2021041900100149,2021년 4월 19일 09시,월요일,인천광역시 중구 신흥동3가,경상사고,0,0,1,0,차대차 - 측면충돌,안전운전불이행,건조,맑음,교차로 - 교차로안,승용,남,55세,기타불명,화물,남,59세,경상
2021041900100150,2021년 4월 19일 09시,월요일,인천광역시 부평구 삼산동,경상사고,0,0,1,0,차대차 - 추돌,안전운전불이행,건조,맑음,단일로 - 고가도로위,승용,여,62세,상해없음,승용,남,34세,경상
2021041900100218,2021년 4월 19일 11시,월요일,인천광역시 계양구 작전동,중상사고,0,1,0,0,차대차 - 측면충돌,안전거리미확보,건조,맑음,기타 - 기타,건설기계,남,66세,상해없음,승용,남,68세,중상
2021041900100242,2021년 4월 19일 12시,월요일,인천광역시 남동구 구월동,경상사고,0,0,1,0,차대사람 - 횡단중,안전운전불이행,건조,맑음,교차로 - 교차로부근,승용,남,64세,상해없음,보행자,여,23세,경상
2021041900100243,2021년 4월 19일 12시,월요일,인천광역시 서구 원당동,경상사고,0,0,1,0,차대차 - 측면충돌,안전운전불이행,건조,맑음,교차로 - 교차로부근,건설기계,남,51세,상해없음,승용,여,69세,경상
2021041900100302,2021년 4월 19일 14시,월요일,인천광역시 부평구 부평동,경상사고,0,0,1,0,차대차 - 측면충돌,안전운전불이행,건조,맑음,교차로 - 교차로부근,승용,여,44세,상해없음,승용,남,24세,경상
2021041900100303,2021년 4월 19일 14시,월요일,인천광역시 남동구 간석동,경상사고,0,0,1,0,차대사람 - 횡단중,보행자보호의무위반,건조,맑음,교차로 - 교차로횡단보도내,화물,남,53세,상해없음,보행자,남,55세,경상
2021041900100337,2021년 4월 19일 15시,월요일,인천광역시 강화군 내가면,경상사고,0,0,1,0,차대사람 - 기타,안전운전불이행,건조,맑음,주차장 - 주차장,승용,여,50세,상해없음,보행자,여,81세,경상
2021041900100429,2021년 4월 19일 17시,월요일,인천광역시 서구 당하동,경상사고,0,0,1,0,차대차 - 측면충돌,안전운전불이행,건조,맑음,단일로 - 지하차도(도로)내,건설기계,남,62세,상해없음,승용,남,41세,경상
2021041900100490,2021년 4월 19일 19시,월요일,인천광역시 부평구 부평동,경상사고,0,0,1,0,차대차 - 측면충돌,안전운전불이행,건조,맑음,교차로 - 교차로안,승용,남,21세,상해없음,승용,남,61세,경상
2021041900100491,2021년 4월 19일 19시,월요일,인천광역시 서구 원창동,경상사고,0,0,1,0,차대차 - 기타,안전운전불이행,건조,맑음,단일로 - 기타,화물,남,68세,상해없음,승용,남,32세,경상
2021041900100492,2021년 4월 19일 19시,월요일,인천광역시 계양구 박촌동,경상사고,0,0,1,0,차대차 - 측면충돌,신호위반,건조,맑음,교차로 - 교차로안,이륜,남,42세,상해없음,승용,여,28세,경상
2021041900100525,2021년 4월 19일 20시,월요일,인천광역시 계양구 효성동,경상사고,0,0,1,0,차대차 - 측면충돌,안전거리미확보,건조,맑음,단일로 - 교량,승용,남,59세,상해없음,승용,남,29세,경상
2021041900100547,2021년 4월 19일 21시,월요일,인천광역시 부평구 산곡동,중상사고,0,1,0,0,차대사람 - 횡단중,안전운전불이행,건조,맑음,교차로 - 교차로안,승용,여,31세,상해없음,보행자,남,32세,중상
2021041900100548,2021년 4월 19일 21시,월요일,인천광역시 서구 청라동,경상사고,0,0,1,0,차대차 - 기타,안전운전불이행,건조,맑음,교차로 - 교차로부근,기타불명,기타불명,미분류,기타불명,자전거,남,11세,경상
2021041900100549,2021년 4월 19일 21시,월요일,인천광역시 서구 경서동,경상사고,0,0,1,0,차대차 - 추돌,안전운전불이행,건조,맑음,교차로 - 교차로부근,승용,남,26세,상해없음,승용,여,57세,경상
2021041900100574,2021년 4월 19일 22시,월요일,인천광역시 미추홀구 주안동,중상사고,0,1,2,0,차대차 - 기타,안전운전불이행,건조,맑음,단일로 - 기타,이륜,남,26세,상해없음,승용,남,26세,경상
2021041900100575,2021년 4월 19일 22시,월요일,인천광역시 부평구 갈산동,경상사고,0,0,3,0,차대차 - 추돌,안전운전불이행,건조,맑음,교차로 - 교차로부근,이륜,남,26세,상해없음,승용,남,29세,경상
2021041900100587,2021년 4월 19일 23시,월요일,인천광역시 부평구 부개동,경상사고,0,0,1,0,차대사람 - 횡단중,신호위반,건조,맑음,교차로 - 교차로안,승용,남,40세,상해없음,보행자,여,19세,경상
2021042000100023,2021년 4월 20일 04시,화요일,인천광역시 미추홀구 주안동,경상사고,0,0,1,0,차대차 - 측면충돌,안전운전불이행,건조,맑음,단일로 - 기타,승용,남,49세,상해없음,승용,남,26세,경상
2021042000100024,2021년 4월 20일 04시,화요일,인천광역시 남동구 고잔동,사망사고,1,0,0,0,차량단독 - 공작물충돌,안전운전불이행,건조,맑음,교차로 - 교차로부근,승용,남,36세,사망,,,,
2021042000100100,2021년 4월 20일 08시,화요일,인천광역시 중구 중산동,경상사고,0,0,2,0,차대차 - 측면충돌,신호위반,건조,맑음,교차로 - 교차로안,승용,여,34세,상해없음,승용,여,64세,경상
2021042000100101,2021년 4월 20일 08시,화요일,인천광역시 부평구 청천동,경상사고,0,0,1,0,차대차 - 측면충돌,안전운전불이행,건조,맑음,단일로 - 기타,승용,남,48세,상해없음,승용,남,36세,경상
2021042000100102,2021년 4월 20일 08시,화요일,인천광역시 서구 마전동,경상사고,0,0,1,0,차대차 - 기타,안전운전불이행,건조,맑음,기타 - 기타,승용,남,55세,상해없음,승용,여,41세,경상
2021042000100179,2021년 4월 20일 10시,화요일,인천광역시 미추홀구 용현동,경상사고,0,0,2,0,차대차 - 측면충돌,안전운전불이행,건조,맑음,교차로 - 교차로안,특수,남,42세,경상,승용,여,49세,경상
2021042000100180,2021년 4월 20일 10시,화요일,인천광역시 남동구 만수동,경상사고,0,0,1,0,차량단독 - 공작물충돌,안전운전불이행,건조,맑음,교차로 - 교차로안,승용,남,67세,상해없음,,,,
2021042000100253,2021년 4월 20일 12시,화요일,인천광역시 미추홀구 주안동,경상사고,0,0,1,0,차대차 - 측면충돌,신호위반,건조,맑음,교차로 - 교차로안,승용,남,57세,상해없음,이륜,남,46세,경상
2021042000100254,2021년 4월 20일 12시,화요일,인천광역시 계양구 효성동,중상사고,0,1,0,0,차대사람 - 기타,안전운전불이행,건조,맑음,단일로 - 기타,화물,남,60세,상해없음,보행자,여,59세,중상
2021042000100289,2021년 4월 20일 13시,화요일,인천광역시 부평구 일신동,경상사고,0,0,1,0,차대차 - 측면충돌,안전운전불이행,건조,맑음,교차로 - 교차로부근,화물,남,63세,상해없음,이륜,남,32세,경상
2021042000100325,2021년 4월 20일 14시,화요일,인천광역시 중구 운서동,경상사고,0,0,1,0,차대차 - 측면충돌,안전운전불이행,건조,맑음,교차로 - 교차로안,승용,남,28세,상해없음,승합,남,38세,경상
2021042000100326,2021년 4월 20일 14시,화요일,인천광역시 서구 석남동,경상사고,0,0,1,0,차대차 - 측면충돌,안전운전불이행,건조,맑음,단일로 - 지하차도(도로)내,화물,남,29세,상해없음,화물,남,46세,경상
2021042000100361,2021년 4월 20일 15시,화요일,인천광역시 서구 불로동,경상사고,0,0,1,0,차대사람 - 횡단중,신호위반,건조,맑음,교차로 - 교차로횡단보도내,승용,여,44세,상해없음,보행자,여,11세,경상
2021042000100362,2021년 4월 20일 15시,화요일,인천광역시 연수구 송도동,중상사고,0,1,0,0,차대사람 - 횡단중,신호위반,건조,맑음,교차로 - 교차로횡단보도내,승합,여,66세,상해없음,보행자,여,35세,중상
2021042000100403,2021년 4월 20일 16시,화요일,인천광역시 미추홀구 주안동,경상사고,0,0,1,0,차대사람 - 기타,보행자보호의무위반,건조,맑음,단일로 - 기타,승용,남,46세,기타불명,보행자,남,9세,경상
2021042000100448,2021년 4월 20일 17시,화요일,인천광역시 부평구 청천동,경상사고,0,0,1,0,차대차 - 추돌,안전운전불이행,건조,맑음,단일로 - 기타,승용,남,61세,상해없음,승용,남,37세,경상
2021042000100449,2021년 4월 20일 17시,화요일,인천광역시 서구 마전동,경상사고,0,0,1,0,차대차 - 정면충돌,중앙선침범,건조,맑음,교차로 - 교차로부근,승합,남,75세,상해없음,승용,남,35세,경상
2021042000100488,2021년 4월 20일 18시,화요일,인천광역시 서구 청라동,경상사고,0,0,2,0,차대차 - 측면충돌,안전운전불이행,건조,맑음,교차로 - 교차로부근,승용,남,36세,상해없음,승용,남,64세,경상
2021042000100489,2021년 4월 20일 18시,화요일,인천광역시 서구 석남동,경상사고,0,0,1,0,차대사람 - 기타,안전운전불이행,건조,맑음,단일로 - 기타,승합,남,59세,상해없음,보행자,남,54세,상해없음
2021042000100490,2021년 4월 20일 18시,화요일,인천광역시 부평구 부평동,경상사고,0,0,2,0,차대차 - 측면충돌,안전운전불이행,건조,맑음,주차장 - 주차장,승용,남,66세,상해없음,승용,남,57세,경상
2021042100100067,2021년 4월 21일 07시,수요일,인천광역시 서구 가정동,경상사고,0,0,1,0,차량단독 - 기타,안전운전불이행,건조,맑음,단일로 - 기타,승합,남,48세,상해없음,,,,
2021042100100105,2021년 4월 21일 08시,수요일,인천광역시 연수구 옥련동,경상사고,0,0,1,0,차대차 - 추돌,안전운전불이행,건조,맑음,단일로 - 지하차도(도로)내,승용,남,50세,상해없음,승용,남,43세,경상
2021042100100145,2021년 4월 21일 09시,수요일,인천광역시 부평구 부평동,경상사고,0,0,1,0,차대차 - 측면충돌,신호위반,건조,맑음,교차로 - 교차로부근,승용,여,38세,상해없음,승용,남,36세,경상
2021042100100267,2021년 4월 21일 13시,수요일,인천광역시 계양구 효성동,경상사고,0,0,1,0,차대차 - 측면충돌,안전운전불이행,건조,맑음,교차로 - 교차로부근,이륜,남,43세,경상,화물,남,35세,상해없음
2021042100100307,2021년 4월 21일 14시,수요일,인천광역시 남동구 간석동,경상사고,0,0,2,0,차대차 - 측면충돌,교차로운행방법위반,건조,맑음,교차로 - 교차로부근,화물,남,22세,경상,승합,남,50세,경상
2021042100100308,2021년 4월 21일 14시,수요일,인천광역시 연수구 동춘동,경상사고,0,0,1,0,차대차 - 기타,안전거리미확보,건조,맑음,단일로 - 기타,승용,여,49세,상해없음,승용,남,64세,상해없음
2021042100100348,2021년 4월 21일 15시,수요일,인천광역시 미추홀구 주안동,경상사고,0,0,1,0,차대사람 - 횡단중,기타,건조,맑음,단일로 - 기타,승용,남,65세,상해없음,보행자,남,8세,경상
2021042100100349,2021년 4월 21일 15시,수요일,인천광역시 남동구 구월동,중상사고,0,1,0,0,차대차 - 추돌,안전운전불이행,건조,맑음,단일로 - 기타,화물,남,39세,상해없음,승용,남,55세,중상
2021042100100350,2021년 4월 21일 15시,수요일,인천광역시 서구 가정동,경상사고,0,0,1,0,차대차 - 기타,안전운전불이행,건조,맑음,교차로 - 교차로부근,승용,남,46세,상해없음,승용,남,43세,상해없음
2021042100100395,2021년 4월 21일 16시,수요일,인천광역시 중구 신흥동3가,경상사고,0,0,1,0,차대사람 - 횡단중,신호위반,건조,맑음,교차로 - 교차로부근,승용,남,29세,상해없음,보행자,남,23세,경상
2021042100100396,2021년 4월 21일 16시,수요일,인천광역시 부평구 부평동,경상사고,0,0,1,0,차대차 - 측면충돌,안전운전불이행,건조,맑음,단일로 - 기타,승용,여,37세,상해없음,승용,남,64세,경상
2021042100100397,2021년 4월 21일 16시,수요일,인천광역시 강화군 교동면,중상사고,0,1,1,0,차량단독 - 전도전복 - 전도,기타,건조,맑음,단일로 - 지하차도(도로)내,승용,남,20세,상해없음,,,,
2021042100100443,2021년 4월 21일 17시,수요일,인천광역시 미추홀구 주안동,부상신고사고,0,0,0,1,차대차 - 추돌,안전운전불이행,건조,맑음,단일로 - 기타,기타불명,기타불명,미분류,기타불명,승용,남,44세,부상신고
2021042100100492,2021년 4월 21일 18시,수요일,인천광역시 남동구 간석동,경상사고,0,0,2,0,차대차 - 추돌,안전운전불이행,건조,맑음,단일로 - 기타,승용,남,65세,상해없음,승용,남,32세,경상
2021042100100566,2021년 4월 21일 20시,수요일,인천광역시 계양구 귤현동,경상사고,0,0,1,0,차대차 - 측면충돌,신호위반,건조,맑음,교차로 - 교차로안,승용,여,53세,상해없음,승용,남,28세,경상
2021042100100614,2021년 4월 21일 22시,수요일,인천광역시 서구 백석동,경상사고,0,0,1,0,차대차 - 기타,안전운전불이행,건조,맑음,교차로 - 교차로부근,승용,여,27세,상해없음,승용,남,43세,경상
2021042100100625,2021년 4월 21일 23시,수요일,인천광역시 부평구 갈산동,중상사고,0,1,0,0,차대차 - 측면충돌,중앙선침범,건조,맑음,교차로 - 교차로안,이륜,남,40세,상해없음,이륜,남,28세,중상
2021042200100057,2021년 4월 22일 07시,목요일,인천광역시 미추홀구 주안동,중상사고,0,1,0,0,차대차 - 정면충돌,중앙선침범,건조,맑음,단일로 - 기타,승용,여,21세,상해없음,승용,남,57세,중상
2021042200100058,2021년 4월 22일 07시,목요일,인천광역시 연수구 선학동,경상사고,0,0,1,0,차대차 - 측면충돌,신호위반,건조,맑음,교차로 - 교차로안,승용,남,26세,상해없음,승합,여,33세,경상
2021042200100059,2021년 4월 22일 07시,목요일,인천광역시 중구 율목동,경상사고,0,0,1,0,차대차 - 기타,안전운전불이행,건조,맑음,단일로 - 터널,화물,남,54세,상해없음,특수,남,46세,상해없음
2021042200100095,2021년 4월 22일 08시,목요일,인천광역시 중구 운서동,경상사고,0,0,1,0,차대차 - 추돌,기타,건조,맑음,기타 - 기타,승용,남,39세,상해없음,승용,남,67세,경상
2021042200100096,2021년 4월 22일 08시,목요일,인천광역시 미추홀구 용현동,경상사고,0,0,1,0,차대차 - 측면충돌,안전거리미확보,건조,맑음,단일로 - 기타,승용,여,62세,상해없음,승용,남,37세,경상
2021042200100137,2021년 4월 22일 09시,목요일,인천광역시 부평구 부평동,경상사고,0,0,2,0,차대차 - 측면충돌,직진우회전진행방해,건조,맑음,교차로 - 교차로안,승합,여,43세,상해없음,승용,여,19세,경상
2021042200100138,2021년 4월 22일 09시,목요일,인천광역시 서구 검암동,중상사고,0,1,3,0,차대차 - 기타,안전운전불이행,건조,맑음,단일로 - 기타,건설기계,남,57세,경상,승용,남,27세,경상
2021042200100167,2021년 4월 22일 10시,목요일,인천광역시 계양구 효성동,경상사고,0,0,1,0,차대차 - 추돌,안전운전불이행,건조,맑음,교차로 - 교차로부근,승합,남,56세,상해없음,승용,여,64세,경상
2021042200100236,2021년 4월 22일 12시,목요일,인천광역시 부평구 부평동,경상사고,0,0,3,0,차대차 - 추돌,안전운전불이행,건조,맑음,주차장 - 주차장,승용,남,61세,기타불명,승용,여,43세,경상
2021042200100307,2021년 4월 22일 14시,목요일,인천광역시 남동구 논현동,경상사고,0,0,1,0,차대차 - 추돌,안전거리미확보,건조,맑음,교차로 - 교차로횡단보도내,이륜,남,42세,경상,승용,남,54세,상해없음
2021042200100340,2021년 4월 22일 15시,목요일,인천광역시 중구 운서동,경상사고,0,0,2,0,차대차 - 정면충돌,기타,건조,흐림,교차로 - 교차로안,승용,남,49세,상해없음,승용,여,21세,경상
2021042200100341,2021년 4월 22일 15시,목요일,인천광역시 서구 왕길동,경상사고,0,0,1,0,차대차 - 기타,안전운전불이행,건조,맑음,교차로 - 교차로안,승용,여,55세,상해없음,승용,남,29세,경상
2021042200100342,2021년 4월 22일 15시,목요일,인천광역시 계양구 효성동,경상사고,0,0,1,0,차대차 - 정면충돌,교차로운행방법위반,건조,맑음,교차로 - 교차로부근,화물,남,67세,상해없음,이륜,남,39세,경상
2021042200100373,2021년 4월 22일 16시,목요일,인천광역시 서구 청라동,경상사고,0,0,1,0,차대차 - 기타,안전운전불이행,건조,맑음,교차로 - 교차로횡단보도내,승합,남,69세,상해없음,자전거,여,11세,경상
2021042200100406,2021년 4월 22일 17시,목요일,인천광역시 서구 왕길동,경상사고,0,0,1,0,차대차 - 정면충돌,신호위반,건조,맑음,교차로 - 교차로안,승용,남,52세,상해없음,승용,남,32세,경상
2021042200100455,2021년 4월 22일 18시,목요일,인천광역시 서구 가좌동,중상사고,0,1,0,0,차대차 - 측면충돌,안전운전불이행,건조,맑음,교차로 - 교차로안,승용,남,47세,상해없음,승용,남,46세,중상
2021042200100456,2021년 4월 22일 18시,목요일,인천광역시 계양구 효성동,중상사고,0,1,0,0,차대차 - 측면충돌,기타,건조,맑음,교차로 - 교차로안,화물,남,39세,상해없음,승용,남,55세,중상
2021042200100490,2021년 4월 22일 19시,목요일,인천광역시 남동구 간석동,경상사고,0,0,1,0,차대사람 - 길가장자리구역통행중,안전운전불이행,건조,맑음,단일로 - 기타,승용,남,29세,상해없음,보행자,남,20세,경상
2021042200100491,2021년 4월 22일 19시,목요일,인천광역시 서구 검암동,경상사고,0,0,1,0,차대차 - 측면충돌,안전운전불이행,건조,맑음,교차로 - 교차로안,이륜,남,16세,상해없음,승용,남,39세,경상
2021042200100578,2021년 4월 22일 22시,목요일,인천광역시 부평구 십정동,중상사고,0,1,0,0,차대사람 - 기타,안전운전불이행,건조,맑음,교차로 - 교차로안,승용,남,27세,상해없음,보행자,남,49세,중상
2021042300100034,2021년 4월 23일 05시,금요일,인천광역시 부평구 청천동,중상사고,0,1,0,0,차대차 - 기타,신호위반,건조,맑음,교차로 - 교차로안,화물,남,56세,상해없음,원동기,남,18세,중상
2021042300100059,2021년 4월 23일 07시,금요일,인천광역시 미추홀구 도화동,경상사고,0,0,2,0,차대차 - 추돌,안전거리미확보,건조,맑음,단일로 - 기타,승용,남,35세,상해없음,승용,남,28세,경상
2021042300100103,2021년 4월 23일 08시,금요일,인천광역시 연수구 선학동,경상사고,0,0,1,0,차대차 - 측면충돌,교차로운행방법위반,건조,맑음,교차로 - 교차로안,자전거,남,15세,경상,승합,남,53세,상해없음
2021042300100104,2021년 4월 23일 08시,금요일,인천광역시 부평구 삼산동,경상사고,0,0,1,0,차대사람 - 기타,안전운전불이행,건조,맑음,단일로 - 기타,자전거,남,57세,상해없음,보행자,남,45세,경상
2021042300100131,2021년 4월 23일 09시,금요일,인천광역시 연수구 송도동,중상사고,0,1,0,0,차대차 - 추돌,안전운전불이행,건조,맑음,교차로 - 교차로부근,승용,남,48세,상해없음,승용,여,40세,중상
2021042300100161,2021년 4월 23일 10시,금요일,인천광역시 계양구 계산동,경상사고,0,0,1,0,차대사람 - 기타,안전운전불이행,건조,맑음,단일로 - 기타,승용,남,67세,상해없음,보행자,여,59세,경상
2021042300100206,2021년 4월 23일 11시,금요일,인천광역시 부평구 십정동,경상사고,0,0,1,0,차대차 - 추돌,안전운전불이행,건조,맑음,단일로 - 기타,승용,남,48세,상해없음,승용,남,62세,상해없음
2021042300100207,2021년 4월 23일 11시,금요일,인천광역시 서구 가정동,중상사고,0,1,0,0,차대사람 - 기타,안전운전불이행,건조,맑음,단일로 - 기타,승용,남,56세,상해없음,보행자,여,61세,중상
2021042300100249,2021년 4월 23일 12시,금요일,인천광역시 중구 선린동,경상사고,0,0,1,0,차대차 - 측면충돌,안전운전불이행,건조,맑음,단일로 - 기타,승용,남,50세,상해없음,승용,여,62세,경상
2021042300100250,2021년 4월 23일 12시,금요일,인천광역시 서구 청라동,경상사고,0,0,1,0,차대차 - 정면충돌,안전운전불이행,건조,맑음,교차로 - 교차로안,승용,남,28세,상해없음,이륜,남,31세,경상
2021042300100251,2021년 4월 23일 12시,금요일,인천광역시 서구 공촌동,경상사고,0,0,2,0,차대차 - 측면충돌,안전운전불이행,건조,맑음,단일로 - 기타,승합,남,71세,경상,승용,여,52세,경상
2021042300100252,2021년 4월 23일 12시,금요일,인천광역시 서구 청라동,경상사고,0,0,1,0,차대차 - 기타,안전운전불이행,건조,맑음,교차로 - 교차로안,승용,남,30세,상해없음,승용,남,30세,경상
2021042300100290,2021년 4월 23일 13시,금요일,인천광역시 남동구 만수동,경상사고,0,0,1,0,차대사람 - 횡단중,안전운전불이행,건조,맑음,교차로 - 교차로부근,자전거,남,31세,상해없음,보행자,남,7세,경상
2021042300100291,2021년 4월 23일 13시,금요일,인천광역시 계양구 계산동,경상사고,0,0,1,0,차대차 - 측면충돌,안전운전불이행,건조,맑음,단일로 - 기타,화물,남,62세,상해없음,승용,여,28세,경상
2021042300100292,2021년 4월 23일 13시,금요일,인천광역시 연수구 송도동,경상사고,0,0,1,0,차대차 - 추돌,안전운전불이행,건조,맑음,교차로 - 교차로안,승용,여,56세,상해없음,승용,여,33세,경상
2021042300100323,2021년 4월 23일 14시,금요일,인천광역시 부평구 청천동,경상사고,0,0,3,0,차대차 - 측면충돌,안전거리미확보,건조,맑음,교차로 - 교차로부근,승용,남,50세,상해없음,화물,남,31세,경상
2021042300100364,2021년 4월 23일 15시,금요일,인천광역시 미추홀구 주안동,중상사고,0,1,3,0,차대차 - 기타,중앙선침범,건조,맑음,단일로 - 기타,승용,여,25세,상해없음,승용,여,24세,경상
2021042300100365,2021년 4월 23일 15시,금요일,인천광역시 남동구 간석동,경상사고,0,0,1,0,차대차 - 측면충돌,안전운전불이행,건조,맑음,교차로 - 교차로안,승용,남,60세,상해없음,승용,남,28세,경상
2021042300100366,2021년 4월 23일 15시,금요일,인천광역시 서구 왕길동,경상사고,0,0,1,0,차대차 - 측면충돌,안전운전불이행,건조,맑음,교차로 - 교차로안,건설기계,남,55세,상해없음,승용,남,28세,경상
2021042300100448,2021년 4월 23일 17시,금요일,인천광역시 남동구 간석동,경상사고,0,0,1,0,차대차 - 측면충돌,안전거리미확보,건조,맑음,교차로 - 교차로부근,승용,남,65세,상해없음,승용,남,58세,경상
2021042300100493,2021년 4월 23일 18시,금요일,인천광역시 남동구 고잔동,경상사고,0,0,1,0,차대차 - 기타,교차로운행방법위반,건조,맑음,단일로 - 기타,승용,남,44세,상해없음,승용,남,27세,경상
2021042300100577,2021년 4월 23일 20시,금요일,인천광역시 부평구 부평동,경상사고,0,0,1,0,차대사람 - 기타,안전운전불이행,건조,맑음,단일로 - 기타,승용,남,21세,상해없음,보행자,여,29세,경상
2021042300100600,2021년 4월 23일 21시,금요일,인천광역시 서구 청라동,경상사고,0,0,1,0,차대차 - 정면충돌,안전운전불이행,건조,맑음,단일로 - 기타,승용,여,32세,상해없음,이륜,남,22세,경상
2021042300100601,2021년 4월 23일 21시,금요일,인천광역시 연수구 연수동,중상사고,0,1,0,0,차대차 - 측면충돌,신호위반,건조,맑음,교차로 - 교차로안,승용,남,45세,상해없음,승용,남,60세,중상
2021042300100627,2021년 4월 23일 22시,금요일,인천광역시 부평구 십정동,경상사고,0,0,2,0,차대차 - 추돌,안전운전불이행,건조,맑음,교차로 - 교차로부근,승용,남,26세,상해없음,승용,여,40세,경상
2021042300100628,2021년 4월 23일 22시,금요일,인천광역시 남동구 간석동,경상사고,0,0,2,0,차대차 - 추돌,안전운전불이행,건조,맑음,단일로 - 기타,승용,남,49세,상해없음,승용,남,29세,경상
2021042300100629,2021년 4월 23일 22시,금요일,인천광역시 서구 가좌동,경상사고,0,0,2,0,차대차 - 측면충돌,신호위반,건조,맑음,교차로 - 교차로안,승합,남,75세,상해없음,승용,남,34세,경상
2021042300100630,2021년 4월 23일 22시,금요일,인천광역시 서구 공촌동,경상사고,0,0,1,0,차대차 - 기타,안전운전불이행,건조,맑음,단일로 - 기타,승용,남,59세,상해없음,승용,남,30세,경상
2021042400100016,2021년 4월 24일 00시,토요일,인천광역시 중구 중산동,중상사고,0,1,0,0,차대사람 - 횡단중,기타,건조,맑음,단일로 - 기타,승용,여,26세,상해없음,보행자,남,3세,중상
2021042400100035,2021년 4월 24일 02시,토요일,인천광역시 미추홀구 주안동,경상사고,0,0,2,0,차대차 - 추돌,안전운전불이행,건조,맑음,단일로 - 기타,승용,남,40세,상해없음,승용,남,31세,경상
2021042400100053,2021년 4월 24일 05시,토요일,인천광역시 미추홀구 도화동,경상사고,0,0,1,0,차대사람 - 횡단중,안전운전불이행,건조,맑음,단일로 - 기타,승용,남,67세,상해없음,보행자,여,73세,경상
2021042400100088,2021년 4월 24일 08시,토요일,인천광역시 강화군 화도면,경상사고,0,0,1,0,차대차 - 측면충돌,중앙선침범,건조,맑음,단일로 - 지하차도(도로)내,화물,남,40세,상해없음,자전거,여,32세,경상
2021042400100142,2021년 4월 24일 10시,토요일,인천광역시 부평구 산곡동,경상사고,0,0,1,0,차대차 - 측면충돌,불법유턴,건조,맑음,단일로 - 기타,자전거,남,65세,경상,승용,남,42세,상해없음
2021042400100143,2021년 4월 24일 10시,토요일,인천광역시 남동구 간석동,경상사고,0,0,1,0,차대차 - 추돌,안전운전불이행,건조,맑음,교차로 - 교차로부근,승용,여,29세,상해없음,승용,남,60세,경상
2021042400100144,2021년 4월 24일 10시,토요일,인천광역시 서구 연희동,경상사고,0,0,2,0,차대차 - 측면충돌,안전운전불이행,건조,맑음,단일로 - 기타,화물,남,61세,상해없음,승용,여,61세,경상
2021042400100187,2021년 4월 24일 11시,토요일,인천광역시 서구 경서동,중상사고,0,1,0,0,차대차 - 측면충돌,안전운전불이행,건조,맑음,단일로 - 지하차도(도로)내,승용,남,75세,상해없음,자전거,남,65세,중상
2021042400100260,2021년 4월 24일 13시,토요일,인천광역시 연수구 옥련동,경상사고,0,0,1,0,차대차 - 정면충돌,중앙선침범,건조,맑음,단일로 - 기타,화물,남,50세,상해없음,승용,여,56세,경상
2021042400100261,2021년 4월 24일 13시,토요일,인천광역시 남동구 만수동,경상사고,0,0,1,0,차대사람 - 차도통행중,안전운전불이행,건조,흐림,단일로 - 기타,자전거,남,13세,상해없음,보행자,여,30세,경상
2021042400100338,2021년 4월 24일 15시,토요일,인천광역시 서구 청라동,중상사고,0,1,0,0,차대사람 - 횡단중,보행자보호의무위반,건조,맑음,교차로 - 교차로횡단보도내,승용,남,53세,상해없음,보행자,여,49세,중상
2021042400100339,2021년 4월 24일 15시,토요일,인천광역시 연수구 선학동,경상사고,0,0,1,0,차대차 - 측면충돌,안전거리미확보,건조,맑음,교차로 - 교차로부근,승용,여,39세,상해없음,승용,남,47세,경상
2021042400100373,2021년 4월 24일 16시,토요일,인천광역시 미추홀구 주안동,경상사고,0,0,1,0,차대차 - 기타,안전운전불이행,건조,맑음,단일로 - 기타,개인형이동수단(PM),남,20세,기타불명,승합,남,59세,상해없음
2021042400100374,2021년 4월 24일 16시,토요일,인천광역시 연수구 동춘동,경상사고,0,0,1,0,차대차 - 측면충돌,교차로운행방법위반,건조,맑음,교차로 - 교차로안,화물,남,57세,상해없음,승용,남,33세,경상
2021042400100415,2021년 4월 24일 17시,토요일,인천광역시 계양구 둑실동,경상사고,0,0,1,0,차대사람 - 기타,안전운전불이행,젖음/습기,맑음,단일로 - 기타,자전거,남,63세,기타불명,보행자,남,60세,경상
2021042400100501,2021년 4월 24일 19시,토요일,인천광역시 미추홀구 주안동,경상사고,0,0,1,0,차대차 - 측면충돌,안전운전불이행,건조,맑음,단일로 - 기타,승용,남,36세,상해없음,이륜,남,45세,경상