사고번호,사고일시,요일,시군구,사고내용,사망자수,중상자수,경상자수,부상신고자수,사고유형,법규위반,노면상태,기상상태,도로형태,가해운전자 차종,가해운전자 성별,가해운전자 연령,가해운전자 상해정도,피해운전자 차종,피해운전자 성별,피해운전자 연령,피해운전자 상해정도
2021042400100502,2021년 4월 24일 19시,토요일,인천광역시 서구 청라동,부상신고사고,0,0,0,1,차대차 - 측면충돌,안전운전불이행,건조,맑음,교차로 - 교차로안,승용,남,60세,상해없음,이륜,남,18세,부상신고
2021042400100536,2021년 4월 24일 20시,토요일,인천광역시 서구 가정동,경상사고,0,0,1,0,차대차 - 기타,안전운전불이행,건조,맑음,단일로 - 기타,승용,남,36세,상해없음,승용,남,45세,경상
2021042400100537,2021년 4월 24일 20시,토요일,인천광역시 연수구 옥련동,경상사고,0,0,1,0,차대차 - 추돌,안전운전불이행,건조,맑음,교차로 - 교차로부근,승용,여,29세,상해없음,승용,남,46세,경상
2021042400100573,2021년 4월 24일 21시,토요일,인천광역시 미추홀구 용현동,경상사고,0,0,3,0,차대차 - 추돌,안전운전불이행,건조,맑음,단일로 - 기타,승용,남,20세,상해없음,승용,남,61세,경상
2021042400100575,2021년 4월 24일 21시,토요일,인천광역시 남동구 구월동,중상사고,0,1,0,0,차대사람 - 기타,안전운전불이행,건조,맑음,단일로 - 기타,이륜,남,47세,상해없음,보행자,남,47세,중상
2021042400100592,2021년 4월 24일 22시,토요일,인천광역시 강화군 강화읍,경상사고,0,0,2,0,차대차 - 추돌,안전운전불이행,건조,맑음,단일로 - 지하차도(도로)내,화물,남,57세,상해없음,승용,여,43세,경상
2021042400100608,2021년 4월 24일 23시,토요일,인천광역시 미추홀구 도화동,경상사고,0,0,1,0,차대차 - 기타,안전운전불이행,건조,맑음,단일로 - 기타,승용,남,55세,상해없음,이륜,남,35세,경상
2021042400100609,2021년 4월 24일 23시,토요일,인천광역시 서구 석남동,중상사고,0,1,0,0,차대차 - 추돌,안전운전불이행,건조,맑음,단일로 - 고가도로위,승용,여,55세,상해없음,승용,여,47세,중상
2021042500100007,2021년 4월 25일 00시,일요일,인천광역시 서구 심곡동,경상사고,0,0,1,0,차대사람 - 차도통행중,기타,건조,맑음,교차로 - 교차로부근,기타불명,기타불명,미분류,기타불명,보행자,남,65세,경상
2021042500100019,2021년 4월 25일 01시,일요일,인천광역시 남동구 구월동,경상사고,0,0,2,0,차대차 - 측면충돌,안전거리미확보,건조,맑음,교차로 - 교차로부근,승용,여,31세,상해없음,승용,남,23세,경상
2021042500100034,2021년 4월 25일 04시,일요일,인천광역시 서구 가정동,경상사고,0,0,2,0,차대차 - 추돌,신호위반,건조,맑음,교차로 - 교차로안,승용,남,57세,상해없음,승용,남,30세,경상
2021042500100073,2021년 4월 25일 09시,일요일,인천광역시 미추홀구 도화동,중상사고,0,2,0,0,차대사람 - 횡단중,신호위반,건조,맑음,단일로 - 기타,이륜,남,28세,상해없음,보행자,여,24세,중상
2021042500100164,2021년 4월 25일 12시,일요일,인천광역시 남동구 만수동,중상사고,0,1,0,0,차대차 - 추돌,안전운전불이행,건조,맑음,교차로 - 교차로부근,승용,남,60세,기타불명,이륜,남,54세,중상
2021042500100165,2021년 4월 25일 12시,일요일,인천광역시 남동구 논현동,경상사고,0,0,1,0,차대차 - 측면충돌,안전거리미확보,건조,맑음,단일로 - 교량,승용,남,27세,상해없음,승용,남,62세,상해없음
2021042500100200,2021년 4월 25일 13시,일요일,인천광역시 서구 가좌동,경상사고,0,0,1,0,차대차 - 측면충돌,중앙선침범,건조,맑음,교차로 - 교차로안,승용,남,62세,상해없음,승용,남,44세,경상
2021042500100243,2021년 4월 25일 14시,일요일,인천광역시 미추홀구 주안동,경상사고,0,0,1,0,차대사람 - 기타,안전운전불이행,건조,맑음,기타 - 기타,기타불명,기타불명,미분류,기타불명,보행자,여,22세,경상
2021042500100244,2021년 4월 25일 14시,일요일,인천광역시 서구 청라동,경상사고,0,0,1,0,차대차 - 정면충돌,신호위반,건조,맑음,교차로 - 교차로횡단보도내,이륜,남,29세,기타불명,자전거,남,13세,경상
2021042500100323,2021년 4월 25일 16시,일요일,인천광역시 서구 백석동,경상사고,0,0,1,0,차대사람 - 기타,안전운전불이행,건조,맑음,단일로 - 기타,화물,남,57세,상해없음,보행자,남,49세,경상
2021042500100324,2021년 4월 25일 16시,일요일,인천광역시 계양구 계산동,중상사고,0,1,0,0,차대차 - 정면충돌,신호위반,건조,맑음,단일로 - 기타,승용,여,24세,상해없음,이륜,남,35세,중상
2021042500100325,2021년 4월 25일 16시,일요일,인천광역시 강화군 길상면,경상사고,0,0,2,0,차대차 - 측면충돌,교차로운행방법위반,건조,맑음,교차로 - 교차로안,승용,남,28세,상해없음,승용,남,39세,경상
2021042500100326,2021년 4월 25일 16시,일요일,인천광역시 연수구 청학동,경상사고,0,0,1,0,차대차 - 측면충돌,안전운전불이행,건조,맑음,교차로 - 교차로횡단보도내,승용,여,49세,상해없음,이륜,남,43세,경상
2021042500100327,2021년 4월 25일 16시,일요일,인천광역시 남동구 장수동,경상사고,0,0,1,0,차대차 - 측면충돌,안전운전불이행,건조,맑음,단일로 - 기타,승용,여,38세,상해없음,승용,남,27세,경상
2021042500100393,2021년 4월 25일 18시,일요일,인천광역시 미추홀구 용현동,경상사고,0,0,1,0,차대차 - 측면충돌,안전운전불이행,건조,맑음,단일로 - 기타,승용,여,50세,경상,승합,남,49세,상해없음
2021042500100424,2021년 4월 25일 19시,일요일,인천광역시 미추홀구 관교동,경상사고,0,0,2,0,차대차 - 추돌,안전운전불이행,건조,맑음,단일로 - 기타,승용,남,63세,상해없음,승용,남,21세,경상
2021042500100466,2021년 4월 25일 21시,일요일,인천광역시 서구 연희동,경상사고,0,0,1,0,차대차 - 추돌,안전운전불이행,건조,맑음,단일로 - 지하차도(도로)내,화물,남,40세,상해없음,승합,남,64세,경상
2021042500100467,2021년 4월 25일 21시,일요일,인천광역시 계양구 병방동,경상사고,0,0,1,0,차대사람 - 기타,기타,건조,맑음,단일로 - 기타,승합,남,56세,상해없음,보행자,남,66세,경상
2021042500100476,2021년 4월 25일 22시,일요일,인천광역시 미추홀구 도화동,경상사고,0,0,2,0,차대차 - 측면충돌,안전운전불이행,건조,맑음,기타 - 기타,승용,남,63세,상해없음,승용,남,55세,경상
2021042500100493,2021년 4월 25일 23시,일요일,인천광역시 서구 심곡동,경상사고,0,0,1,0,차대차 - 측면충돌,안전운전불이행,건조,맑음,교차로 - 교차로안,승용,여,57세,상해없음,이륜,남,36세,경상
2021042600100003,2021년 4월 26일 00시,월요일,인천광역시 남동구 고잔동,경상사고,0,0,2,0,차대차 - 측면충돌,안전운전불이행,건조,맑음,교차로 - 교차로부근,이륜,남,33세,경상,승용,남,24세,경상
2021042600100015,2021년 4월 26일 04시,월요일,인천광역시 계양구 효성동,경상사고,0,0,3,0,차대차 - 기타,기타,건조,맑음,단일로 - 기타,화물,남,61세,상해없음,승용,여,30세,경상
2021042600100062,2021년 4월 26일 07시,월요일,인천광역시 미추홀구 주안동,경상사고,0,0,1,0,차대차 - 측면충돌,교차로운행방법위반,건조,맑음,교차로 - 교차로부근,승용,남,56세,기타불명,승용,남,45세,경상
2021042600100110,2021년 4월 26일 08시,월요일,인천광역시 부평구 청천동,중상사고,0,1,0,0,차대사람 - 횡단중,안전운전불이행,건조,맑음,교차로 - 교차로부근,자전거,남,46세,상해없음,보행자,여,41세,중상
2021042600100152,2021년 4월 26일 09시,월요일,인천광역시 부평구 산곡동,경상사고,0,0,1,0,차대차 - 추돌,교차로운행방법위반,건조,맑음,교차로 - 교차로안,승용,여,29세,기타불명,승용,여,59세,경상
2021042600100153,2021년 4월 26일 09시,월요일,인천광역시 미추홀구 문학동,경상사고,0,0,1,0,차대차 - 추돌,안전거리미확보,건조,맑음,단일로 - 교량,승용,남,28세,상해없음,승용,여,43세,경상
2021042600100219,2021년 4월 26일 11시,월요일,인천광역시 남동구 구월동,중상사고,0,1,0,0,차대차 - 측면충돌,안전거리미확보,건조,맑음,교차로 - 교차로부근,승용,여,31세,상해없음,이륜,남,52세,중상
2021042600100243,2021년 4월 26일 12시,월요일,인천광역시 연수구 동춘동,경상사고,0,0,3,0,차대차 - 측면충돌,안전운전불이행,건조,맑음,단일로 - 지하차도(도로)내,승용,여,60세,상해없음,화물,여,54세,경상
2021042600100284,2021년 4월 26일 13시,월요일,인천광역시 미추홀구 학익동,경상사고,0,0,2,0,차대차 - 측면충돌,안전운전불이행,건조,맑음,교차로 - 교차로안,승용,남,28세,경상,화물,남,52세,기타불명
2021042600100285,2021년 4월 26일 13시,월요일,인천광역시 남동구 구월동,경상사고,0,0,1,0,차대차 - 측면충돌,안전운전불이행,건조,맑음,교차로 - 교차로안,이륜,남,41세,경상,승용,여,59세,상해없음
2021042600100359,2021년 4월 26일 15시,월요일,인천광역시 서구 원창동,경상사고,0,0,2,0,차대차 - 추돌,안전운전불이행,건조,맑음,교차로 - 교차로부근,승용,여,36세,상해없음,승용,남,27세,경상
2021042600100412,2021년 4월 26일 16시,월요일,인천광역시 남동구 간석동,경상사고,0,0,2,0,차대차 - 후진중충돌,안전운전불이행,건조,맑음,단일로 - 기타,승용,남,45세,상해없음,승용,남,60세,경상
2021042600100413,2021년 4월 26일 16시,월요일,인천광역시 서구 청라동,경상사고,0,0,1,0,차대차 - 정면충돌,신호위반,건조,맑음,교차로 - 교차로안,이륜,남,24세,상해없음,자전거,남,12세,경상
2021042600100491,2021년 4월 26일 18시,월요일,인천광역시 계양구 귤현동,경상사고,0,0,2,0,차대차 - 기타,안전거리미확보,건조,맑음,기타 - 기타,승용,남,29세,상해없음,화물,남,56세,경상
2021042600100530,2021년 4월 26일 19시,월요일,인천광역시 남동구 서창동,경상사고,0,0,1,0,차대차 - 측면충돌,신호위반,건조,맑음,교차로 - 교차로안,승용,남,45세,기타불명,승용,여,44세,경상
2021042600100561,2021년 4월 26일 20시,월요일,인천광역시 남동구 남촌동,중상사고,0,1,2,1,차대차 - 정면충돌,중앙선침범,건조,맑음,단일로 - 고가도로위,승용,남,24세,상해없음,승용,여,52세,중상
2021042600100581,2021년 4월 26일 21시,월요일,인천광역시 중구 항동7가,경상사고,0,0,1,0,차대차 - 후진중충돌,중앙선침범,건조,맑음,단일로 - 기타,승용,남,51세,상해없음,승용,남,33세,경상
2021042600100609,2021년 4월 26일 22시,월요일,인천광역시 미추홀구 주안동,경상사고,0,0,1,0,차대차 - 측면충돌,안전운전불이행,건조,맑음,단일로 - 기타,승용,남,26세,상해없음,승용,남,38세,경상
2021042600100610,2021년 4월 26일 22시,월요일,인천광역시 남동구 구월동,부상신고사고,0,0,0,1,차대사람 - 횡단중,불법유턴,건조,맑음,단일로 - 기타,승용,남,20세,상해없음,보행자,남,26세,부상신고
2021042600100611,2021년 4월 26일 22시,월요일,인천광역시 서구 경서동,경상사고,0,0,1,0,차량단독 - 기타,안전운전불이행,건조,맑음,단일로 - 기타,승용,남,35세,상해없음,,,,
2021042600100623,2021년 4월 26일 23시,월요일,인천광역시 계양구 효성동,경상사고,0,0,1,0,차대차 - 추돌,안전운전불이행,건조,맑음,교차로 - 교차로부근,승용,남,38세,상해없음,승용,남,30세,경상
2021042700100021,2021년 4월 27일 02시,화요일,인천광역시 미추홀구 주안동,중상사고,0,1,0,0,차대차 - 정면충돌,신호위반,건조,맑음,교차로 - 교차로안,승용,여,35세,상해없음,이륜,남,39세,중상
2021042700100024,2021년 4월 27일 03시,화요일,인천광역시 부평구 부평동,경상사고,0,0,2,0,차대차 - 추돌,안전운전불이행,건조,맑음,교차로 - 교차로안,승용,남,56세,상해없음,이륜,남,27세,경상
2021042700100034,2021년 4월 27일 05시,화요일,인천광역시 부평구 부개동,경상사고,0,0,1,0,차대차 - 기타,신호위반,건조,기타,교차로 - 교차로안,승용,남,52세,상해없음,승용,여,54세,경상
2021042700100038,2021년 4월 27일 06시,화요일,인천광역시 서구 청라동,중상사고,0,1,0,0,차대차 - 정면충돌,신호위반,건조,맑음,교차로 - 교차로부근,승용,여,20세,상해없음,자전거,여,73세,중상
2021042700100057,2021년 4월 27일 07시,화요일,인천광역시 서구 가좌동,경상사고,0,0,1,0,차대차 - 측면충돌,신호위반,건조,맑음,교차로 - 교차로안,승용,남,65세,상해없음,승용,남,55세,경상
2021042700100098,2021년 4월 27일 08시,화요일,인천광역시 중구 신포동,사망사고,1,0,0,0,차대사람 - 횡단중,보행자보호의무위반,건조,맑음,교차로 - 교차로횡단보도내,승합,남,67세,상해없음,보행자,여,65세,사망
2021042700100124,2021년 4월 27일 09시,화요일,인천광역시 서구 원당동,경상사고,0,0,1,0,차대차 - 기타,안전운전불이행,건조,맑음,단일로 - 기타,건설기계,남,49세,기타불명,승용,여,48세,경상
2021042700100125,2021년 4월 27일 09시,화요일,인천광역시 계양구 작전동,경상사고,0,0,1,0,차대차 - 측면충돌,차로위반,건조,맑음,교차로 - 교차로부근,승용,남,55세,상해없음,이륜,남,25세,경상
2021042700100152,2021년 4월 27일 10시,화요일,인천광역시 남동구 구월동,경상사고,0,0,1,0,차대차 - 추돌,교차로운행방법위반,건조,맑음,교차로 - 교차로안,화물,남,71세,상해없음,화물,남,29세,경상
2021042700100153,2021년 4월 27일 10시,화요일,인천광역시 부평구 일신동,경상사고,0,0,1,0,차대차 - 기타,안전거리미확보,건조,맑음,기타 - 기타,승용,남,39세,상해없음,승용,남,29세,경상
2021042700100178,2021년 4월 27일 11시,화요일,인천광역시 서구 가정동,중상사고,0,1,1,0,차대차 - 기타,안전운전불이행,건조,맑음,단일로 - 기타,승용,남,64세,경상,화물,남,46세,중상
2021042700100220,2021년 4월 27일 12시,화요일,인천광역시 서구 가좌동,경상사고,0,0,1,0,차대차 - 기타,안전운전불이행,건조,맑음,교차로 - 교차로안,승용,남,64세,상해없음,승용,남,73세,경상
2021042700100253,2021년 4월 27일 13시,화요일,인천광역시 중구 운남동,경상사고,0,0,2,0,차대차 - 추돌,안전운전불이행,건조,맑음,단일로 - 기타,승용,여,42세,상해없음,승용,남,74세,경상
2021042700100254,2021년 4월 27일 13시,화요일,인천광역시 부평구 부평동,경상사고,0,0,1,0,차대사람 - 길가장자리구역통행중,안전운전불이행,건조,맑음,단일로 - 기타,승용,남,36세,상해없음,보행자,남,17세,경상
2021042700100281,2021년 4월 27일 14시,화요일,인천광역시 연수구 연수동,경상사고,0,0,1,0,차대사람 - 횡단중,보행자보호의무위반,건조,맑음,교차로 - 교차로횡단보도내,승용,남,75세,상해없음,보행자,남,28세,경상
2021042700100348,2021년 4월 27일 16시,화요일,인천광역시 미추홀구 숭의동,중상사고,0,1,0,0,차대사람 - 보도통행중,안전운전불이행,건조,맑음,교차로 - 교차로안,승용,남,52세,상해없음,보행자,여,70세,중상
2021042700100349,2021년 4월 27일 16시,화요일,인천광역시 서구 가정동,경상사고,0,0,1,0,차대차 - 측면충돌,안전운전불이행,건조,맑음,단일로 - 지하차도(도로)내,화물,남,69세,상해없음,화물,남,39세,경상
2021042700100350,2021년 4월 27일 16시,화요일,인천광역시 부평구 삼산동,경상사고,0,0,1,0,차대차 - 측면충돌,안전운전불이행,건조,맑음,단일로 - 교량,승용,남,58세,상해없음,승용,남,50세,상해없음
2021042700100396,2021년 4월 27일 17시,화요일,인천광역시 서구 석남동,경상사고,0,0,4,0,차대차 - 추돌,안전운전불이행,건조,흐림,교차로 - 교차로부근,승용,남,63세,상해없음,승합,여,42세,경상
2021042700100477,2021년 4월 27일 19시,화요일,인천광역시 서구 청라동,경상사고,0,0,3,1,차대차 - 추돌,안전운전불이행,건조,맑음,단일로 - 기타,승용,여,29세,상해없음,승용,여,32세,부상신고
2021042700100513,2021년 4월 27일 20시,화요일,인천광역시 서구 검암동,경상사고,0,0,1,0,차대차 - 후진중충돌,안전운전불이행,건조,맑음,단일로 - 기타,승용,남,63세,상해없음,승합,여,38세,경상
2021042700100514,2021년 4월 27일 20시,화요일,인천광역시 미추홀구 주안동,경상사고,0,0,1,0,차대차 - 추돌,안전운전불이행,젖음/습기,비,기타 - 기타,승용,남,54세,상해없음,승용,남,38세,경상
2021042700100515,2021년 4월 27일 20시,화요일,인천광역시 계양구 동양동,중상사고,0,1,0,0,차대사람 - 횡단중,안전운전불이행,젖음/습기,비,교차로 - 교차로부근,승용,남,28세,상해없음,보행자,남,17세,중상
2021042700100548,2021년 4월 27일 21시,화요일,인천광역시 중구 운서동,중상사고,0,1,0,0,차대차 - 측면충돌,안전운전불이행,건조,맑음,단일로 - 기타,기타불명,기타불명,미분류,기타불명,개인형이동수단(PM),남,52세,중상
2021042700100549,2021년 4월 27일 21시,화요일,인천광역시 부평구 십정동,경상사고,0,0,2,0,차대차 - 측면충돌,안전운전불이행,건조,맑음,교차로 - 교차로부근,승용,여,46세,상해없음,승용,남,39세,경상
2021042700100567,2021년 4월 27일 22시,화요일,인천광역시 남동구 간석동,중상사고,0,1,0,0,차대차 - 측면충돌,안전운전불이행,건조,맑음,단일로 - 고가도로위,승용,남,23세,상해없음,승용,여,50세,중상
2021042800100019,2021년 4월 28일 01시,수요일,인천광역시 부평구 청천동,경상사고,0,0,1,0,차대차 - 측면충돌,안전운전불이행,건조,맑음,단일로 - 지하차도(도로)내,승용,남,32세,기타불명,화물,남,27세,경상
2021042800100020,2021년 4월 28일 01시,수요일,인천광역시 남동구 만수동,경상사고,0,0,3,0,차대차 - 측면충돌,안전운전불이행,건조,맑음,단일로 - 기타,이륜,남,19세,경상,승용,남,28세,경상
2021042800100069,2021년 4월 28일 07시,수요일,인천광역시 미추홀구 학익동,경상사고,0,0,1,0,차대사람 - 길가장자리구역통행중,안전운전불이행,건조,맑음,단일로 - 기타,승용,여,48세,상해없음,보행자,여,74세,경상
2021042800100113,2021년 4월 28일 08시,수요일,인천광역시 서구 가좌동,경상사고,0,0,1,0,차대차 - 추돌,안전운전불이행,건조,맑음,교차로 - 교차로안,화물,남,54세,상해없음,승용,여,44세,경상
2021042800100170,2021년 4월 28일 10시,수요일,인천광역시 부평구 일신동,경상사고,0,0,1,0,차대차 - 측면충돌,안전운전불이행,건조,맑음,단일로 - 기타,승용,남,58세,상해없음,화물,남,25세,경상
2021042800100191,2021년 4월 28일 11시,수요일,인천광역시 남동구 만수동,중상사고,0,1,0,0,차대차 - 측면충돌,안전운전불이행,건조,맑음,교차로 - 교차로안,승합,남,61세,상해없음,원동기,남,55세,중상
2021042800100192,2021년 4월 28일 11시,수요일,인천광역시 남동구 구월동,중상사고,0,1,0,0,차대차 - 추돌,안전운전불이행,건조,맑음,교차로 - 교차로안,승용,여,33세,상해없음,승용,여,48세,중상
2021042800100216,2021년 4월 28일 12시,수요일,인천광역시 서구 가좌동,중상사고,0,1,0,0,차대사람 - 횡단중,보행자보호의무위반,건조,맑음,교차로 - 교차로안,화물,남,42세,상해없음,보행자,남,34세,중상
2021042800100217,2021년 4월 28일 12시,수요일,인천광역시 남동구 논현동,경상사고,0,0,1,0,차대차 - 정면충돌,안전거리미확보,건조,맑음,교차로 - 교차로안,승용,남,71세,상해없음,승용,여,34세,경상
2021042800100256,2021년 4월 28일 13시,수요일,인천광역시 부평구 부평동,경상사고,0,0,4,0,차대차 - 측면충돌,교차로운행방법위반,건조,맑음,교차로 - 교차로부근,승용,남,67세,상해없음,승용,남,20세,경상
2021042800100319,2021년 4월 28일 15시,수요일,인천광역시 미추홀구 주안동,경상사고,0,0,1,0,차대차 - 측면충돌,신호위반,건조,맑음,교차로 - 교차로안,화물,남,51세,상해없음,자전거,남,12세,경상
2021042800100351,2021년 4월 28일 16시,수요일,인천광역시 미추홀구 용현동,경상사고,0,0,1,0,차대사람 - 기타,기타,건조,맑음,기타 - 기타,승용,남,61세,상해없음,보행자,여,27세,경상
2021042800100387,2021년 4월 28일 17시,수요일,인천광역시 서구 왕길동,경상사고,0,0,1,0,차대차 - 측면충돌,안전운전불이행,건조,맑음,교차로 - 교차로안,승용,남,65세,상해없음,건설기계,남,47세,경상
2021042800100427,2021년 4월 28일 18시,수요일,인천광역시 중구 신흥동3가,경상사고,0,0,1,0,차대사람 - 기타,안전운전불이행,건조,맑음,단일로 - 기타,승합,남,49세,상해없음,보행자,여,72세,경상
2021042800100428,2021년 4월 28일 18시,수요일,인천광역시 남동구 만수동,중상사고,0,1,0,0,차대차 - 측면충돌,신호위반,건조,맑음,교차로 - 교차로부근,승합,남,60세,상해없음,자전거,여,8세,중상
2021042800100466,2021년 4월 28일 19시,수요일,인천광역시 남동구 서창동,중상사고,0,1,0,0,차대차 - 측면충돌,신호위반,건조,맑음,단일로 - 기타,승용,여,61세,상해없음,이륜,남,34세,중상
2021042800100494,2021년 4월 28일 20시,수요일,인천광역시 서구 신현동,중상사고,0,1,0,0,차대차 - 측면충돌,안전운전불이행,건조,맑음,교차로 - 교차로부근,승용,여,66세,상해없음,이륜,남,20세,중상
2021042800100495,2021년 4월 28일 20시,수요일,인천광역시 부평구 부평동,경상사고,0,0,2,0,차대차 - 기타,신호위반,건조,맑음,교차로 - 교차로안,이륜,남,36세,경상,승용,남,62세,경상
2021042800100496,2021년 4월 28일 20시,수요일,인천광역시 남동구 장수동,중상사고,0,1,0,0,차대사람 - 보도통행중,보행자보호의무위반,건조,맑음,교차로 - 교차로횡단보도내,화물,남,66세,상해없음,보행자,남,50세,중상
2021042800100525,2021년 4월 28일 21시,수요일,인천광역시 연수구 선학동,경상사고,0,0,1,0,차대차 - 측면충돌,신호위반,건조,맑음,교차로 - 교차로안,승용,남,42세,상해없음,승용,여,58세,경상
2021042800100558,2021년 4월 28일 22시,수요일,인천광역시 미추홀구 주안동,경상사고,0,0,2,0,차대차 - 측면충돌,안전운전불이행,건조,맑음,기타 - 기타,승용,남,39세,기타불명,승용,남,55세,경상
2021042900100013,2021년 4월 29일 00시,목요일,인천광역시 중구 선화동,경상사고,0,0,1,0,차대차 - 측면충돌,직진우회전진행방해,건조,맑음,교차로 - 교차로안,이륜,남,19세,상해없음,이륜,남,20세,경상
2021042900100029,2021년 4월 29일 04시,목요일,인천광역시 부평구 십정동,중상사고,0,1,0,1,차대차 - 정면충돌,신호위반,건조,맑음,교차로 - 교차로안,이륜,남,24세,부상신고,승용,남,46세,중상
2021042900100033,2021년 4월 29일 05시,목요일,인천광역시 남동구 서창동,경상사고,0,0,1,0,차대사람 - 횡단중,안전운전불이행,건조,맑음,교차로 - 교차로부근,기타불명,기타불명,미분류,기타불명,보행자,남,70세,경상
2021042900100070,2021년 4월 29일 07시,목요일,인천광역시 계양구 귤현동,중상사고,0,1,4,0,차대차 - 측면충돌,교차로운행방법위반,건조,맑음,교차로 - 교차로안,승합,남,49세,기타불명,승용,여,59세,경상
2021042900100071,2021년 4월 29일 07시,목요일,인천광역시 부평구 삼산동,중상사고,0,1,0,0,차대사람 - 기타,안전운전불이행,건조,맑음,교차로 - 교차로부근,화물,남,41세,상해없음,보행자,여,55세,중상
2021042900100084,2021년 4월 29일 08시,목요일,인천광역시 계양구 하야동,경상사고,0,0,1,1,차대차 - 측면충돌,안전운전불이행,건조,맑음,단일로 - 기타,승용,남,46세,부상신고,건설기계,남,53세,경상
2021042900100111,2021년 4월 29일 08시,목요일,인천광역시 계양구 병방동,경상사고,0,0,2,0,차대차 - 측면충돌,안전운전불이행,건조,맑음,교차로 - 교차로부근,승용,여,50세,기타불명,승용,남,65세,경상
2021042900100155,2021년 4월 29일 10시,목요일,인천광역시 남동구 구월동,경상사고,0,0,1,0,차대차 - 기타,신호위반,건조,맑음,단일로 - 기타,승용,남,53세,상해없음,승용,남,22세,경상
2021042900100190,2021년 4월 29일 11시,목요일,인천광역시 부평구 부평동,경상사고,0,0,1,0,차대차 - 추돌,중앙선침범,건조,맑음,교차로 - 교차로부근,승용,남,55세,상해없음,승용,남,36세,경상
2021042900100191,2021년 4월 29일 11시,목요일,인천광역시 부평구 청천동,경상사고,0,0,1,0,차대차 - 추돌,안전거리미확보,건조,맑음,단일로 - 기타,건설기계,남,58세,상해없음,승용,남,28세,경상
2021042900100267,2021년 4월 29일 13시,목요일,인천광역시 서구 검암동,중상사고,0,1,0,0,차대사람 - 횡단중,신호위반,건조,맑음,교차로 - 교차로횡단보도내,이륜,남,46세,상해없음,보행자,여,56세,중상
2021042900100268,2021년 4월 29일 13시,목요일,인천광역시 강화군 강화읍,경상사고,0,0,1,0,차대차 - 측면충돌,불법유턴,건조,맑음,기타 - 기타,승용,여,63세,상해없음,이륜,남,64세,경상
2021042900100300,2021년 4월 29일 14시,목요일,인천광역시 남동구 구월동,경상사고,0,0,1,0,차대차 - 측면충돌,안전운전불이행,건조,맑음,단일로 - 기타,승용,남,63세,상해없음,승용,여,73세,경상
2021042900100334,2021년 4월 29일 15시,목요일,인천광역시 강화군 강화읍,중상사고,0,1,0,0,차대사람 - 횡단중,보행자보호의무위반,건조,맑음,단일로 - 지하차도(도로)내,건설기계,남,66세,상해없음,보행자,여,72세,중상
2021042900100335,2021년 4월 29일 15시,목요일,인천광역시 부평구 부평동,경상사고,0,0,1,0,차대차 - 기타,중앙선침범,건조,맑음,단일로 - 기타,이륜,남,46세,상해없음,승용,남,38세,상해없음
2021042900100374,2021년 4월 29일 16시,목요일,인천광역시 서구 가좌동,경상사고,0,0,1,0,차대사람 - 기타,안전운전불이행,건조,맑음,단일로 - 기타,승용,여,59세,상해없음,보행자,여,29세,경상
2021042900100375,2021년 4월 29일 16시,목요일,인천광역시 남동구 논현동,경상사고,0,0,2,0,차대차 - 측면충돌,신호위반,건조,맑음,교차로 - 교차로안,화물,남,61세,상해없음,승용,남,25세,경상
2021042900100420,2021년 4월 29일 17시,목요일,인천광역시 서구 검암동,경상사고,0,0,2,0,차대차 - 추돌,신호위반,건조,맑음,단일로 - 교량,승용,남,33세,상해없음,승용,남,43세,경상
2021042900100421,2021년 4월 29일 17시,목요일,인천광역시 서구 석남동,경상사고,0,0,1,0,차대사람 - 기타,안전운전불이행,건조,맑음,단일로 - 기타,승용,여,40세,상해없음,보행자,여,75세,경상
2021042900100422,2021년 4월 29일 17시,목요일,인천광역시 계양구 임학동,중상사고,0,1,0,0,차대사람 - 횡단중,보행자보호의무위반,건조,맑음,교차로 - 교차로부근,승용,여,64세,상해없음,보행자,여,64세,중상
2021042900100423,2021년 4월 29일 17시,목요일,인천광역시 부평구 삼산동,경상사고,0,0,1,0,차대차 - 측면충돌,차로위반,건조,맑음,단일로 - 기타,승용,남,58세,상해없음,승용,여,24세,경상
2021042900100483,2021년 4월 29일 18시,목요일,인천광역시 서구 경서동,경상사고,0,0,1,0,차대차 - 정면충돌,중앙선침범,건조,맑음,단일로 - 지하차도(도로)내,화물,남,74세,상해없음,승용,남,57세,경상
2021042900100484,2021년 4월 29일 18시,목요일,인천광역시 서구 당하동,경상사고,0,0,1,0,차대사람 - 기타,안전운전불이행,건조,맑음,단일로 - 기타,승용,여,61세,상해없음,보행자,여,21세,경상
2021042900100485,2021년 4월 29일 18시,목요일,인천광역시 연수구 선학동,경상사고,0,0,2,0,차대차 - 측면충돌,안전운전불이행,건조,맑음,교차로 - 교차로부근,승용,여,48세,상해없음,승용,여,31세,경상
2021042900100516,2021년 4월 29일 19시,목요일,인천광역시 계양구 작전동,중상사고,0,1,0,0,차대차 - 측면충돌,신호위반,건조,맑음,교차로 - 교차로안,이륜,남,21세,상해없음,이륜,여,19세,중상
2021042900100549,2021년 4월 29일 20시,목요일,인천광역시 미추홀구 관교동,경상사고,0,0,1,2,차대차 - 측면충돌,안전운전불이행,건조,맑음,교차로 - 교차로부근,승합,남,54세,상해없음,승용,여,32세,경상