사고번호,사고일시,요일,시군구,사고내용,사망자수,중상자수,경상자수,부상신고자수,사고유형,법규위반,노면상태,기상상태,도로형태,가해운전자 차종,가해운전자 성별,가해운전자 연령,가해운전자 상해정도,피해운전자 차종,피해운전자 성별,피해운전자 연령,피해운전자 상해정도
2021042900100575,2021년 4월 29일 21시,목요일,인천광역시 중구 중산동,경상사고,0,0,1,0,차대차 - 추돌,안전운전불이행,건조,맑음,단일로 - 기타,이륜,남,36세,경상,건설기계,남,69세,기타불명
2021042900100576,2021년 4월 29일 21시,목요일,인천광역시 부평구 십정동,경상사고,0,0,2,0,차대차 - 측면충돌,안전운전불이행,젖음/습기,비,교차로 - 교차로안,승용,남,28세,상해없음,화물,남,54세,경상
2021042900100577,2021년 4월 29일 21시,목요일,인천광역시 부평구 부평동,경상사고,0,0,1,0,차대차 - 정면충돌,신호위반,건조,맑음,교차로 - 교차로안,승용,남,42세,상해없음,승용,남,47세,경상
2021042900100578,2021년 4월 29일 21시,목요일,인천광역시 서구 마전동,중상사고,0,1,0,0,차대차 - 측면충돌,안전운전불이행,건조,맑음,교차로 - 교차로안,승용,여,41세,상해없음,이륜,남,47세,중상
2021042900100579,2021년 4월 29일 21시,목요일,인천광역시 연수구 연수동,경상사고,0,0,2,1,차대차 - 추돌,안전운전불이행,젖음/습기,비,교차로 - 교차로부근,승용,남,59세,상해없음,이륜,남,53세,부상신고
2021042900100614,2021년 4월 29일 22시,목요일,인천광역시 남동구 간석동,경상사고,0,0,1,0,차대차 - 추돌,안전운전불이행,젖음/습기,비,단일로 - 기타,승용,여,38세,상해없음,승용,남,61세,경상
2021042900100643,2021년 4월 29일 23시,목요일,인천광역시 동구 송현동,경상사고,0,0,2,0,차대차 - 추돌,안전운전불이행,젖음/습기,비,교차로 - 교차로부근,승합,남,67세,상해없음,승용,남,37세,경상
2021042900100644,2021년 4월 29일 23시,목요일,인천광역시 서구 마전동,경상사고,0,0,1,0,차대차 - 측면충돌,안전운전불이행,젖음/습기,비,교차로 - 교차로안,승용,남,33세,상해없음,이륜,남,25세,경상
2021043000100008,2021년 4월 30일 00시,금요일,인천광역시 부평구 일신동,경상사고,0,0,3,0,차대차 - 추돌,안전운전불이행,젖음/습기,비,단일로 - 기타,승용,남,37세,상해없음,승용,남,27세,경상
2021043000100028,2021년 4월 30일 03시,금요일,인천광역시 남동구 남촌동,경상사고,0,0,2,0,차대차 - 측면충돌,신호위반,젖음/습기,비,교차로 - 교차로안,승합,남,60세,상해없음,승용,남,51세,경상
2021043000100080,2021년 4월 30일 07시,금요일,인천광역시 동구 송림동,경상사고,0,0,1,0,차대차 - 측면충돌,차로위반,건조,흐림,기타 - 기타,승용,남,52세,상해없음,승용,남,54세,경상
2021043000100140,2021년 4월 30일 09시,금요일,인천광역시 중구 신흥동3가,경상사고,0,0,1,0,차대차 - 측면충돌,안전거리미확보,건조,맑음,기타 - 기타,화물,남,46세,기타불명,승용,남,40세,경상
2021043000100141,2021년 4월 30일 09시,금요일,인천광역시 연수구 송도동,경상사고,0,0,1,0,차대사람 - 횡단중,신호위반,젖음/습기,비,교차로 - 교차로안,승용,여,47세,상해없음,보행자,여,25세,경상
2021043000100176,2021년 4월 30일 10시,금요일,인천광역시 부평구 일신동,경상사고,0,0,1,0,차대차 - 측면충돌,안전운전불이행,건조,흐림,단일로 - 기타,승용,남,61세,상해없음,승용,남,30세,경상
2021043000100204,2021년 4월 30일 11시,금요일,인천광역시 남동구 고잔동,경상사고,0,0,1,0,차대차 - 측면충돌,안전거리미확보,건조,맑음,단일로 - 기타,건설기계,남,62세,상해없음,승용,남,62세,경상
2021043000100285,2021년 4월 30일 13시,금요일,인천광역시 남동구 간석동,경상사고,0,0,2,0,차대차 - 기타,안전거리미확보,건조,맑음,교차로 - 교차로부근,특수,남,28세,상해없음,승용,남,20세,경상
2021043000100320,2021년 4월 30일 14시,금요일,인천광역시 남동구 고잔동,경상사고,0,0,1,0,차대차 - 측면충돌,안전운전불이행,건조,맑음,단일로 - 기타,화물,남,46세,상해없음,승용,남,35세,경상
2021043000100361,2021년 4월 30일 15시,금요일,인천광역시 강화군 강화읍,중상사고,0,1,0,0,차대차 - 측면충돌,신호위반,건조,흐림,교차로 - 교차로안,건설기계,남,61세,상해없음,승용,남,59세,중상
2021043000100400,2021년 4월 30일 16시,금요일,인천광역시 계양구 효성동,경상사고,0,0,1,0,차대차 - 측면충돌,안전운전불이행,건조,맑음,교차로 - 교차로안,건설기계,남,60세,상해없음,승합,남,62세,경상
2021043000100401,2021년 4월 30일 16시,금요일,인천광역시 계양구 계산동,중상사고,0,1,1,0,차대사람 - 횡단중,보행자보호의무위반,건조,맑음,교차로 - 교차로횡단보도내,승용,여,60세,상해없음,보행자,남,56세,경상
2021043000100462,2021년 4월 30일 17시,금요일,인천광역시 남동구 운연동,중상사고,0,1,0,0,차대차 - 측면충돌,안전운전불이행,건조,맑음,교차로 - 교차로안,승용,남,72세,상해없음,승용,남,65세,중상
2021043000100508,2021년 4월 30일 18시,금요일,인천광역시 서구 연희동,중상사고,0,1,0,0,차대사람 - 길가장자리구역통행중,안전운전불이행,건조,맑음,단일로 - 기타,승용,남,34세,상해없음,보행자,남,9세,중상
2021043000100509,2021년 4월 30일 18시,금요일,인천광역시 계양구 계산동,경상사고,0,0,1,0,차대사람 - 기타,안전운전불이행,건조,맑음,단일로 - 기타,승용,남,52세,상해없음,보행자,여,22세,경상
2021043000100631,2021년 4월 30일 21시,금요일,인천광역시 부평구 부평동,경상사고,0,0,1,0,차대차 - 측면충돌,안전운전불이행,건조,맑음,단일로 - 기타,화물,남,60세,상해없음,승용,남,36세,경상
2021043000100670,2021년 4월 30일 22시,금요일,인천광역시 서구 심곡동,경상사고,0,0,1,0,차대차 - 측면충돌,안전운전불이행,적설,맑음,단일로 - 기타,승용,남,21세,상해없음,승용,남,24세,상해없음
2021043000100700,2021년 4월 30일 23시,금요일,인천광역시 중구 운서동,부상신고사고,0,0,0,1,차대차 - 기타,안전거리미확보,건조,맑음,기타 - 기타,승용,남,29세,상해없음,승용,남,30세,부상신고
2021050100100010,2021년 5월 1일 00시,토요일,인천광역시 미추홀구 용현동,경상사고,0,0,1,0,차대사람 - 횡단중,보행자보호의무위반,건조,맑음,기타 - 기타,승용,남,57세,상해없음,보행자,남,25세,경상
2021050100100011,2021년 5월 1일 00시,토요일,인천광역시 부평구 십정동,경상사고,0,0,5,0,차대차 - 정면충돌,중앙선침범,건조,맑음,교차로 - 교차로부근,승용,남,40세,상해없음,승용,남,64세,경상
2021050100100012,2021년 5월 1일 00시,토요일,인천광역시 부평구 부평동,경상사고,0,0,1,0,차대차 - 측면충돌,기타,젖음/습기,맑음,교차로 - 교차로부근,승용,남,36세,기타불명,승용,남,58세,경상
2021050100100052,2021년 5월 1일 04시,토요일,인천광역시 서구 공촌동,경상사고,0,0,2,0,차대차 - 추돌,안전운전불이행,건조,맑음,단일로 - 기타,이륜,남,24세,상해없음,승용,남,64세,경상
2021050100100053,2021년 5월 1일 04시,토요일,인천광역시 남동구 운연동,사망사고,1,0,0,0,차대차 - 추돌,안전운전불이행,젖음/습기,비,단일로 - 교량,화물,남,40세,상해없음,승용,남,35세,사망
2021050100100073,2021년 5월 1일 07시,토요일,인천광역시 계양구 서운동,중상사고,0,1,2,0,차대차 - 측면충돌,신호위반,건조,맑음,교차로 - 교차로부근,화물,남,56세,상해없음,승합,남,61세,중상
2021050100100102,2021년 5월 1일 09시,토요일,인천광역시 부평구 갈산동,경상사고,0,0,1,0,차대사람 - 횡단중,안전운전불이행,건조,맑음,교차로 - 교차로횡단보도내,승용,남,74세,상해없음,보행자,남,35세,경상
2021050100100133,2021년 5월 1일 10시,토요일,인천광역시 중구 항동7가,경상사고,0,0,1,0,차대차 - 추돌,안전운전불이행,건조,맑음,단일로 - 기타,승용,여,59세,상해없음,화물,남,71세,경상
2021050100100158,2021년 5월 1일 11시,토요일,인천광역시 남동구 구월동,경상사고,0,0,1,0,차대사람 - 횡단중,보행자보호의무위반,건조,맑음,교차로 - 교차로횡단보도내,승용,남,39세,상해없음,보행자,남,61세,경상
2021050100100159,2021년 5월 1일 11시,토요일,인천광역시 서구 청라동,중상사고,0,1,0,0,차대차 - 추돌,안전운전불이행,건조,맑음,교차로 - 교차로안,승용,남,51세,상해없음,이륜,남,53세,중상
2021050100100183,2021년 5월 1일 12시,토요일,인천광역시 서구 청라동,경상사고,0,0,1,0,차대차 - 기타,안전운전불이행,건조,맑음,교차로 - 교차로안,승용,남,32세,상해없음,승용,남,67세,상해없음
2021050100100184,2021년 5월 1일 12시,토요일,인천광역시 부평구 삼산동,경상사고,0,0,2,0,차대차 - 기타,신호위반,건조,맑음,교차로 - 교차로안,화물,남,77세,상해없음,승용,남,65세,경상
2021050100100230,2021년 5월 1일 13시,토요일,인천광역시 서구 불로동,경상사고,0,0,1,0,차대차 - 추돌,안전운전불이행,건조,맑음,단일로 - 기타,승용,남,74세,상해없음,승용,남,55세,경상
2021050100100231,2021년 5월 1일 13시,토요일,인천광역시 부평구 부평동,중상사고,0,1,0,0,차대차 - 측면충돌,안전운전불이행,건조,맑음,교차로 - 교차로부근,화물,남,68세,상해없음,승용,남,50세,중상
2021050100100304,2021년 5월 1일 15시,토요일,인천광역시 중구 무의동,경상사고,0,0,1,0,차대차 - 추돌,안전운전불이행,건조,맑음,단일로 - 기타,승용,남,46세,상해없음,승용,남,28세,경상
2021050100100305,2021년 5월 1일 15시,토요일,인천광역시 남동구 만수동,경상사고,0,0,1,0,차대차 - 기타,기타,젖음/습기,비,교차로 - 교차로안,승용,남,30세,기타불명,이륜,남,48세,경상
2021050100100306,2021년 5월 1일 15시,토요일,인천광역시 계양구 계산동,경상사고,0,0,1,0,차대사람 - 길가장자리구역통행중,안전운전불이행,젖음/습기,비,기타 - 기타,승용,남,60세,상해없음,보행자,여,24세,경상
2021050100100307,2021년 5월 1일 15시,토요일,인천광역시 연수구 송도동,경상사고,0,0,2,0,차대차 - 측면충돌,안전운전불이행,건조,맑음,교차로 - 교차로안,승합,남,71세,상해없음,승용,여,41세,경상
2021050100100308,2021년 5월 1일 15시,토요일,인천광역시 남동구 남촌동,경상사고,0,0,1,0,차대차 - 측면충돌,안전거리미확보,건조,맑음,단일로 - 지하차도(도로)내,화물,남,51세,상해없음,승용,남,58세,경상
2021050100100339,2021년 5월 1일 16시,토요일,인천광역시 동구 송림동,경상사고,0,0,2,0,차대차 - 측면충돌,교차로운행방법위반,건조,맑음,교차로 - 교차로안,승용,남,59세,경상,승용,남,37세,경상
2021050100100340,2021년 5월 1일 16시,토요일,인천광역시 부평구 구산동,경상사고,0,0,1,0,차대차 - 기타,안전운전불이행,건조,맑음,단일로 - 기타,승합,남,58세,상해없음,승용,남,55세,상해없음
2021050100100341,2021년 5월 1일 16시,토요일,인천광역시 남동구 도림동,경상사고,0,0,3,0,차대차 - 측면충돌,안전운전불이행,젖음/습기,비,단일로 - 기타,승용,남,41세,상해없음,승용,남,30세,경상
2021050100100382,2021년 5월 1일 17시,토요일,인천광역시 부평구 청천동,중상사고,0,1,0,0,차대차 - 측면충돌,안전운전불이행,젖음/습기,흐림,교차로 - 교차로안,자전거,여,37세,중상,승합,남,65세,상해없음
2021050100100383,2021년 5월 1일 17시,토요일,인천광역시 부평구 일신동,중상사고,0,1,0,0,차대차 - 후진중충돌,안전운전불이행,젖음/습기,비,교차로 - 교차로부근,승용,남,48세,상해없음,승용,남,40세,중상
2021050100100384,2021년 5월 1일 17시,토요일,인천광역시 계양구 효성동,경상사고,0,0,1,0,차대차 - 추돌,안전거리미확보,젖음/습기,비,단일로 - 기타,승용,남,24세,상해없음,승용,남,39세,경상
2021050100100452,2021년 5월 1일 19시,토요일,인천광역시 부평구 부개동,경상사고,0,0,1,0,차대차 - 기타,안전운전불이행,젖음/습기,비,교차로 - 교차로부근,이륜,남,33세,경상,승용,여,39세,상해없음
2021050100100477,2021년 5월 1일 20시,토요일,인천광역시 부평구 청천동,경상사고,0,0,1,0,차대차 - 측면충돌,신호위반,건조,맑음,교차로 - 교차로안,승용,여,58세,상해없음,이륜,남,36세,경상
2021050100100508,2021년 5월 1일 21시,토요일,인천광역시 계양구 병방동,경상사고,0,0,2,0,차대차 - 추돌,안전운전불이행,젖음/습기,비,단일로 - 기타,승용,남,51세,상해없음,승용,남,28세,경상
2021050100100535,2021년 5월 1일 22시,토요일,인천광역시 남동구 구월동,경상사고,0,0,3,0,차대차 - 측면충돌,안전운전불이행,젖음/습기,비,단일로 - 기타,승용,남,21세,상해없음,승용,남,23세,경상
2021050100100536,2021년 5월 1일 22시,토요일,인천광역시 서구 석남동,중상사고,0,1,0,0,차대차 - 기타,안전운전불이행,젖음/습기,흐림,교차로 - 교차로안,이륜,남,23세,중상,승용,남,60세,상해없음
2021050100100555,2021년 5월 1일 23시,토요일,인천광역시 연수구 연수동,중상사고,0,1,0,0,차대사람 - 차도통행중,안전운전불이행,젖음/습기,비,단일로 - 기타,이륜,여,20세,상해없음,보행자,남,59세,중상
2021050200100011,2021년 5월 2일 00시,일요일,인천광역시 미추홀구 주안동,중상사고,0,1,0,0,차대사람 - 횡단중,신호위반,젖음/습기,비,단일로 - 기타,승용,남,65세,상해없음,보행자,남,24세,중상
2021050200100027,2021년 5월 2일 02시,일요일,인천광역시 중구 항동7가,중상사고,0,1,0,0,차대사람 - 기타,안전운전불이행,젖음/습기,비,교차로 - 교차로부근,승용,남,48세,상해없음,보행자,남,37세,중상
2021050200100041,2021년 5월 2일 04시,일요일,인천광역시 부평구 부평동,경상사고,0,0,2,0,차대차 - 추돌,안전운전불이행,젖음/습기,비,교차로 - 교차로부근,승용,남,29세,기타불명,승용,남,57세,경상
2021050200100068,2021년 5월 2일 08시,일요일,인천광역시 부평구 부평동,부상신고사고,0,0,0,1,차대차 - 측면충돌,안전운전불이행,건조,맑음,교차로 - 교차로부근,승용,남,65세,상해없음,이륜,남,38세,부상신고
2021050200100110,2021년 5월 2일 10시,일요일,인천광역시 남동구 구월동,중상사고,0,1,0,0,차대차 - 측면충돌,교차로운행방법위반,건조,맑음,교차로 - 교차로안,승용,남,62세,상해없음,자전거,여,26세,중상
2021050200100237,2021년 5월 2일 14시,일요일,인천광역시 계양구 장기동,경상사고,0,0,1,0,차대사람 - 기타,안전운전불이행,건조,맑음,교차로 - 교차로부근,자전거,여,68세,경상,보행자,남,51세,상해없음
2021050200100275,2021년 5월 2일 15시,일요일,인천광역시 미추홀구 용현동,중상사고,0,1,0,0,차대차 - 측면충돌,안전운전불이행,건조,맑음,교차로 - 교차로부근,자전거,남,8세,중상,화물,남,69세,상해없음
2021050200100307,2021년 5월 2일 16시,일요일,인천광역시 남동구 만수동,중상사고,0,1,5,0,차대차 - 정면충돌,신호위반,건조,맑음,교차로 - 교차로안,승용,남,43세,상해없음,화물,남,65세,경상
2021050200100342,2021년 5월 2일 17시,일요일,인천광역시 부평구 청천동,경상사고,0,0,1,0,차대사람 - 횡단중,안전운전불이행,건조,맑음,단일로 - 지하차도(도로)내,개인형이동수단(PM),남,18세,상해없음,보행자,남,25세,경상
2021050200100343,2021년 5월 2일 17시,일요일,인천광역시 서구 오류동,중상사고,0,1,0,0,차대차 - 추돌,신호위반,건조,맑음,교차로 - 교차로부근,화물,남,46세,상해없음,이륜,남,36세,중상
2021050200100344,2021년 5월 2일 17시,일요일,인천광역시 부평구 부개동,경상사고,0,0,1,0,차대차 - 후진중충돌,안전운전불이행,건조,맑음,단일로 - 기타,승용,남,30세,기타불명,자전거,여,60세,경상
2021050200100393,2021년 5월 2일 19시,일요일,인천광역시 연수구 연수동,경상사고,0,0,1,0,차대사람 - 기타,안전운전불이행,건조,맑음,교차로 - 교차로안,승용,남,24세,상해없음,보행자,남,40세,경상
2021050200100416,2021년 5월 2일 20시,일요일,인천광역시 연수구 청학동,중상사고,0,2,1,0,차대차 - 측면충돌,신호위반,건조,맑음,단일로 - 기타,승용,남,63세,상해없음,승용,남,44세,중상
2021050200100456,2021년 5월 2일 22시,일요일,인천광역시 서구 신현동,경상사고,0,0,1,0,차대차 - 측면충돌,안전운전불이행,건조,맑음,교차로 - 교차로안,승용,여,56세,상해없음,승용,남,64세,경상
2021050200100457,2021년 5월 2일 22시,일요일,인천광역시 남동구 고잔동,경상사고,0,0,1,0,차대차 - 측면충돌,안전운전불이행,건조,맑음,단일로 - 기타,이륜,남,27세,경상,화물,남,57세,기타불명
2021050200100471,2021년 5월 2일 23시,일요일,인천광역시 미추홀구 문학동,경상사고,0,0,1,0,차대차 - 후진중충돌,안전운전불이행,건조,맑음,단일로 - 기타,승용,남,44세,기타불명,승용,남,21세,경상
2021050200100472,2021년 5월 2일 23시,일요일,인천광역시 연수구 연수동,경상사고,0,0,1,0,차대사람 - 길가장자리구역통행중,안전운전불이행,건조,맑음,교차로 - 교차로안,승용,여,53세,상해없음,보행자,남,20세,경상
2021050300100027,2021년 5월 3일 05시,월요일,인천광역시 서구 가정동,중상사고,0,1,2,0,차대차 - 측면충돌,신호위반,건조,맑음,교차로 - 교차로부근,화물,남,37세,경상,승합,여,65세,중상
2021050300100072,2021년 5월 3일 07시,월요일,인천광역시 남동구 만수동,경상사고,0,0,1,0,차대차 - 추돌,안전운전불이행,건조,맑음,단일로 - 기타,승용,남,24세,상해없음,화물,남,32세,경상
2021050300100147,2021년 5월 3일 09시,월요일,인천광역시 미추홀구 도화동,경상사고,0,0,1,0,차대차 - 추돌,교차로운행방법위반,건조,맑음,교차로 - 교차로안,승용,남,66세,상해없음,승용,남,37세,경상
2021050300100184,2021년 5월 3일 10시,월요일,인천광역시 미추홀구 용현동,경상사고,0,0,1,0,차대차 - 측면충돌,신호위반,건조,맑음,단일로 - 기타,화물,남,66세,상해없음,화물,남,39세,경상
2021050300100227,2021년 5월 3일 11시,월요일,인천광역시 미추홀구 도화동,경상사고,0,0,1,0,차대차 - 추돌,안전거리미확보,건조,맑음,단일로 - 기타,승용,남,65세,상해없음,화물,남,34세,경상
2021050300100264,2021년 5월 3일 12시,월요일,인천광역시 계양구 계산동,부상신고사고,0,0,0,1,차대사람 - 차도통행중,안전운전불이행,건조,맑음,교차로 - 교차로부근,승용,남,52세,상해없음,보행자,남,61세,부상신고
2021050300100345,2021년 5월 3일 14시,월요일,인천광역시 동구 송림동,중상사고,0,1,0,0,차대사람 - 차도통행중,안전운전불이행,건조,맑음,단일로 - 기타,승용,남,53세,상해없음,보행자,여,52세,중상
2021050300100346,2021년 5월 3일 14시,월요일,인천광역시 남동구 구월동,경상사고,0,0,1,0,차대차 - 측면충돌,안전운전불이행,건조,맑음,교차로 - 교차로부근,화물,남,43세,상해없음,승용,여,28세,상해없음
2021050300100347,2021년 5월 3일 14시,월요일,인천광역시 부평구 갈산동,경상사고,0,0,1,0,차대사람 - 횡단중,보행자보호의무위반,건조,맑음,교차로 - 교차로횡단보도내,자전거,여,54세,상해없음,보행자,여,64세,경상
2021050300100348,2021년 5월 3일 14시,월요일,인천광역시 부평구 갈산동,경상사고,0,0,1,0,차대차 - 측면충돌,안전운전불이행,건조,맑음,교차로 - 교차로안,승용,남,48세,상해없음,화물,남,43세,경상
2021050300100383,2021년 5월 3일 15시,월요일,인천광역시 남동구 구월동,경상사고,0,0,1,0,차량단독 - 기타,안전운전불이행,건조,맑음,기타 - 기타,승합,남,47세,기타불명,,,,
2021050300100426,2021년 5월 3일 16시,월요일,인천광역시 미추홀구 숭의동,경상사고,0,0,1,0,차대사람 - 기타,안전운전불이행,건조,맑음,주차장 - 주차장,승용,남,30세,상해없음,보행자,남,12세,경상
2021050300100427,2021년 5월 3일 16시,월요일,인천광역시 서구 가좌동,경상사고,0,0,1,0,차대사람 - 횡단중,안전운전불이행,건조,맑음,교차로 - 교차로안,승용,남,33세,상해없음,보행자,여,53세,경상
2021050300100428,2021년 5월 3일 16시,월요일,인천광역시 남동구 논현동,경상사고,0,0,1,0,차대차 - 측면충돌,안전운전불이행,건조,맑음,단일로 - 기타,개인형이동수단(PM),여,34세,경상,승용,남,50세,기타불명
2021050300100429,2021년 5월 3일 16시,월요일,인천광역시 남동구 장수동,경상사고,0,0,1,0,차대차 - 측면충돌,안전거리미확보,건조,맑음,단일로 - 지하차도(도로)내,승용,남,32세,상해없음,승용,남,25세,경상
2021050300100478,2021년 5월 3일 17시,월요일,인천광역시 미추홀구 문학동,경상사고,0,0,2,0,차대차 - 추돌,안전운전불이행,건조,맑음,단일로 - 기타,승용,남,40세,상해없음,화물,남,29세,경상
2021050300100479,2021년 5월 3일 17시,월요일,인천광역시 계양구 귤현동,경상사고,0,0,1,0,차대차 - 측면충돌,안전운전불이행,건조,맑음,교차로 - 교차로안,자전거,남,70세,상해없음,자전거,남,54세,경상
2021050300100480,2021년 5월 3일 17시,월요일,인천광역시 남동구 남촌동,경상사고,0,0,1,0,차대차 - 정면충돌,안전운전불이행,건조,맑음,교차로 - 교차로안,승용,남,29세,상해없음,이륜,남,21세,경상
2021050300100524,2021년 5월 3일 18시,월요일,인천광역시 서구 가좌동,부상신고사고,0,0,0,1,차대사람 - 기타,안전운전불이행,건조,맑음,기타 - 기타,기타불명,기타불명,미분류,기타불명,보행자,남,28세,부상신고
2021050300100525,2021년 5월 3일 18시,월요일,인천광역시 부평구 구산동,경상사고,0,0,1,0,차대차 - 추돌,기타,건조,맑음,단일로 - 기타,승용,남,78세,상해없음,승용,여,49세,경상
2021050300100583,2021년 5월 3일 20시,월요일,인천광역시 서구 청라동,경상사고,0,0,1,0,차대차 - 측면충돌,안전운전불이행,건조,맑음,교차로 - 교차로안,승용,여,47세,상해없음,자전거,남,16세,경상
2021050300100584,2021년 5월 3일 20시,월요일,인천광역시 남동구 고잔동,경상사고,0,0,1,0,차대차 - 측면충돌,안전거리미확보,건조,맑음,교차로 - 교차로부근,승용,남,38세,상해없음,이륜,남,32세,경상
2021050300100585,2021년 5월 3일 20시,월요일,인천광역시 남동구 도림동,중상사고,0,1,0,0,차대차 - 측면충돌,안전운전불이행,건조,맑음,단일로 - 기타,승용,여,49세,상해없음,승용,남,27세,중상
2021050300100611,2021년 5월 3일 21시,월요일,인천광역시 서구 청라동,경상사고,0,0,1,0,차대차 - 추돌,안전운전불이행,건조,맑음,교차로 - 교차로안,승합,남,41세,상해없음,승용,여,51세,경상
2021050300100641,2021년 5월 3일 22시,월요일,인천광역시 계양구 작전동,중상사고,0,1,1,0,차대차 - 측면충돌,차로위반,건조,맑음,단일로 - 기타,승용,여,50세,상해없음,승용,남,51세,경상
2021050300100642,2021년 5월 3일 22시,월요일,인천광역시 남동구 만수동,경상사고,0,0,1,0,차대차 - 추돌,안전운전불이행,건조,맑음,교차로 - 교차로부근,승용,여,44세,상해없음,승용,여,45세,경상
2021050400100008,2021년 5월 4일 00시,화요일,인천광역시 계양구 효성동,경상사고,0,0,1,0,차대차 - 추돌,안전운전불이행,건조,맑음,단일로 - 기타,승용,남,43세,상해없음,승합,남,58세,경상
2021050400100092,2021년 5월 4일 08시,화요일,인천광역시 남동구 간석동,경상사고,0,0,1,0,차대차 - 후진중충돌,안전운전불이행,건조,맑음,단일로 - 고가도로위,특수,남,44세,상해없음,승용,여,40세,경상
2021050400100093,2021년 5월 4일 08시,화요일,인천광역시 남동구 구월동,부상신고사고,0,0,0,1,차대차 - 기타,안전거리미확보,젖음/습기,비,단일로 - 기타,기타불명,기타불명,미분류,기타불명,이륜,남,29세,부상신고
2021050400100094,2021년 5월 4일 08시,화요일,인천광역시 서구 청라동,경상사고,0,0,2,0,차대차 - 기타,안전운전불이행,건조,맑음,교차로 - 교차로안,화물,남,29세,경상,승용,남,28세,경상
2021050400100145,2021년 5월 4일 10시,화요일,인천광역시 계양구 작전동,경상사고,0,0,1,0,차대차 - 후진중충돌,안전운전불이행,젖음/습기,비,교차로 - 교차로횡단보도내,화물,남,71세,상해없음,이륜,남,29세,경상
2021050400100146,2021년 5월 4일 10시,화요일,인천광역시 서구 시천동,경상사고,0,0,1,0,차대차 - 추돌,안전운전불이행,젖음/습기,비,기타 - 기타,승용,남,34세,상해없음,화물,남,54세,경상
2021050400100354,2021년 5월 4일 16시,화요일,인천광역시 남동구 구월동,경상사고,0,0,2,0,차대차 - 측면충돌,안전거리미확보,젖음/습기,비,단일로 - 기타,화물,남,65세,상해없음,승용,남,24세,경상
2021050400100441,2021년 5월 4일 18시,화요일,인천광역시 미추홀구 주안동,경상사고,0,0,1,0,차대차 - 측면충돌,직진우회전진행방해,젖음/습기,비,교차로 - 교차로안,승용,남,32세,상해없음,이륜,남,37세,경상
2021050400100442,2021년 5월 4일 18시,화요일,인천광역시 남동구 만수동,경상사고,0,0,1,0,차대차 - 측면충돌,안전운전불이행,젖음/습기,비,단일로 - 기타,승용,여,59세,상해없음,승용,남,65세,경상
2021050400100509,2021년 5월 4일 19시,화요일,인천광역시 남동구 간석동,경상사고,0,0,1,0,차대차 - 측면충돌,안전거리미확보,젖음/습기,비,단일로 - 기타,승용,남,35세,상해없음,승용,남,37세,경상
2021050400100510,2021년 5월 4일 19시,화요일,인천광역시 서구 가정동,경상사고,0,0,2,0,차대차 - 기타,교차로운행방법위반,젖음/습기,비,교차로 - 교차로안,승용,남,40세,상해없음,승용,남,47세,경상
2021050400100511,2021년 5월 4일 19시,화요일,인천광역시 연수구 송도동,중상사고,0,1,3,0,차대차 - 측면충돌,신호위반,젖음/습기,비,교차로 - 교차로안,승용,남,53세,상해없음,이륜,남,44세,중상
2021050400100512,2021년 5월 4일 19시,화요일,인천광역시 부평구 부개동,부상신고사고,0,0,0,1,차대사람 - 횡단중,보행자보호의무위반,젖음/습기,비,교차로 - 교차로횡단보도내,승용,여,51세,상해없음,보행자,남,17세,부상신고
2021050400100565,2021년 5월 4일 20시,화요일,인천광역시 미추홀구 도화동,중상사고,0,1,0,0,차대사람 - 횡단중,보행자보호의무위반,젖음/습기,맑음,단일로 - 기타,원동기,남,45세,상해없음,보행자,여,56세,중상
2021050400100566,2021년 5월 4일 20시,화요일,인천광역시 서구 청라동,경상사고,0,0,1,0,차대차 - 측면충돌,신호위반,젖음/습기,비,교차로 - 교차로안,승용,남,62세,상해없음,승용,여,44세,경상
2021050400100619,2021년 5월 4일 21시,화요일,인천광역시 부평구 부평동,경상사고,0,0,1,0,차대차 - 측면충돌,교차로운행방법위반,건조,맑음,교차로 - 교차로안,승용,남,39세,상해없음,승용,남,23세,경상
2021050400100620,2021년 5월 4일 21시,화요일,인천광역시 남동구 구월동,경상사고,0,0,1,0,차대차 - 기타,차로위반,젖음/습기,비,교차로 - 교차로부근,승용,남,55세,상해없음,이륜,남,28세,경상
2021050400100621,2021년 5월 4일 21시,화요일,인천광역시 서구 심곡동,중상사고,0,2,3,0,차대차 - 추돌,안전운전불이행,젖음/습기,비,단일로 - 기타,승용,남,28세,상해없음,이륜,남,40세,중상
2021050400100622,2021년 5월 4일 21시,화요일,인천광역시 계양구 작전동,경상사고,0,0,2,0,차대차 - 기타,신호위반,젖음/습기,비,단일로 - 고가도로위,승용,남,30세,상해없음,승용,남,49세,경상
2021050400100675,2021년 5월 4일 22시,화요일,인천광역시 미추홀구 주안동,중상사고,0,1,0,0,차대차 - 추돌,안전운전불이행,젖음/습기,비,단일로 - 기타,승용,여,34세,상해없음,승용,남,59세,중상
2021050400100676,2021년 5월 4일 22시,화요일,인천광역시 남동구 만수동,경상사고,0,0,1,0,차대차 - 추돌,안전운전불이행,젖음/습기,비,교차로 - 교차로부근,승용,남,50세,상해없음,승용,남,43세,경상