사고번호,사고일시,요일,시군구,사고내용,사망자수,중상자수,경상자수,부상신고자수,사고유형,법규위반,노면상태,기상상태,도로형태,가해운전자 차종,가해운전자 성별,가해운전자 연령,가해운전자 상해정도,피해운전자 차종,피해운전자 성별,피해운전자 연령,피해운전자 상해정도
2021051400100697,2021년 5월 14일 22시,금요일,인천광역시 계양구 계산동,경상사고,0,0,1,0,차대사람 - 기타,보행자보호의무위반,건조,맑음,교차로 - 교차로부근,승용,남,56세,상해없음,보행자,남,43세,경상
2021051500100011,2021년 5월 15일 00시,토요일,인천광역시 남동구 만수동,중상사고,0,1,0,0,차대사람 - 기타,안전운전불이행,건조,맑음,교차로 - 교차로안,승용,남,58세,상해없음,보행자,남,65세,중상
2021051500100040,2021년 5월 15일 04시,토요일,인천광역시 미추홀구 주안동,경상사고,0,0,5,0,차대차 - 기타,기타,건조,맑음,단일로 - 기타,승용,기타불명,미분류,기타불명,승용,여,50세,경상
2021051500100041,2021년 5월 15일 04시,토요일,인천광역시 부평구 삼산동,경상사고,0,0,1,0,차대차 - 측면충돌,안전거리미확보,건조,맑음,단일로 - 기타,승용,남,71세,상해없음,승용,남,33세,경상
2021051500100056,2021년 5월 15일 05시,토요일,인천광역시 서구 가좌동,중상사고,0,1,0,0,차량단독 - 전도전복 - 전복,안전운전불이행,건조,맑음,단일로 - 기타,승용,남,24세,중상,,,,
2021051500100150,2021년 5월 15일 10시,토요일,인천광역시 남동구 구월동,경상사고,0,0,2,0,차대차 - 측면충돌,안전거리미확보,건조,맑음,단일로 - 기타,승용,남,52세,경상,승용,여,23세,경상
2021051500100183,2021년 5월 15일 11시,토요일,인천광역시 미추홀구 용현동,중상사고,0,1,3,0,차대차 - 추돌,안전운전불이행,건조,맑음,단일로 - 기타,승용,남,31세,상해없음,승용,남,57세,경상
2021051500100184,2021년 5월 15일 11시,토요일,인천광역시 서구 청라동,경상사고,0,0,2,0,차대차 - 추돌,안전운전불이행,건조,맑음,교차로 - 교차로부근,승용,남,28세,상해없음,승용,여,48세,상해없음
2021051500100220,2021년 5월 15일 12시,토요일,인천광역시 남동구 수산동,경상사고,0,0,3,0,차대차 - 추돌,안전운전불이행,젖음/습기,비,교차로 - 교차로부근,화물,남,57세,상해없음,승용,여,51세,경상
2021051500100307,2021년 5월 15일 14시,토요일,인천광역시 남동구 구월동,경상사고,0,0,1,0,차대차 - 추돌,안전운전불이행,젖음/습기,비,교차로 - 교차로부근,승용,남,45세,상해없음,승용,여,65세,경상
2021051500100308,2021년 5월 15일 14시,토요일,인천광역시 서구 신현동,중상사고,0,1,0,0,차대차 - 추돌,안전운전불이행,젖음/습기,비,교차로 - 교차로안,승용,남,59세,상해없음,승용,남,37세,중상
2021051500100378,2021년 5월 15일 16시,토요일,인천광역시 남동구 논현동,경상사고,0,0,1,0,차대차 - 측면충돌,안전운전불이행,젖음/습기,비,단일로 - 지하차도(도로)내,승용,남,31세,상해없음,승용,여,25세,경상
2021051500100416,2021년 5월 15일 17시,토요일,인천광역시 서구 신현동,중상사고,0,2,1,0,차대차 - 추돌,안전운전불이행,건조,맑음,단일로 - 기타,승용,남,49세,중상,승용,여,48세,중상
2021051500100417,2021년 5월 15일 17시,토요일,인천광역시 서구 경서동,경상사고,0,0,3,0,차대차 - 추돌,안전운전불이행,건조,맑음,교차로 - 교차로부근,건설기계,남,56세,경상,승용,남,53세,경상
2021051500100418,2021년 5월 15일 17시,토요일,인천광역시 계양구 계산동,경상사고,0,0,1,0,차대차 - 측면충돌,안전운전불이행,젖음/습기,비,교차로 - 교차로부근,승합,남,55세,상해없음,승용,남,32세,경상
2021051500100419,2021년 5월 15일 17시,토요일,인천광역시 부평구 부평동,경상사고,0,0,2,0,차대차 - 측면충돌,신호위반,젖음/습기,비,교차로 - 교차로안,승용,남,45세,상해없음,승용,남,37세,경상
2021051500100420,2021년 5월 15일 17시,토요일,인천광역시 남동구 만수동,경상사고,0,0,4,0,차대차 - 측면충돌,교차로운행방법위반,젖음/습기,비,교차로 - 교차로안,승합,남,44세,경상,승용,남,41세,경상
2021051500100529,2021년 5월 15일 20시,토요일,인천광역시 미추홀구 도화동,경상사고,0,0,1,0,차대차 - 기타,안전운전불이행,젖음/습기,비,교차로 - 교차로안,승용,남,55세,상해없음,이륜,남,23세,경상
2021051500100530,2021년 5월 15일 20시,토요일,인천광역시 남동구 구월동,중상사고,0,1,1,0,차대차 - 추돌,안전운전불이행,젖음/습기,비,교차로 - 교차로부근,이륜,남,18세,중상,승합,남,47세,경상
2021051500100531,2021년 5월 15일 20시,토요일,인천광역시 서구 신현동,중상사고,0,1,0,0,차대차 - 추돌,안전운전불이행,젖음/습기,비,단일로 - 기타,승용,남,48세,상해없음,이륜,여,17세,중상
2021051500100533,2021년 5월 15일 20시,토요일,인천광역시 연수구 송도동,중상사고,0,2,0,0,차대차 - 정면충돌,신호위반,젖음/습기,비,교차로 - 교차로안,승용,남,46세,상해없음,승용,남,64세,중상
2021051500100534,2021년 5월 15일 20시,토요일,인천광역시 남동구 고잔동,중상사고,0,1,0,0,차대사람 - 횡단중,보행자보호의무위반,젖음/습기,비,교차로 - 교차로횡단보도내,승용,남,53세,상해없음,보행자,남,56세,중상
2021051500100564,2021년 5월 15일 21시,토요일,인천광역시 중구 운북동,경상사고,0,0,1,0,차대차 - 추돌,안전운전불이행,젖음/습기,비,교차로 - 교차로안,승용,여,47세,상해없음,승용,남,32세,경상
2021051500100565,2021년 5월 15일 21시,토요일,인천광역시 남동구 구월동,부상신고사고,0,0,0,1,차대차 - 기타,신호위반,젖음/습기,비,교차로 - 교차로부근,이륜,남,28세,부상신고,승용,남,48세,상해없음
2021051500100598,2021년 5월 15일 22시,토요일,인천광역시 중구 운남동,경상사고,0,0,6,0,차대차 - 추돌,안전운전불이행,젖음/습기,비,단일로 - 기타,승용,남,35세,상해없음,승용,남,19세,경상
2021051500100599,2021년 5월 15일 22시,토요일,인천광역시 계양구 박촌동,경상사고,0,0,1,0,차대사람 - 보도통행중,신호위반,젖음/습기,비,교차로 - 교차로안,승용,남,31세,상해없음,보행자,여,24세,경상
2021051500100623,2021년 5월 15일 23시,토요일,인천광역시 남동구 만수동,중상사고,0,1,0,0,차대사람 - 횡단중,안전운전불이행,젖음/습기,비,교차로 - 교차로안,승용,여,61세,상해없음,보행자,여,60세,중상
2021051500100624,2021년 5월 15일 23시,토요일,인천광역시 서구 연희동,경상사고,0,0,1,0,차대사람 - 횡단중,신호위반,건조,맑음,단일로 - 기타,이륜,남,18세,상해없음,보행자,남,30세,경상
2021051600100016,2021년 5월 16일 00시,일요일,인천광역시 남동구 간석동,중상사고,0,1,0,0,차대차 - 측면충돌,안전운전불이행,젖음/습기,비,교차로 - 교차로안,승용,남,21세,상해없음,이륜,남,33세,중상
2021051600100038,2021년 5월 16일 01시,일요일,인천광역시 부평구 갈산동,중상사고,0,1,0,0,차대차 - 정면충돌,안전운전불이행,젖음/습기,비,교차로 - 교차로안,승용,남,31세,상해없음,승용,남,38세,중상
2021051600100077,2021년 5월 16일 07시,일요일,인천광역시 계양구 작전동,경상사고,0,0,1,0,차대차 - 측면충돌,안전거리미확보,젖음/습기,비,교차로 - 교차로부근,화물,남,65세,상해없음,승용,남,27세,경상
2021051600100125,2021년 5월 16일 11시,일요일,인천광역시 부평구 부평동,중상사고,0,1,0,0,차대사람 - 기타,안전운전불이행,젖음/습기,비,기타 - 기타,승용,여,39세,상해없음,보행자,여,83세,중상
2021051600100153,2021년 5월 16일 12시,일요일,인천광역시 남동구 간석동,경상사고,0,0,1,0,차대차 - 측면충돌,안전운전불이행,젖음/습기,비,교차로 - 교차로안,기타불명,기타불명,미분류,기타불명,자전거,남,55세,경상
2021051600100154,2021년 5월 16일 12시,일요일,인천광역시 남동구 만수동,경상사고,0,0,1,0,차대차 - 기타,안전운전불이행,젖음/습기,비,교차로 - 교차로횡단보도내,이륜,남,79세,상해없음,이륜,남,35세,경상
2021051600100215,2021년 5월 16일 14시,일요일,인천광역시 남동구 구월동,중상사고,0,1,1,0,차대차 - 측면충돌,기타,젖음/습기,비,단일로 - 기타,승용,남,23세,상해없음,이륜,남,36세,경상
2021051600100247,2021년 5월 16일 15시,일요일,인천광역시 부평구 십정동,경상사고,0,0,1,0,차대차 - 후진중충돌,안전운전불이행,건조,맑음,교차로 - 교차로부근,승합,남,78세,상해없음,승용,남,21세,경상
2021051600100248,2021년 5월 16일 15시,일요일,인천광역시 서구 석남동,경상사고,0,0,1,0,차대사람 - 보도통행중,안전운전불이행,젖음/습기,비,단일로 - 기타,이륜,남,36세,상해없음,보행자,남,61세,경상
2021051600100249,2021년 5월 16일 15시,일요일,인천광역시 강화군 길상면,중상사고,0,1,1,0,차대차 - 측면충돌,중앙선침범,젖음/습기,비,단일로 - 지하차도(도로)내,승용,여,52세,상해없음,승용,여,52세,중상
2021051600100322,2021년 5월 16일 18시,일요일,인천광역시 부평구 부평동,중상사고,0,1,0,0,차대사람 - 횡단중,신호위반,젖음/습기,비,교차로 - 교차로횡단보도내,이륜,남,27세,상해없음,보행자,여,15세,중상
2021051600100350,2021년 5월 16일 19시,일요일,인천광역시 서구 석남동,경상사고,0,0,1,0,차대사람 - 보도통행중,기타,젖음/습기,비,교차로 - 교차로부근,승용,여,35세,상해없음,보행자,남,27세,경상
2021051600100351,2021년 5월 16일 19시,일요일,인천광역시 계양구 작전동,중상사고,0,1,0,0,차대사람 - 보도통행중,보행자보호의무위반,젖음/습기,비,교차로 - 교차로횡단보도내,이륜,남,60세,상해없음,보행자,여,51세,중상
2021051600100384,2021년 5월 16일 20시,일요일,인천광역시 남동구 만수동,중상사고,0,1,0,0,차대사람 - 기타,안전운전불이행,젖음/습기,비,기타 - 기타,승합,남,52세,상해없음,보행자,여,59세,중상
2021051600100415,2021년 5월 16일 21시,일요일,인천광역시 중구 신흥동2가,경상사고,0,0,2,0,차대차 - 추돌,안전운전불이행,젖음/습기,비,단일로 - 기타,승용,남,71세,상해없음,승용,여,59세,경상
2021051600100416,2021년 5월 16일 21시,일요일,인천광역시 미추홀구 문학동,경상사고,0,0,2,0,차대차 - 추돌,안전운전불이행,젖음/습기,비,단일로 - 기타,승용,남,27세,상해없음,승용,남,51세,경상
2021051600100417,2021년 5월 16일 21시,일요일,인천광역시 미추홀구 숭의동,경상사고,0,0,2,0,차대차 - 추돌,안전운전불이행,건조,맑음,단일로 - 기타,승용,남,59세,상해없음,승용,남,51세,경상
2021051600100418,2021년 5월 16일 21시,일요일,인천광역시 서구 가좌동,중상사고,0,1,0,0,차대사람 - 기타,기타,젖음/습기,비,교차로 - 교차로부근,기타불명,기타불명,미분류,기타불명,보행자,남,56세,중상
2021051600100419,2021년 5월 16일 21시,일요일,인천광역시 남동구 만수동,경상사고,0,0,1,0,차대차 - 측면충돌,신호위반,젖음/습기,비,교차로 - 교차로안,승용,남,24세,상해없음,승용,남,22세,경상
2021051700100019,2021년 5월 17일 02시,월요일,인천광역시 서구 가좌동,경상사고,0,0,1,0,차대차 - 추돌,안전운전불이행,건조,맑음,단일로 - 기타,승용,남,22세,상해없음,화물,남,60세,경상
2021051700100046,2021년 5월 17일 06시,월요일,인천광역시 계양구 동양동,경상사고,0,0,1,0,차대차 - 측면충돌,교차로운행방법위반,젖음/습기,비,교차로 - 교차로부근,승용,남,59세,상해없음,승합,남,52세,경상
2021051700100067,2021년 5월 17일 07시,월요일,인천광역시 미추홀구 주안동,경상사고,0,0,1,0,차대차 - 기타,안전운전불이행,젖음/습기,비,기타 - 기타,기타불명,기타불명,미분류,기타불명,화물,남,43세,경상
2021051700100068,2021년 5월 17일 07시,월요일,인천광역시 부평구 십정동,경상사고,0,0,1,0,차대차 - 측면충돌,신호위반,젖음/습기,비,단일로 - 기타,승용,남,59세,상해없음,화물,남,40세,경상
2021051700100097,2021년 5월 17일 08시,월요일,인천광역시 서구 원창동,경상사고,0,0,1,0,차대차 - 기타,안전운전불이행,젖음/습기,맑음,교차로 - 교차로횡단보도내,화물,남,31세,상해없음,자전거,여,39세,경상
2021051700100098,2021년 5월 17일 08시,월요일,인천광역시 계양구 작전동,경상사고,0,0,1,0,차대사람 - 기타,안전운전불이행,건조,맑음,교차로 - 교차로부근,승용,남,70세,상해없음,보행자,남,7세,경상
2021051700100121,2021년 5월 17일 09시,월요일,인천광역시 미추홀구 주안동,경상사고,0,0,1,0,차대차 - 기타,안전운전불이행,젖음/습기,비,교차로 - 교차로안,승용,여,42세,상해없음,승용,남,28세,경상
2021051700100179,2021년 5월 17일 11시,월요일,인천광역시 연수구 송도동,경상사고,0,0,1,0,차대차 - 추돌,안전거리미확보,젖음/습기,비,교차로 - 교차로안,승용,여,41세,상해없음,승용,남,24세,경상
2021051700100296,2021년 5월 17일 15시,월요일,인천광역시 남동구 구월동,경상사고,0,0,2,1,차대차 - 측면충돌,안전거리미확보,건조,맑음,단일로 - 기타,이륜,남,36세,상해없음,승용,여,49세,경상
2021051700100297,2021년 5월 17일 15시,월요일,인천광역시 연수구 연수동,중상사고,0,1,0,0,차대차 - 측면충돌,교차로운행방법위반,건조,맑음,교차로 - 교차로횡단보도내,승용,여,64세,상해없음,자전거,남,81세,중상
2021051700100366,2021년 5월 17일 17시,월요일,인천광역시 서구 가좌동,경상사고,0,0,1,0,차대차 - 추돌,차로위반,건조,흐림,교차로 - 교차로부근,승용,남,43세,상해없음,자전거,남,70세,경상
2021051700100367,2021년 5월 17일 17시,월요일,인천광역시 서구 가정동,경상사고,0,0,1,0,차대차 - 측면충돌,안전운전불이행,건조,맑음,교차로 - 교차로부근,화물,남,60세,상해없음,승용,남,44세,경상
2021051700100368,2021년 5월 17일 17시,월요일,인천광역시 부평구 부평동,경상사고,0,0,1,0,차대차 - 기타,신호위반,건조,맑음,단일로 - 기타,승용,남,63세,상해없음,이륜,남,46세,경상
2021051700100409,2021년 5월 17일 18시,월요일,인천광역시 서구 석남동,경상사고,0,0,1,0,차대사람 - 기타,안전운전불이행,건조,맑음,교차로 - 교차로부근,승용,남,47세,상해없음,보행자,남,8세,경상
2021051700100410,2021년 5월 17일 18시,월요일,인천광역시 연수구 동춘동,경상사고,0,0,1,0,차대차 - 후진중충돌,안전운전불이행,건조,맑음,교차로 - 교차로부근,승용,여,53세,상해없음,승용,남,28세,경상
2021051700100441,2021년 5월 17일 19시,월요일,인천광역시 서구 청라동,경상사고,0,0,2,0,차대차 - 기타,안전운전불이행,건조,맑음,단일로 - 기타,승용,여,39세,경상,승용,남,38세,경상
2021051700100502,2021년 5월 17일 21시,월요일,인천광역시 계양구 계산동,경상사고,0,0,1,0,차대차 - 후진중충돌,안전운전불이행,건조,맑음,단일로 - 기타,승용,남,22세,상해없음,승용,남,27세,경상
2021051700100529,2021년 5월 17일 22시,월요일,인천광역시 미추홀구 주안동,경상사고,0,0,1,0,차대차 - 기타,안전운전불이행,건조,맑음,단일로 - 기타,승용,남,27세,상해없음,승용,여,60세,경상
2021051700100541,2021년 5월 17일 23시,월요일,인천광역시 남동구 구월동,경상사고,0,0,1,0,차대차 - 기타,안전운전불이행,건조,맑음,기타 - 기타,승용,남,25세,상해없음,승용,남,37세,경상
2021051700100542,2021년 5월 17일 23시,월요일,인천광역시 계양구 병방동,경상사고,0,0,3,0,차대차 - 추돌,안전운전불이행,건조,맑음,교차로 - 교차로부근,승용,남,38세,상해없음,승용,남,34세,경상
2021051700100543,2021년 5월 17일 23시,월요일,인천광역시 남동구 논현동,경상사고,0,0,3,0,차대차 - 측면충돌,안전운전불이행,건조,맑음,교차로 - 교차로안,승용,남,51세,상해없음,승용,여,26세,경상
2021051800100091,2021년 5월 18일 08시,화요일,인천광역시 미추홀구 주안동,경상사고,0,0,1,0,차대차 - 측면충돌,안전운전불이행,건조,맑음,단일로 - 기타,화물,남,41세,상해없음,승용,남,43세,경상
2021051800100092,2021년 5월 18일 08시,화요일,인천광역시 계양구 계산동,경상사고,0,0,1,0,차대사람 - 기타,보행자보호의무위반,건조,맑음,단일로 - 기타,승용,남,59세,상해없음,보행자,여,32세,경상
2021051800100146,2021년 5월 18일 10시,화요일,인천광역시 미추홀구 학익동,경상사고,0,0,1,0,차대차 - 정면충돌,안전운전불이행,건조,맑음,주차장 - 주차장,승용,남,68세,상해없음,승용,남,29세,경상
2021051800100147,2021년 5월 18일 10시,화요일,인천광역시 부평구 부평동,중상사고,0,1,0,0,차대사람 - 횡단중,보행자보호의무위반,건조,맑음,교차로 - 교차로횡단보도내,화물,남,56세,상해없음,보행자,여,59세,중상
2021051800100169,2021년 5월 18일 11시,화요일,인천광역시 미추홀구 주안동,경상사고,0,0,1,0,차대사람 - 길가장자리구역통행중,안전운전불이행,건조,맑음,단일로 - 기타,승용,남,62세,상해없음,보행자,남,67세,경상
2021051800100170,2021년 5월 18일 11시,화요일,인천광역시 남동구 간석동,경상사고,0,0,1,0,차대차 - 측면충돌,안전운전불이행,건조,맑음,교차로 - 교차로안,승용,남,77세,상해없음,승용,여,56세,경상
2021051800100202,2021년 5월 18일 12시,화요일,인천광역시 중구 신흥동3가,경상사고,0,0,2,0,차대차 - 측면충돌,안전운전불이행,건조,맑음,교차로 - 교차로부근,승합,남,45세,경상,승용,남,54세,경상
2021051800100232,2021년 5월 18일 13시,화요일,인천광역시 계양구 계산동,경상사고,0,0,1,0,차대차 - 기타,안전운전불이행,건조,맑음,교차로 - 교차로안,자전거,남,67세,경상,화물,남,50세,상해없음
2021051800100233,2021년 5월 18일 13시,화요일,인천광역시 계양구 계산동,경상사고,0,0,1,0,차대차 - 추돌,안전운전불이행,건조,맑음,교차로 - 교차로부근,승용,남,32세,상해없음,승용,남,28세,경상
2021051800100275,2021년 5월 18일 14시,화요일,인천광역시 중구 신흥동3가,중상사고,0,1,0,0,차대사람 - 차도통행중,안전운전불이행,건조,맑음,교차로 - 교차로안,화물,남,60세,상해없음,보행자,남,65세,중상
2021051800100276,2021년 5월 18일 14시,화요일,인천광역시 부평구 부평동,중상사고,0,1,0,0,차대사람 - 횡단중,보행자보호의무위반,건조,맑음,단일로 - 기타,화물,남,53세,상해없음,보행자,여,28세,중상
2021051800100277,2021년 5월 18일 14시,화요일,인천광역시 서구 석남동,경상사고,0,0,1,0,차대차 - 측면충돌,안전운전불이행,건조,맑음,단일로 - 기타,승용,남,74세,상해없음,이륜,남,29세,경상
2021051800100319,2021년 5월 18일 15시,화요일,인천광역시 중구 신흥동2가,경상사고,0,0,1,0,차대차 - 측면충돌,안전운전불이행,건조,맑음,교차로 - 교차로부근,승용,남,35세,상해없음,자전거,여,31세,경상
2021051800100320,2021년 5월 18일 15시,화요일,인천광역시 미추홀구 주안동,경상사고,0,0,1,0,차대차 - 추돌,안전운전불이행,건조,맑음,교차로 - 교차로부근,승용,남,65세,상해없음,승용,여,34세,경상
2021051800100321,2021년 5월 18일 15시,화요일,인천광역시 미추홀구 용현동,경상사고,0,0,1,0,차대차 - 측면충돌,안전운전불이행,건조,맑음,단일로 - 기타,화물,남,40세,상해없음,승용,남,24세,경상
2021051800100322,2021년 5월 18일 15시,화요일,인천광역시 부평구 청천동,중상사고,0,1,0,0,차대차 - 측면충돌,신호위반,건조,맑음,교차로 - 교차로안,승용,여,56세,기타불명,이륜,남,41세,중상
2021051800100323,2021년 5월 18일 15시,화요일,인천광역시 부평구 십정동,경상사고,0,0,2,0,차대차 - 측면충돌,안전운전불이행,건조,맑음,교차로 - 교차로부근,승용,여,60세,상해없음,승용,여,40세,경상
2021051800100362,2021년 5월 18일 16시,화요일,인천광역시 중구 운서동,부상신고사고,0,0,0,1,차대사람 - 기타,안전운전불이행,건조,맑음,기타 - 기타,승용,남,67세,상해없음,보행자,남,34세,부상신고
2021051800100363,2021년 5월 18일 16시,화요일,인천광역시 강화군 강화읍,경상사고,0,0,4,0,차대차 - 측면충돌,교차로운행방법위반,건조,맑음,교차로 - 교차로안,화물,남,69세,상해없음,승용,남,32세,경상
2021051800100411,2021년 5월 18일 17시,화요일,인천광역시 미추홀구 주안동,경상사고,0,0,1,0,차대차 - 측면충돌,교차로운행방법위반,건조,맑음,교차로 - 교차로안,승용,남,40세,상해없음,화물,여,41세,경상
2021051800100412,2021년 5월 18일 17시,화요일,인천광역시 계양구 용종동,경상사고,0,0,1,0,차대차 - 측면충돌,안전운전불이행,건조,맑음,교차로 - 교차로부근,자전거,남,10세,상해없음,승용,여,54세,경상
2021051800100453,2021년 5월 18일 18시,화요일,인천광역시 부평구 산곡동,경상사고,0,0,1,0,차대사람 - 기타,보행자보호의무위반,건조,맑음,단일로 - 기타,승용,여,58세,상해없음,보행자,남,67세,경상
2021051800100454,2021년 5월 18일 18시,화요일,인천광역시 부평구 산곡동,중상사고,0,1,0,0,차대차 - 측면충돌,안전운전불이행,건조,맑음,교차로 - 교차로안,승용,여,40세,상해없음,이륜,남,25세,중상
2021051800100455,2021년 5월 18일 18시,화요일,인천광역시 계양구 서운동,경상사고,0,0,1,0,차대차 - 측면충돌,안전거리미확보,건조,맑음,단일로 - 기타,승용,남,52세,기타불명,승용,여,57세,경상
2021051800100456,2021년 5월 18일 18시,화요일,인천광역시 남동구 남촌동,경상사고,0,0,1,0,차대차 - 추돌,안전운전불이행,건조,맑음,단일로 - 교량,승용,여,58세,상해없음,승용,여,30세,경상
2021051800100496,2021년 5월 18일 19시,화요일,인천광역시 남동구 만수동,경상사고,0,0,1,0,차대사람 - 길가장자리구역통행중,보행자보호의무위반,건조,흐림,단일로 - 기타,승용,여,52세,상해없음,보행자,남,40세,경상
2021051800100497,2021년 5월 18일 19시,화요일,인천광역시 부평구 부평동,중상사고,0,1,0,0,차대차 - 기타,안전운전불이행,건조,맑음,교차로 - 교차로부근,승용,남,23세,상해없음,이륜,남,30세,중상
2021051800100534,2021년 5월 18일 20시,화요일,인천광역시 남동구 남촌동,경상사고,0,0,1,0,차대차 - 측면충돌,안전거리미확보,건조,흐림,단일로 - 교량,승용,남,58세,상해없음,승용,남,27세,경상
2021051800100564,2021년 5월 18일 21시,화요일,인천광역시 동구 만석동,경상사고,0,0,1,0,차대차 - 측면충돌,중앙선침범,건조,맑음,교차로 - 교차로부근,승합,남,50세,상해없음,승용,남,54세,경상
2021051800100565,2021년 5월 18일 21시,화요일,인천광역시 미추홀구 주안동,경상사고,0,0,1,0,차대사람 - 기타,안전운전불이행,건조,맑음,단일로 - 기타,이륜,남,31세,상해없음,보행자,남,31세,경상
2021051800100590,2021년 5월 18일 22시,화요일,인천광역시 남동구 수산동,경상사고,0,0,1,0,차대차 - 측면충돌,안전거리미확보,건조,맑음,단일로 - 교량,승용,남,48세,상해없음,승용,남,61세,경상
2021051800100613,2021년 5월 18일 23시,화요일,인천광역시 부평구 갈산동,경상사고,0,0,1,0,차대차 - 추돌,안전운전불이행,건조,흐림,교차로 - 교차로안,화물,남,43세,상해없음,승용,남,53세,경상
2021051900100011,2021년 5월 19일 00시,수요일,인천광역시 남동구 구월동,경상사고,0,0,1,0,차대차 - 추돌,안전운전불이행,건조,맑음,교차로 - 교차로부근,승용,여,43세,상해없음,승용,남,73세,경상
2021051900100012,2021년 5월 19일 00시,수요일,인천광역시 연수구 송도동,경상사고,0,0,2,0,차대차 - 측면충돌,안전운전불이행,건조,맑음,단일로 - 기타,승용,남,25세,상해없음,승용,남,23세,경상
2021051900100056,2021년 5월 19일 06시,수요일,인천광역시 계양구 계산동,경상사고,0,0,1,0,차대차 - 측면충돌,안전운전불이행,건조,맑음,단일로 - 기타,승합,남,57세,상해없음,승용,남,55세,경상
2021051900100067,2021년 5월 19일 07시,수요일,인천광역시 강화군 길상면,경상사고,0,0,1,0,차대차 - 측면충돌,안전운전불이행,건조,맑음,교차로 - 교차로부근,승용,남,65세,상해없음,화물,남,72세,경상
2021051900100092,2021년 5월 19일 08시,수요일,인천광역시 남동구 구월동,경상사고,0,0,2,0,차대차 - 측면충돌,신호위반,건조,맑음,단일로 - 기타,화물,남,44세,경상,승용,여,29세,경상
2021051900100108,2021년 5월 19일 09시,수요일,인천광역시 남동구 간석동,중상사고,0,1,0,0,차대차 - 측면충돌,신호위반,건조,맑음,교차로 - 교차로안,건설기계,남,47세,상해없음,승용,여,43세,중상
2021051900100109,2021년 5월 19일 09시,수요일,인천광역시 연수구 동춘동,경상사고,0,0,1,0,차량단독 - 기타,안전운전불이행,건조,맑음,단일로 - 기타,승합,남,58세,상해없음,,,,
2021051900100179,2021년 5월 19일 11시,수요일,인천광역시 미추홀구 용현동,경상사고,0,0,1,0,차대차 - 측면충돌,안전운전불이행,건조,맑음,단일로 - 기타,승용,남,58세,상해없음,자전거,남,74세,경상
2021051900100219,2021년 5월 19일 12시,수요일,인천광역시 계양구 계산동,중상사고,0,1,2,0,차대차 - 추돌,신호위반,건조,맑음,교차로 - 교차로부근,승용,남,72세,경상,이륜,남,42세,중상
2021051900100220,2021년 5월 19일 12시,수요일,인천광역시 계양구 서운동,경상사고,0,0,1,0,차대차 - 측면충돌,신호위반,건조,맑음,교차로 - 교차로안,승용,여,46세,상해없음,승용,남,40세,경상
2021051900100254,2021년 5월 19일 13시,수요일,인천광역시 부평구 구산동,경상사고,0,0,1,0,차대차 - 추돌,안전운전불이행,건조,맑음,교차로 - 교차로안,승용,여,39세,상해없음,이륜,여,36세,경상
2021051900100255,2021년 5월 19일 13시,수요일,인천광역시 부평구 부개동,부상신고사고,0,0,0,1,차대사람 - 보도통행중,교차로운행방법위반,건조,맑음,단일로 - 기타,승합,남,29세,상해없음,보행자,남,59세,부상신고
2021051900100294,2021년 5월 19일 14시,수요일,인천광역시 서구 마전동,중상사고,0,1,0,0,차대차 - 추돌,안전운전불이행,건조,맑음,단일로 - 기타,건설기계,남,54세,상해없음,승용,여,49세,중상
2021051900100354,2021년 5월 19일 16시,수요일,인천광역시 남동구 구월동,경상사고,0,0,1,0,차대차 - 측면충돌,안전거리미확보,건조,맑음,교차로 - 교차로안,승용,남,44세,상해없음,승용,남,44세,경상
2021051900100356,2021년 5월 19일 16시,수요일,인천광역시 서구 연희동,경상사고,0,0,1,0,차대차 - 측면충돌,안전운전불이행,건조,맑음,단일로 - 지하차도(도로)내,이륜,남,37세,상해없음,승용,남,52세,경상
2021051900100357,2021년 5월 19일 16시,수요일,인천광역시 부평구 일신동,경상사고,0,0,1,0,차대차 - 측면충돌,안전운전불이행,젖음/습기,비,단일로 - 고가도로위,승용,남,30세,상해없음,승용,남,33세,경상
2021051900100401,2021년 5월 19일 17시,수요일,인천광역시 부평구 일신동,경상사고,0,0,1,0,차대차 - 측면충돌,안전운전불이행,건조,맑음,단일로 - 기타,승용,남,26세,상해없음,자전거,남,64세,경상
2021051900100402,2021년 5월 19일 17시,수요일,인천광역시 남동구 남촌동,경상사고,0,0,3,0,차대차 - 측면충돌,안전거리미확보,건조,맑음,단일로 - 기타,화물,남,64세,상해없음,승용,남,60세,경상
2021051900100440,2021년 5월 19일 18시,수요일,인천광역시 남동구 구월동,중상사고,0,1,0,0,차대차 - 추돌,신호위반,건조,맑음,교차로 - 교차로부근,화물,남,27세,상해없음,이륜,남,50세,중상
2021051900100441,2021년 5월 19일 18시,수요일,인천광역시 서구 마전동,중상사고,0,1,0,0,차대차 - 측면충돌,신호위반,건조,맑음,교차로 - 교차로안,승용,남,74세,상해없음,이륜,남,56세,중상
2021052000100005,2021년 5월 20일 00시,목요일,인천광역시 미추홀구 주안동,경상사고,0,0,1,0,차대차 - 측면충돌,안전운전불이행,건조,맑음,단일로 - 기타,승용,남,49세,상해없음,승용,남,73세,경상