사고번호,사고일시,요일,시군구,사고내용,사망자수,중상자수,경상자수,부상신고자수,사고유형,법규위반,노면상태,기상상태,도로형태,가해운전자 차종,가해운전자 성별,가해운전자 연령,가해운전자 상해정도,피해운전자 차종,피해운전자 성별,피해운전자 연령,피해운전자 상해정도
2021052000100017,2021년 5월 20일 02시,목요일,인천광역시 서구 경서동,중상사고,0,1,0,0,차량단독 - 기타,안전운전불이행,건조,맑음,단일로 - 기타,이륜,남,25세,중상,,,,
2021052000100022,2021년 5월 20일 04시,목요일,인천광역시 남동구 간석동,경상사고,0,0,1,0,차대차 - 추돌,안전운전불이행,건조,맑음,교차로 - 교차로부근,승용,남,39세,상해없음,승합,남,46세,경상
2021052000100027,2021년 5월 20일 05시,목요일,인천광역시 서구 석남동,중상사고,0,1,0,0,차대차 - 측면충돌,안전운전불이행,건조,맑음,단일로 - 기타,승용,남,40세,상해없음,이륜,남,57세,중상
2021052000100055,2021년 5월 20일 07시,목요일,인천광역시 중구 신흥동3가,경상사고,0,0,1,0,차대차 - 측면충돌,안전운전불이행,건조,맑음,교차로 - 교차로안,화물,남,53세,상해없음,승용,여,62세,경상
2021052000100056,2021년 5월 20일 07시,목요일,인천광역시 남동구 간석동,경상사고,0,0,1,0,차대차 - 추돌,안전운전불이행,건조,맑음,단일로 - 기타,승용,남,39세,상해없음,화물,남,31세,경상
2021052000100106,2021년 5월 20일 09시,목요일,인천광역시 미추홀구 용현동,중상사고,0,1,0,0,차대사람 - 기타,안전운전불이행,건조,흐림,교차로 - 교차로횡단보도내,자전거,남,73세,상해없음,보행자,남,77세,중상
2021052000100107,2021년 5월 20일 09시,목요일,인천광역시 부평구 갈산동,경상사고,0,0,1,0,차대사람 - 횡단중,안전운전불이행,건조,흐림,교차로 - 교차로안,승용,여,37세,상해없음,보행자,여,37세,경상
2021052000100138,2021년 5월 20일 10시,목요일,인천광역시 연수구 연수동,경상사고,0,0,1,0,차대차 - 측면충돌,신호위반,건조,맑음,교차로 - 교차로부근,승합,남,62세,상해없음,승용,남,67세,경상
2021052000100287,2021년 5월 20일 15시,목요일,인천광역시 미추홀구 주안동,부상신고사고,0,0,0,1,차대사람 - 기타,안전운전불이행,건조,맑음,교차로 - 교차로안,건설기계,남,65세,상해없음,보행자,남,76세,부상신고
2021052000100288,2021년 5월 20일 15시,목요일,인천광역시 남동구 간석동,중상사고,0,1,0,0,차대차 - 측면충돌,신호위반,건조,맑음,교차로 - 교차로안,승합,남,31세,상해없음,이륜,남,24세,중상
2021052000100361,2021년 5월 20일 17시,목요일,인천광역시 서구 석남동,경상사고,0,0,1,0,차대사람 - 길가장자리구역통행중,안전운전불이행,건조,맑음,단일로 - 기타,승용,남,73세,상해없음,보행자,남,49세,경상
2021052000100362,2021년 5월 20일 17시,목요일,인천광역시 부평구 삼산동,부상신고사고,0,0,0,1,차대사람 - 기타,안전운전불이행,건조,맑음,교차로 - 교차로안,화물,남,70세,상해없음,보행자,남,5세,부상신고
2021052000100392,2021년 5월 20일 18시,목요일,인천광역시 연수구 옥련동,중상사고,0,1,1,0,차대사람 - 횡단중,보행자보호의무위반,젖음/습기,맑음,교차로 - 교차로횡단보도내,승용,남,54세,상해없음,보행자,여,30세,경상
2021052000100393,2021년 5월 20일 18시,목요일,인천광역시 부평구 부평동,경상사고,0,0,1,0,차대사람 - 차도통행중,안전운전불이행,건조,맑음,단일로 - 기타,이륜,남,22세,상해없음,보행자,남,45세,경상
2021052000100474,2021년 5월 20일 20시,목요일,인천광역시 남동구 구월동,경상사고,0,0,2,0,차대차 - 측면충돌,신호위반,젖음/습기,비,교차로 - 교차로안,이륜,남,32세,상해없음,승용,남,58세,경상
2021052000100475,2021년 5월 20일 20시,목요일,인천광역시 계양구 계산동,중상사고,0,1,0,0,차대차 - 추돌,안전운전불이행,젖음/습기,비,교차로 - 교차로부근,이륜,남,36세,기타불명,승용,여,51세,중상
2021052000100511,2021년 5월 20일 21시,목요일,인천광역시 남동구 만수동,경상사고,0,0,1,0,차대차 - 추돌,안전운전불이행,젖음/습기,비,단일로 - 기타,승용,여,58세,상해없음,승용,남,57세,경상
2021052000100512,2021년 5월 20일 21시,목요일,인천광역시 부평구 삼산동,중상사고,0,1,0,0,차대사람 - 횡단중,안전운전불이행,젖음/습기,비,교차로 - 교차로부근,승용,여,53세,상해없음,보행자,남,52세,중상
2021052000100513,2021년 5월 20일 21시,목요일,인천광역시 남동구 고잔동,경상사고,0,0,4,0,차대차 - 추돌,안전거리미확보,젖음/습기,비,교차로 - 교차로부근,승용,남,57세,상해없음,승용,남,35세,경상
2021052000100551,2021년 5월 20일 22시,목요일,인천광역시 부평구 산곡동,경상사고,0,0,2,0,차대차 - 측면충돌,신호위반,젖음/습기,비,교차로 - 교차로안,원동기,남,16세,상해없음,승용,여,52세,경상
2021052100100035,2021년 5월 21일 05시,금요일,인천광역시 중구 율목동,경상사고,0,0,1,0,차대차 - 측면충돌,신호위반,젖음/습기,흐림,교차로 - 교차로안,승용,남,54세,상해없음,승용,남,71세,경상
2021052100100090,2021년 5월 21일 08시,금요일,인천광역시 중구 신흥동2가,경상사고,0,0,1,0,차대차 - 측면충돌,안전운전불이행,젖음/습기,비,교차로 - 교차로안,승용,여,30세,상해없음,승합,남,49세,경상
2021052100100091,2021년 5월 21일 08시,금요일,인천광역시 부평구 산곡동,경상사고,0,0,1,0,차대차 - 후진중충돌,불법유턴,건조,맑음,단일로 - 기타,승용,남,62세,상해없음,승용,남,28세,경상
2021052100100149,2021년 5월 21일 10시,금요일,인천광역시 계양구 계산동,경상사고,0,0,1,0,차대차 - 후진중충돌,안전운전불이행,건조,맑음,단일로 - 기타,승용,여,31세,기타불명,승용,남,37세,경상
2021052100100177,2021년 5월 21일 11시,금요일,인천광역시 서구 연희동,경상사고,0,0,2,0,차대차 - 측면충돌,중앙선침범,건조,맑음,단일로 - 기타,승용,여,29세,상해없음,화물,남,60세,상해없음
2021052100100236,2021년 5월 21일 13시,금요일,인천광역시 미추홀구 도화동,경상사고,0,0,1,0,차대차 - 추돌,안전운전불이행,건조,맑음,단일로 - 기타,이륜,남,41세,상해없음,승용,남,35세,상해없음
2021052100100237,2021년 5월 21일 13시,금요일,인천광역시 계양구 작전동,경상사고,0,0,2,0,차대차 - 측면충돌,안전거리미확보,건조,맑음,단일로 - 기타,승용,남,54세,경상,승용,남,34세,경상
2021052100100276,2021년 5월 21일 14시,금요일,인천광역시 중구 신흥동3가,경상사고,0,0,1,0,차대차 - 측면충돌,중앙선침범,건조,맑음,교차로 - 교차로안,승용,여,41세,상해없음,승용,남,63세,경상
2021052100100277,2021년 5월 21일 14시,금요일,인천광역시 서구 가정동,경상사고,0,0,1,0,차대차 - 추돌,신호위반,건조,맑음,교차로 - 교차로안,이륜,남,16세,상해없음,승용,여,40세,경상
2021052100100278,2021년 5월 21일 14시,금요일,인천광역시 서구 가좌동,경상사고,0,0,3,0,차대차 - 측면충돌,안전운전불이행,건조,맑음,교차로 - 교차로안,특수,남,63세,기타불명,승용,남,27세,경상
2021052100100358,2021년 5월 21일 16시,금요일,인천광역시 남동구 간석동,부상신고사고,0,0,0,1,차대사람 - 기타,기타,건조,맑음,단일로 - 기타,승용,남,63세,상해없음,보행자,남,59세,부상신고
2021052100100359,2021년 5월 21일 16시,금요일,인천광역시 서구 당하동,경상사고,0,0,2,0,차대차 - 기타,안전운전불이행,기타,기타,교차로 - 교차로안,승용,여,28세,경상,승용,여,34세,경상
2021052100100360,2021년 5월 21일 16시,금요일,인천광역시 계양구 작전동,경상사고,0,0,2,0,차대차 - 측면충돌,안전운전불이행,건조,맑음,단일로 - 기타,이륜,남,49세,경상,승용,남,25세,경상
2021052100100406,2021년 5월 21일 17시,금요일,인천광역시 동구 만석동,경상사고,0,0,1,0,차대사람 - 기타,안전운전불이행,건조,맑음,단일로 - 기타,승합,남,42세,상해없음,보행자,남,67세,경상
2021052100100407,2021년 5월 21일 17시,금요일,인천광역시 부평구 부평동,경상사고,0,0,1,0,차대차 - 측면충돌,교차로운행방법위반,건조,맑음,교차로 - 교차로안,승합,남,65세,상해없음,승용,여,37세,경상
2021052100100449,2021년 5월 21일 18시,금요일,인천광역시 부평구 부평동,경상사고,0,0,2,0,차대차 - 측면충돌,안전운전불이행,건조,맑음,교차로 - 교차로부근,승용,여,39세,상해없음,승용,여,38세,경상
2021052100100450,2021년 5월 21일 18시,금요일,인천광역시 남동구 구월동,경상사고,0,0,2,0,차대차 - 기타,중앙선침범,건조,맑음,단일로 - 기타,이륜,남,43세,상해없음,승용,남,33세,경상
2021052100100451,2021년 5월 21일 18시,금요일,인천광역시 부평구 부평동,경상사고,0,0,1,0,차대차 - 측면충돌,안전운전불이행,건조,맑음,교차로 - 교차로부근,승용,남,40세,상해없음,승합,남,59세,경상
2021052100100525,2021년 5월 21일 20시,금요일,인천광역시 서구 가정동,경상사고,0,0,1,0,차대차 - 측면충돌,신호위반,건조,맑음,교차로 - 교차로안,승용,남,58세,상해없음,승용,남,35세,경상
2021052100100596,2021년 5월 21일 23시,금요일,인천광역시 미추홀구 용현동,경상사고,0,0,1,1,차대사람 - 기타,안전운전불이행,건조,맑음,단일로 - 기타,승용,남,69세,상해없음,보행자,남,20세,경상
2021052200100008,2021년 5월 22일 00시,토요일,인천광역시 남동구 구월동,부상신고사고,0,0,0,1,차대사람 - 길가장자리구역통행중,안전운전불이행,건조,맑음,단일로 - 기타,승용,남,28세,상해없음,보행자,남,54세,부상신고
2021052200100046,2021년 5월 22일 05시,토요일,인천광역시 미추홀구 학익동,중상사고,0,1,0,0,차대사람 - 횡단중,안전운전불이행,건조,맑음,교차로 - 교차로부근,승용,남,58세,상해없음,보행자,남,77세,중상
2021052200100069,2021년 5월 22일 07시,토요일,인천광역시 남동구 논현동,경상사고,0,0,2,0,차대차 - 추돌,안전거리미확보,건조,맑음,단일로 - 교량,특수,남,59세,상해없음,화물,남,56세,경상
2021052200100085,2021년 5월 22일 08시,토요일,인천광역시 연수구 동춘동,중상사고,0,1,0,0,차대사람 - 횡단중,보행자보호의무위반,건조,맑음,교차로 - 교차로횡단보도내,승용,여,36세,상해없음,보행자,여,22세,중상
2021052200100107,2021년 5월 22일 09시,토요일,인천광역시 중구 운남동,경상사고,0,0,2,0,차대차 - 측면충돌,안전운전불이행,건조,맑음,단일로 - 기타,농기계,남,78세,상해없음,화물,여,50세,경상
2021052200100137,2021년 5월 22일 10시,토요일,인천광역시 옹진군 영흥면,경상사고,0,0,1,0,차대차 - 추돌,안전운전불이행,건조,맑음,단일로 - 기타,승용,남,86세,상해없음,자전거,남,10세,경상
2021052200100138,2021년 5월 22일 10시,토요일,인천광역시 계양구 임학동,중상사고,0,1,0,0,차대차 - 추돌,안전운전불이행,건조,맑음,교차로 - 교차로부근,승용,남,69세,상해없음,승용,여,41세,중상
2021052200100139,2021년 5월 22일 10시,토요일,인천광역시 부평구 일신동,경상사고,0,0,1,0,차대차 - 추돌,안전거리미확보,건조,맑음,단일로 - 교량,화물,남,66세,상해없음,승용,남,60세,경상
2021052200100212,2021년 5월 22일 12시,토요일,인천광역시 강화군 삼산면,중상사고,0,1,0,0,차량단독 - 전도전복 - 전도,기타,건조,맑음,단일로 - 지하차도(도로)내,이륜,남,69세,중상,,,,
2021052200100254,2021년 5월 22일 13시,토요일,인천광역시 남동구 구월동,경상사고,0,0,1,0,차대차 - 후진중충돌,안전운전불이행,건조,맑음,교차로 - 교차로부근,승용,남,44세,상해없음,이륜,남,27세,경상
2021052200100255,2021년 5월 22일 13시,토요일,인천광역시 남동구 장수동,경상사고,0,0,1,0,차대차 - 측면충돌,신호위반,건조,맑음,단일로 - 터널,화물,남,64세,상해없음,승용,남,57세,경상
2021052200100311,2021년 5월 22일 14시,토요일,인천광역시 미추홀구 숭의동,경상사고,0,0,1,0,차대차 - 추돌,불법유턴,건조,맑음,단일로 - 기타,승용,남,60세,상해없음,승용,여,56세,경상
2021052200100396,2021년 5월 22일 16시,토요일,인천광역시 서구 오류동,경상사고,0,0,4,0,차대차 - 기타,신호위반,건조,맑음,교차로 - 교차로안,승용,남,29세,경상,승용,남,22세,경상
2021052200100397,2021년 5월 22일 16시,토요일,인천광역시 연수구 송도동,경상사고,0,0,1,0,차대차 - 측면충돌,안전운전불이행,건조,맑음,교차로 - 교차로부근,이륜,남,19세,상해없음,승용,남,41세,경상
2021052200100398,2021년 5월 22일 16시,토요일,인천광역시 부평구 부평동,경상사고,0,0,1,0,차량단독 - 기타,기타,건조,맑음,단일로 - 기타,승합,남,64세,상해없음,,,,
2021052200100442,2021년 5월 22일 17시,토요일,인천광역시 서구 당하동,경상사고,0,0,2,0,차대차 - 측면충돌,안전운전불이행,건조,맑음,단일로 - 기타,건설기계,남,60세,상해없음,승용,남,40세,경상
2021052200100443,2021년 5월 22일 17시,토요일,인천광역시 연수구 연수동,경상사고,0,0,3,0,차대차 - 추돌,안전운전불이행,건조,맑음,단일로 - 기타,승용,남,22세,상해없음,승용,남,39세,경상
2021052200100485,2021년 5월 22일 18시,토요일,인천광역시 부평구 십정동,부상신고사고,0,0,0,1,차대사람 - 차도통행중,안전운전불이행,건조,맑음,미분류 - 미분류,승용,남,70세,상해없음,보행자,남,41세,부상신고
2021052200100486,2021년 5월 22일 18시,토요일,인천광역시 남동구 만수동,경상사고,0,0,1,0,차대사람 - 차도통행중,안전운전불이행,건조,맑음,단일로 - 기타,승용,남,52세,상해없음,보행자,남,61세,경상
2021052200100588,2021년 5월 22일 22시,토요일,인천광역시 남동구 간석동,경상사고,0,0,1,0,차대사람 - 길가장자리구역통행중,안전운전불이행,건조,맑음,교차로 - 교차로부근,승용,남,42세,상해없음,보행자,남,28세,경상
2021052200100589,2021년 5월 22일 22시,토요일,인천광역시 서구 불로동,경상사고,0,0,1,0,차대차 - 기타,기타,건조,맑음,교차로 - 교차로부근,기타불명,기타불명,미분류,기타불명,승용,남,51세,경상
2021052300100017,2021년 5월 23일 01시,일요일,인천광역시 남동구 만수동,부상신고사고,0,0,0,1,차대차 - 측면충돌,안전운전불이행,건조,맑음,단일로 - 교량,개인형이동수단(PM),남,26세,부상신고,승용,남,29세,기타불명
2021052300100031,2021년 5월 23일 05시,일요일,인천광역시 미추홀구 관교동,중상사고,0,3,0,0,차대차 - 추돌,안전운전불이행,건조,맑음,단일로 - 기타,승용,남,26세,상해없음,화물,남,78세,중상
2021052300100084,2021년 5월 23일 10시,일요일,인천광역시 계양구 계산동,경상사고,0,0,1,0,차대차 - 측면충돌,안전운전불이행,건조,맑음,단일로 - 기타,승용,여,54세,상해없음,승용,남,29세,경상
2021052300100109,2021년 5월 23일 11시,일요일,인천광역시 부평구 부평동,경상사고,0,0,1,0,차량단독 - 공작물충돌,안전운전불이행,건조,맑음,교차로 - 교차로안,자전거,여,84세,경상,,,,
2021052300100131,2021년 5월 23일 12시,일요일,인천광역시 계양구 효성동,중상사고,0,1,0,0,차대차 - 측면충돌,신호위반,건조,맑음,교차로 - 교차로안,승용,남,52세,상해없음,이륜,남,37세,중상
2021052300100132,2021년 5월 23일 12시,일요일,인천광역시 부평구 부평동,경상사고,0,0,1,0,차대차 - 기타,안전운전불이행,건조,맑음,단일로 - 기타,자전거,남,49세,상해없음,이륜,남,33세,경상
2021052300100173,2021년 5월 23일 13시,일요일,인천광역시 연수구 청학동,중상사고,0,2,0,0,차대차 - 후진중충돌,불법유턴,건조,맑음,교차로 - 교차로안,승용,남,64세,상해없음,승용,남,29세,중상
2021052300100205,2021년 5월 23일 14시,일요일,인천광역시 부평구 부평동,부상신고사고,0,0,0,1,차대사람 - 기타,기타,건조,맑음,단일로 - 기타,승합,남,65세,상해없음,보행자,남,22세,부상신고
2021052300100256,2021년 5월 23일 16시,일요일,인천광역시 남동구 논현동,경상사고,0,0,2,0,차대차 - 정면충돌,신호위반,건조,맑음,교차로 - 교차로부근,이륜,남,44세,경상,승용,남,29세,경상
2021052300100314,2021년 5월 23일 18시,일요일,인천광역시 부평구 십정동,경상사고,0,0,3,0,차대차 - 기타,안전운전불이행,건조,맑음,기타 - 기타,승용,남,22세,기타불명,승용,남,31세,경상
2021052300100315,2021년 5월 23일 18시,일요일,인천광역시 남동구 구월동,중상사고,0,1,0,0,차대차 - 측면충돌,신호위반,건조,맑음,교차로 - 교차로안,승용,남,59세,상해없음,이륜,남,30세,중상
2021052300100369,2021년 5월 23일 20시,일요일,인천광역시 남동구 만수동,중상사고,0,1,0,0,차대차 - 측면충돌,안전운전불이행,건조,맑음,기타 - 기타,승용,남,27세,상해없음,이륜,남,17세,중상
2021052300100370,2021년 5월 23일 20시,일요일,인천광역시 남동구 장수동,중상사고,0,1,0,0,차대차 - 측면충돌,차로위반,건조,맑음,교차로 - 교차로안,승용,남,27세,상해없음,이륜,남,24세,중상
2021052300100371,2021년 5월 23일 20시,일요일,인천광역시 남동구 논현동,경상사고,0,0,1,0,차대차 - 측면충돌,안전운전불이행,건조,맑음,단일로 - 기타,승용,남,36세,상해없음,이륜,남,24세,경상
2021052300100393,2021년 5월 23일 21시,일요일,인천광역시 서구 석남동,경상사고,0,0,1,0,차대차 - 기타,안전운전불이행,건조,맑음,교차로 - 교차로횡단보도내,이륜,기타불명,미분류,기타불명,승용,남,53세,경상
2021052300100415,2021년 5월 23일 22시,일요일,인천광역시 서구 가좌동,경상사고,0,0,3,0,차대차 - 추돌,안전운전불이행,건조,맑음,교차로 - 교차로부근,화물,남,32세,상해없음,승용,남,23세,경상
2021052300100416,2021년 5월 23일 22시,일요일,인천광역시 연수구 청학동,중상사고,0,1,0,0,차대차 - 측면충돌,신호위반,건조,맑음,교차로 - 교차로안,이륜,남,30세,상해없음,이륜,남,31세,중상
2021052400100035,2021년 5월 24일 06시,월요일,인천광역시 계양구 서운동,중상사고,0,1,0,0,차대차 - 추돌,안전거리미확보,건조,맑음,단일로 - 기타,화물,남,33세,상해없음,승용,여,57세,중상
2021052400100149,2021년 5월 24일 10시,월요일,인천광역시 남동구 구월동,경상사고,0,0,1,0,차대사람 - 기타,안전운전불이행,건조,맑음,단일로 - 기타,화물,남,26세,상해없음,보행자,남,48세,경상
2021052400100179,2021년 5월 24일 11시,월요일,인천광역시 서구 청라동,경상사고,0,0,1,0,차대차 - 측면충돌,안전운전불이행,건조,맑음,교차로 - 교차로안,승용,여,37세,상해없음,승용,남,31세,경상
2021052400100211,2021년 5월 24일 12시,월요일,인천광역시 서구 원창동,경상사고,0,0,1,0,차대차 - 측면충돌,안전운전불이행,건조,맑음,단일로 - 터널,화물,남,49세,상해없음,특수,남,49세,경상
2021052400100243,2021년 5월 24일 13시,월요일,인천광역시 남동구 간석동,경상사고,0,0,1,0,차대차 - 측면충돌,안전운전불이행,건조,맑음,단일로 - 기타,승용,남,57세,상해없음,승용,남,46세,경상
2021052400100282,2021년 5월 24일 14시,월요일,인천광역시 부평구 부평동,중상사고,0,1,0,0,차대차 - 측면충돌,안전운전불이행,건조,맑음,교차로 - 교차로부근,승용,남,70세,상해없음,이륜,남,40세,중상
2021052400100328,2021년 5월 24일 15시,월요일,인천광역시 미추홀구 숭의동,중상사고,0,1,0,0,차대사람 - 횡단중,보행자보호의무위반,건조,맑음,교차로 - 교차로횡단보도내,승용,여,41세,상해없음,보행자,남,40세,중상
2021052400100370,2021년 5월 24일 16시,월요일,인천광역시 남동구 고잔동,경상사고,0,0,1,0,차대차 - 측면충돌,안전거리미확보,건조,맑음,교차로 - 교차로안,승용,남,44세,상해없음,승용,남,52세,경상
2021052400100416,2021년 5월 24일 17시,월요일,인천광역시 서구 원당동,경상사고,0,0,3,0,차대차 - 측면충돌,안전운전불이행,건조,맑음,단일로 - 기타,승용,남,51세,상해없음,화물,여,67세,경상
2021052400100417,2021년 5월 24일 17시,월요일,인천광역시 연수구 송도동,경상사고,0,0,3,0,차대차 - 측면충돌,안전운전불이행,건조,맑음,교차로 - 교차로안,승용,여,61세,경상,승용,여,38세,경상
2021052400100484,2021년 5월 24일 19시,월요일,인천광역시 중구 운서동,경상사고,0,0,1,0,차대사람 - 횡단중,보행자보호의무위반,건조,흐림,교차로 - 교차로횡단보도내,승용,여,54세,상해없음,보행자,여,27세,경상
2021052400100485,2021년 5월 24일 19시,월요일,인천광역시 부평구 부개동,중상사고,0,1,0,0,차대사람 - 횡단중,안전운전불이행,건조,맑음,교차로 - 교차로부근,승용,남,69세,상해없음,보행자,여,91세,중상
2021052400100509,2021년 5월 24일 20시,월요일,인천광역시 미추홀구 도화동,경상사고,0,0,1,0,차대차 - 기타,안전운전불이행,건조,맑음,교차로 - 교차로안,승용,남,64세,상해없음,승용,여,52세,경상
2021052400100535,2021년 5월 24일 21시,월요일,인천광역시 남동구 구월동,경상사고,0,0,1,0,차대차 - 추돌,안전운전불이행,건조,맑음,단일로 - 기타,승용,남,40세,상해없음,승용,남,45세,경상
2021052400100558,2021년 5월 24일 22시,월요일,인천광역시 서구 연희동,중상사고,0,1,1,0,차대차 - 측면충돌,안전운전불이행,건조,맑음,단일로 - 기타,이륜,남,23세,중상,승용,여,44세,경상
2021052400100559,2021년 5월 24일 22시,월요일,인천광역시 서구 청라동,경상사고,0,0,1,0,차대차 - 기타,안전운전불이행,건조,맑음,교차로 - 교차로횡단보도내,승용,남,26세,상해없음,이륜,남,34세,경상
2021052400100569,2021년 5월 24일 23시,월요일,인천광역시 부평구 갈산동,중상사고,0,1,0,0,차대사람 - 기타,안전운전불이행,건조,맑음,단일로 - 기타,승용,남,71세,상해없음,보행자,여,31세,중상
2021052500100026,2021년 5월 25일 02시,화요일,인천광역시 서구 왕길동,경상사고,0,0,1,0,차대차 - 추돌,안전운전불이행,건조,맑음,단일로 - 기타,화물,남,32세,상해없음,화물,남,53세,경상
2021052500100030,2021년 5월 25일 03시,화요일,인천광역시 부평구 구산동,사망사고,1,0,0,0,차량단독 - 기타,안전운전불이행,건조,흐림,단일로 - 기타,화물,남,54세,사망,,,,
2021052500100070,2021년 5월 25일 07시,화요일,인천광역시 동구 송현동,경상사고,0,0,1,0,차대차 - 추돌,기타,젖음/습기,맑음,교차로 - 교차로안,승용,남,23세,상해없음,건설기계,남,62세,경상
2021052500100071,2021년 5월 25일 07시,화요일,인천광역시 미추홀구 주안동,경상사고,0,0,1,0,차대차 - 추돌,안전운전불이행,젖음/습기,비,교차로 - 교차로안,승용,남,64세,상해없음,승용,여,25세,경상
2021052500100144,2021년 5월 25일 09시,화요일,인천광역시 서구 연희동,경상사고,0,0,1,0,차대차 - 기타,안전운전불이행,건조,맑음,단일로 - 기타,승용,남,73세,상해없음,이륜,남,41세,경상
2021052500100145,2021년 5월 25일 09시,화요일,인천광역시 계양구 작전동,경상사고,0,0,1,0,차대차 - 후진중충돌,안전운전불이행,젖음/습기,맑음,교차로 - 교차로부근,승용,여,51세,상해없음,승용,남,28세,경상
2021052500100173,2021년 5월 25일 10시,화요일,인천광역시 중구 신흥동1가,경상사고,0,0,1,0,차대차 - 추돌,안전운전불이행,건조,맑음,교차로 - 교차로부근,화물,남,45세,상해없음,화물,남,63세,경상
2021052500100175,2021년 5월 25일 10시,화요일,인천광역시 남동구 구월동,중상사고,0,1,1,0,차대차 - 측면충돌,안전운전불이행,건조,맑음,교차로 - 교차로안,승용,남,61세,상해없음,건설기계,남,58세,경상
2021052500100176,2021년 5월 25일 10시,화요일,인천광역시 부평구 일신동,경상사고,0,0,1,0,차대차 - 기타,안전운전불이행,건조,맑음,단일로 - 기타,승용,남,38세,상해없음,화물,남,42세,경상
2021052500100178,2021년 5월 25일 10시,화요일,인천광역시 부평구 삼산동,중상사고,0,2,1,0,차대차 - 측면충돌,안전거리미확보,건조,맑음,단일로 - 기타,승용,여,47세,상해없음,승용,남,20세,경상
2021052500100212,2021년 5월 25일 11시,화요일,인천광역시 부평구 구산동,중상사고,0,1,0,0,차대차 - 추돌,안전운전불이행,건조,맑음,단일로 - 기타,승용,남,59세,기타불명,승용,남,46세,중상
2021052500100243,2021년 5월 25일 12시,화요일,인천광역시 계양구 작전동,중상사고,0,1,0,0,차대사람 - 보도통행중,안전운전불이행,건조,맑음,단일로 - 기타,승용,남,36세,상해없음,보행자,여,80세,중상
2021052500100277,2021년 5월 25일 13시,화요일,인천광역시 남동구 도림동,경상사고,0,0,1,0,차대차 - 정면충돌,중앙선침범,건조,맑음,기타 - 기타,승용,여,53세,상해없음,이륜,남,33세,경상
2021052500100344,2021년 5월 25일 15시,화요일,인천광역시 강화군 강화읍,경상사고,0,0,1,0,차대차 - 측면충돌,교차로운행방법위반,건조,맑음,교차로 - 교차로안,화물,남,53세,상해없음,승용,남,33세,경상
2021052500100398,2021년 5월 25일 16시,화요일,인천광역시 미추홀구 주안동,경상사고,0,0,1,0,차대차 - 측면충돌,안전운전불이행,건조,맑음,교차로 - 교차로안,승용,남,30세,상해없음,화물,남,40세,경상
2021052500100440,2021년 5월 25일 17시,화요일,인천광역시 미추홀구 주안동,부상신고사고,0,0,0,1,차대차 - 측면충돌,기타,건조,맑음,교차로 - 교차로부근,기타불명,기타불명,미분류,기타불명,승용,여,48세,부상신고
2021052500100441,2021년 5월 25일 17시,화요일,인천광역시 남동구 수산동,경상사고,0,0,1,0,차대차 - 측면충돌,안전거리미확보,건조,흐림,단일로 - 지하차도(도로)내,승용,남,69세,상해없음,승용,남,26세,경상
2021052500100518,2021년 5월 25일 19시,화요일,인천광역시 미추홀구 주안동,중상사고,0,1,0,0,차대차 - 기타,안전운전불이행,건조,맑음,기타 - 기타,승용,남,23세,상해없음,승용,남,29세,상해없음
2021052500100566,2021년 5월 25일 21시,화요일,인천광역시 계양구 작전동,경상사고,0,0,1,0,차대사람 - 기타,안전운전불이행,건조,맑음,주차장 - 주차장,기타불명,기타불명,미분류,기타불명,보행자,여,60세,경상
2021052600100066,2021년 5월 26일 07시,수요일,인천광역시 미추홀구 도화동,경상사고,0,0,1,0,차대차 - 측면충돌,안전운전불이행,건조,맑음,단일로 - 기타,승용,남,23세,상해없음,승용,남,42세,기타불명
2021052600100067,2021년 5월 26일 07시,수요일,인천광역시 남동구 만수동,중상사고,0,1,0,0,차대차 - 측면충돌,교차로운행방법위반,건조,맑음,교차로 - 교차로안,화물,남,74세,상해없음,승용,여,50세,중상
2021052600100137,2021년 5월 26일 09시,수요일,인천광역시 계양구 계산동,경상사고,0,0,1,0,차량단독 - 기타,안전운전불이행,건조,맑음,단일로 - 기타,승합,남,54세,상해없음,,,,
2021052600100161,2021년 5월 26일 10시,수요일,인천광역시 미추홀구 도화동,경상사고,0,0,1,0,차대차 - 측면충돌,안전운전불이행,건조,맑음,단일로 - 기타,승용,여,39세,상해없음,승용,남,48세,경상
2021052600100245,2021년 5월 26일 13시,수요일,인천광역시 서구 청라동,사망사고,1,0,1,0,차대차 - 추돌,안전운전불이행,건조,맑음,단일로 - 기타,화물,남,63세,사망,화물,남,57세,경상
2021052600100309,2021년 5월 26일 15시,수요일,인천광역시 연수구 선학동,경상사고,0,0,1,0,차대사람 - 횡단중,안전운전불이행,건조,맑음,단일로 - 기타,승용,여,50세,상해없음,보행자,여,15세,경상
2021052600100336,2021년 5월 26일 16시,수요일,인천광역시 부평구 부평동,중상사고,0,1,0,0,차대사람 - 횡단중,보행자보호의무위반,건조,맑음,단일로 - 기타,승용,남,56세,상해없음,보행자,여,15세,중상
2021052600100337,2021년 5월 26일 16시,수요일,인천광역시 계양구 임학동,경상사고,0,0,1,0,차대사람 - 기타,안전운전불이행,건조,맑음,기타 - 기타,승용,남,60세,기타불명,보행자,남,46세,경상