사고번호,사고일시,요일,시군구,사고내용,사망자수,중상자수,경상자수,부상신고자수,사고유형,법규위반,노면상태,기상상태,도로형태,가해운전자 차종,가해운전자 성별,가해운전자 연령,가해운전자 상해정도,피해운전자 차종,피해운전자 성별,피해운전자 연령,피해운전자 상해정도
2021060100100051,2021년 6월 1일 06시,화요일,인천광역시 남동구 장수동,중상사고,0,1,2,0,차대차 - 추돌,안전운전불이행,건조,맑음,단일로 - 지하차도(도로)내,화물,남,57세,상해없음,화물,남,40세,경상
2021060100100073,2021년 6월 1일 07시,화요일,인천광역시 서구 원창동,경상사고,0,0,1,0,차대차 - 기타,안전운전불이행,건조,맑음,단일로 - 기타,승용,남,49세,상해없음,건설기계,남,37세,경상
2021060100100074,2021년 6월 1일 07시,화요일,인천광역시 계양구 서운동,경상사고,0,0,2,0,차대차 - 측면충돌,차로위반,젖음/습기,비,교차로 - 교차로부근,승용,남,55세,상해없음,화물,남,54세,경상
2021060100100114,2021년 6월 1일 08시,화요일,인천광역시 미추홀구 도화동,경상사고,0,0,1,0,차대차 - 추돌,안전운전불이행,건조,맑음,단일로 - 기타,승용,남,47세,상해없음,승용,여,50세,경상
2021060100100115,2021년 6월 1일 08시,화요일,인천광역시 남동구 간석동,경상사고,0,0,1,0,차대차 - 측면충돌,신호위반,건조,맑음,단일로 - 기타,승용,여,55세,상해없음,승용,여,55세,경상
2021060100100116,2021년 6월 1일 08시,화요일,인천광역시 서구 가정동,경상사고,0,0,1,0,차대차 - 기타,안전운전불이행,건조,맑음,단일로 - 기타,승용,남,71세,상해없음,승용,여,50세,경상
2021060100100117,2021년 6월 1일 08시,화요일,인천광역시 서구 경서동,경상사고,0,0,3,0,차대차 - 측면충돌,신호위반,건조,맑음,단일로 - 기타,승용,남,44세,경상,승용,남,67세,경상
2021060100100148,2021년 6월 1일 09시,화요일,인천광역시 서구 경서동,경상사고,0,0,2,0,차대차 - 기타,안전거리미확보,젖음/습기,맑음,단일로 - 기타,승용,여,57세,상해없음,승용,여,45세,경상
2021060100100149,2021년 6월 1일 09시,화요일,인천광역시 부평구 부개동,경상사고,0,0,1,0,차대사람 - 길가장자리구역통행중,안전운전불이행,건조,흐림,단일로 - 기타,승용,여,62세,상해없음,보행자,여,26세,경상
2021060100100174,2021년 6월 1일 10시,화요일,인천광역시 서구 신현동,중상사고,0,1,0,0,차대차 - 추돌,차로위반,건조,흐림,교차로 - 교차로안,승용,남,18세,상해없음,이륜,남,62세,중상
2021060100100200,2021년 6월 1일 11시,화요일,인천광역시 계양구 작전동,부상신고사고,0,0,0,1,차대사람 - 기타,안전운전불이행,건조,맑음,단일로 - 기타,화물,남,40세,상해없음,보행자,남,72세,부상신고
2021060100100237,2021년 6월 1일 12시,화요일,인천광역시 남동구 구월동,경상사고,0,0,1,0,차량단독 - 기타,안전운전불이행,건조,맑음,단일로 - 기타,승합,남,60세,상해없음,,,,
2021060100100278,2021년 6월 1일 13시,화요일,인천광역시 남동구 남촌동,경상사고,0,0,1,0,차대차 - 측면충돌,안전운전불이행,건조,맑음,교차로 - 교차로부근,화물,남,69세,상해없음,자전거,남,9세,경상
2021060100100313,2021년 6월 1일 14시,화요일,인천광역시 중구 신흥동3가,경상사고,0,0,1,0,차대차 - 측면충돌,안전거리미확보,건조,맑음,기타 - 기타,승용,남,58세,상해없음,승용,남,49세,경상
2021060100100314,2021년 6월 1일 14시,화요일,인천광역시 미추홀구 주안동,경상사고,0,0,3,0,차대차 - 추돌,안전운전불이행,젖음/습기,비,단일로 - 기타,승용,남,25세,상해없음,승용,여,37세,경상
2021060100100315,2021년 6월 1일 14시,화요일,인천광역시 서구 가좌동,경상사고,0,0,3,0,차대차 - 측면충돌,안전거리미확보,건조,맑음,단일로 - 기타,승용,남,36세,경상,승용,남,34세,경상
2021060100100400,2021년 6월 1일 16시,화요일,인천광역시 중구 신흥동3가,경상사고,0,0,1,0,차대차 - 추돌,안전운전불이행,건조,맑음,교차로 - 교차로부근,승용,남,59세,상해없음,승용,남,47세,경상
2021060100100451,2021년 6월 1일 17시,화요일,인천광역시 미추홀구 주안동,경상사고,0,0,1,0,차대사람 - 횡단중,기타,건조,맑음,단일로 - 기타,승용,여,48세,상해없음,보행자,여,62세,경상
2021060100100452,2021년 6월 1일 17시,화요일,인천광역시 남동구 간석동,경상사고,0,0,3,0,차대차 - 측면충돌,안전거리미확보,건조,맑음,교차로 - 교차로안,승용,여,52세,상해없음,승용,남,23세,경상
2021060100100490,2021년 6월 1일 18시,화요일,인천광역시 미추홀구 주안동,중상사고,0,1,0,0,차대차 - 측면충돌,안전운전불이행,건조,맑음,단일로 - 기타,승용,남,45세,상해없음,자전거,남,59세,중상
2021060100100491,2021년 6월 1일 18시,화요일,인천광역시 남동구 구월동,경상사고,0,0,1,0,차대차 - 측면충돌,차로위반,건조,맑음,교차로 - 교차로부근,승용,여,61세,상해없음,승용,여,42세,경상
2021060100100492,2021년 6월 1일 18시,화요일,인천광역시 남동구 간석동,경상사고,0,0,1,0,차대차 - 추돌,안전운전불이행,건조,맑음,교차로 - 교차로부근,승용,남,62세,상해없음,승용,남,27세,경상
2021060100100493,2021년 6월 1일 18시,화요일,인천광역시 서구 당하동,중상사고,0,1,0,0,차대차 - 측면충돌,안전운전불이행,건조,맑음,기타 - 기타,승용,남,26세,상해없음,자전거,남,11세,중상
2021060100100611,2021년 6월 1일 22시,화요일,인천광역시 부평구 부평동,중상사고,0,2,2,0,차대차 - 기타,중앙선침범,건조,맑음,교차로 - 교차로부근,승용,남,34세,상해없음,승용,남,69세,중상
2021060200100059,2021년 6월 2일 07시,수요일,인천광역시 미추홀구 관교동,경상사고,0,0,1,0,차대사람 - 차도통행중,안전운전불이행,건조,맑음,단일로 - 기타,승용,남,26세,상해없음,보행자,여,54세,경상
2021060200100060,2021년 6월 2일 07시,수요일,인천광역시 미추홀구 숭의동,경상사고,0,0,1,0,차대차 - 추돌,안전운전불이행,건조,맑음,교차로 - 교차로부근,승용,남,65세,상해없음,승용,남,49세,경상
2021060200100061,2021년 6월 2일 07시,수요일,인천광역시 부평구 산곡동,경상사고,0,0,2,0,차대차 - 측면충돌,차로위반,건조,맑음,단일로 - 기타,승용,남,25세,상해없음,승용,여,54세,경상
2021060200100131,2021년 6월 2일 09시,수요일,인천광역시 계양구 효성동,경상사고,0,0,1,0,차대사람 - 횡단중,보행자보호의무위반,건조,맑음,단일로 - 기타,승용,여,60세,상해없음,보행자,여,25세,경상
2021060200100132,2021년 6월 2일 09시,수요일,인천광역시 강화군 양사면,사망사고,1,0,0,0,차량단독 - 도로외이탈 - 추락,안전운전불이행,건조,맑음,교차로 - 교차로부근,농기계,남,80세,사망,,,,
2021060200100133,2021년 6월 2일 09시,수요일,인천광역시 남동구 고잔동,경상사고,0,0,1,0,차량단독 - 공작물충돌,안전운전불이행,건조,맑음,단일로 - 기타,승용,여,34세,경상,,,,
2021060200100167,2021년 6월 2일 10시,수요일,인천광역시 중구 신흥동3가,경상사고,0,0,2,0,차대차 - 추돌,안전운전불이행,건조,맑음,단일로 - 기타,기타불명,남,77세,상해없음,화물,남,36세,경상
2021060200100206,2021년 6월 2일 11시,수요일,인천광역시 강화군 화도면,중상사고,0,1,0,0,차대차 - 측면충돌,중앙선침범,건조,맑음,단일로 - 지하차도(도로)내,승용,남,40세,상해없음,화물,여,54세,중상
2021060200100236,2021년 6월 2일 12시,수요일,인천광역시 부평구 청천동,중상사고,0,1,0,0,차대사람 - 길가장자리구역통행중,안전운전불이행,건조,맑음,단일로 - 기타,화물,남,72세,상해없음,보행자,여,39세,중상
2021060200100237,2021년 6월 2일 12시,수요일,인천광역시 남동구 간석동,경상사고,0,0,1,0,차대차 - 측면충돌,안전운전불이행,건조,맑음,교차로 - 교차로부근,이륜,남,42세,상해없음,승용,남,82세,경상
2021060200100265,2021년 6월 2일 13시,수요일,인천광역시 서구 가정동,경상사고,0,0,2,0,차대차 - 기타,안전운전불이행,건조,맑음,단일로 - 기타,건설기계,남,62세,상해없음,승용,여,62세,경상
2021060200100305,2021년 6월 2일 14시,수요일,인천광역시 부평구 부평동,경상사고,0,0,1,0,차대사람 - 횡단중,보행자보호의무위반,건조,맑음,교차로 - 교차로부근,화물,남,63세,상해없음,보행자,여,74세,경상
2021060200100306,2021년 6월 2일 14시,수요일,인천광역시 부평구 부평동,경상사고,0,0,1,0,차대차 - 측면충돌,안전운전불이행,건조,맑음,단일로 - 기타,승용,남,37세,상해없음,자전거,여,71세,경상
2021060200100307,2021년 6월 2일 14시,수요일,인천광역시 남동구 간석동,경상사고,0,0,3,0,차대차 - 측면충돌,안전운전불이행,건조,맑음,교차로 - 교차로안,승용,남,57세,상해없음,화물,남,41세,경상
2021060200100341,2021년 6월 2일 15시,수요일,인천광역시 미추홀구 주안동,부상신고사고,0,0,0,1,차대차 - 기타,안전운전불이행,건조,맑음,단일로 - 기타,개인형이동수단(PM),여,61세,부상신고,승용,남,61세,상해없음
2021060200100379,2021년 6월 2일 16시,수요일,인천광역시 미추홀구 주안동,중상사고,0,1,0,0,차대사람 - 기타,보행자보호의무위반,건조,맑음,교차로 - 교차로부근,화물,남,63세,상해없음,보행자,남,9세,중상
2021060200100380,2021년 6월 2일 16시,수요일,인천광역시 서구 백석동,경상사고,0,0,1,0,차대차 - 추돌,안전운전불이행,건조,맑음,단일로 - 기타,승용,여,39세,상해없음,승용,남,32세,경상
2021060200100428,2021년 6월 2일 17시,수요일,인천광역시 미추홀구 주안동,경상사고,0,0,1,0,차대차 - 기타,안전운전불이행,건조,맑음,교차로 - 교차로안,승용,남,22세,상해없음,승용,남,32세,경상
2021060200100429,2021년 6월 2일 17시,수요일,인천광역시 서구 청라동,경상사고,0,0,1,0,차대차 - 기타,신호위반,건조,맑음,교차로 - 교차로안,기타불명,기타불명,미분류,기타불명,승합,남,56세,상해없음
2021060200100430,2021년 6월 2일 17시,수요일,인천광역시 부평구 삼산동,경상사고,0,0,1,0,차대사람 - 기타,기타,건조,맑음,단일로 - 기타,기타불명,기타불명,미분류,기타불명,보행자,여,20세,경상
2021060200100486,2021년 6월 2일 18시,수요일,인천광역시 부평구 산곡동,부상신고사고,0,0,0,1,차대차 - 측면충돌,안전운전불이행,건조,맑음,교차로 - 교차로부근,승용,여,30세,상해없음,승용,남,43세,부상신고
2021060200100487,2021년 6월 2일 18시,수요일,인천광역시 남동구 만수동,경상사고,0,0,1,0,차대차 - 측면충돌,기타,건조,맑음,단일로 - 기타,승용,여,57세,상해없음,이륜,남,78세,경상
2021060200100488,2021년 6월 2일 18시,수요일,인천광역시 남동구 간석동,경상사고,0,0,1,0,차대차 - 측면충돌,안전거리미확보,건조,맑음,단일로 - 기타,승용,남,43세,상해없음,승용,남,66세,경상
2021060200100522,2021년 6월 2일 19시,수요일,인천광역시 부평구 산곡동,사망사고,1,0,0,0,차량단독 - 전도전복 - 전도,안전운전불이행,건조,맑음,교차로 - 교차로부근,이륜,남,60세,사망,,,,
2021060200100523,2021년 6월 2일 19시,수요일,인천광역시 부평구 부개동,경상사고,0,0,1,0,차대차 - 기타,중앙선침범,건조,맑음,기타 - 기타,이륜,남,58세,상해없음,이륜,남,44세,경상
2021060200100524,2021년 6월 2일 19시,수요일,인천광역시 남동구 도림동,경상사고,0,0,1,0,차대차 - 측면충돌,신호위반,건조,맑음,단일로 - 기타,이륜,남,25세,상해없음,승용,남,37세,경상
2021060200100555,2021년 6월 2일 20시,수요일,인천광역시 계양구 작전동,중상사고,0,1,1,0,차대차 - 측면충돌,안전거리미확보,건조,맑음,단일로 - 기타,승용,여,40세,상해없음,승용,여,34세,중상
2021060200100580,2021년 6월 2일 21시,수요일,인천광역시 부평구 부평동,경상사고,0,0,2,0,차대차 - 추돌,안전운전불이행,건조,맑음,단일로 - 기타,이륜,남,52세,상해없음,승용,남,27세,경상
2021060200100581,2021년 6월 2일 21시,수요일,인천광역시 남동구 간석동,경상사고,0,0,1,0,차대차 - 측면충돌,중앙선침범,건조,맑음,단일로 - 기타,승용,남,38세,상해없음,승용,남,58세,경상
2021060200100582,2021년 6월 2일 21시,수요일,인천광역시 서구 가좌동,경상사고,0,0,1,0,차대차 - 기타,중앙선침범,건조,맑음,단일로 - 기타,승용,남,38세,상해없음,승용,남,58세,경상
2021060200100583,2021년 6월 2일 21시,수요일,인천광역시 서구 청라동,경상사고,0,0,1,0,차대차 - 기타,안전운전불이행,건조,맑음,단일로 - 기타,승용,남,24세,상해없음,화물,남,58세,경상
2021060200100604,2021년 6월 2일 22시,수요일,인천광역시 미추홀구 주안동,부상신고사고,0,0,0,1,차대차 - 기타,신호위반,건조,맑음,교차로 - 교차로안,개인형이동수단(PM),남,14세,부상신고,승용,남,51세,상해없음
2021060200100605,2021년 6월 2일 22시,수요일,인천광역시 미추홀구 주안동,경상사고,0,0,4,0,차대차 - 기타,안전운전불이행,건조,맑음,단일로 - 기타,승용,여,38세,상해없음,승용,남,46세,경상
2021060200100606,2021년 6월 2일 22시,수요일,인천광역시 부평구 부개동,경상사고,0,0,1,0,차대차 - 추돌,차로위반,건조,맑음,교차로 - 교차로부근,승용,남,28세,기타불명,화물,남,40세,경상
2021060200100628,2021년 6월 2일 23시,수요일,인천광역시 남동구 남촌동,중상사고,0,1,0,0,차대사람 - 기타,안전운전불이행,건조,맑음,단일로 - 기타,승합,남,50세,상해없음,보행자,남,35세,중상
2021060300100006,2021년 6월 3일 00시,목요일,인천광역시 남동구 만수동,경상사고,0,0,1,0,차대차 - 측면충돌,신호위반,건조,맑음,단일로 - 기타,화물,남,41세,상해없음,자전거,남,53세,경상
2021060300100023,2021년 6월 3일 02시,목요일,인천광역시 미추홀구 주안동,경상사고,0,0,5,0,차대차 - 측면충돌,안전운전불이행,건조,맑음,교차로 - 교차로안,승용,남,23세,상해없음,승용,남,30세,경상
2021060300100048,2021년 6월 3일 06시,목요일,인천광역시 남동구 간석동,중상사고,0,1,0,0,차량단독 - 공작물충돌,안전운전불이행,건조,맑음,단일로 - 기타,승합,남,32세,상해없음,,,,
2021060300100135,2021년 6월 3일 09시,목요일,인천광역시 서구 청라동,경상사고,0,0,3,0,차대차 - 기타,안전운전불이행,건조,맑음,교차로 - 교차로부근,승용,여,61세,경상,승용,남,35세,경상
2021060300100187,2021년 6월 3일 11시,목요일,인천광역시 부평구 산곡동,경상사고,0,0,1,0,차대차 - 추돌,안전운전불이행,건조,맑음,교차로 - 교차로부근,승용,남,73세,상해없음,승용,남,65세,경상
2021060300100188,2021년 6월 3일 11시,목요일,인천광역시 부평구 청천동,경상사고,0,0,1,0,차대차 - 측면충돌,교차로운행방법위반,건조,맑음,교차로 - 교차로안,승용,여,33세,상해없음,승용,여,63세,경상
2021060300100224,2021년 6월 3일 12시,목요일,인천광역시 부평구 부개동,부상신고사고,0,0,0,1,차대사람 - 보도통행중,안전운전불이행,건조,맑음,기타 - 기타,자전거,기타불명,미분류,기타불명,보행자,여,8세,부상신고
2021060300100255,2021년 6월 3일 13시,목요일,인천광역시 부평구 일신동,경상사고,0,0,2,0,차대차 - 추돌,안전운전불이행,젖음/습기,흐림,단일로 - 기타,화물,남,60세,경상,승용,남,32세,경상
2021060300100286,2021년 6월 3일 14시,목요일,인천광역시 남동구 간석동,경상사고,0,0,1,0,차대사람 - 길가장자리구역통행중,안전운전불이행,젖음/습기,비,단일로 - 기타,승합,여,45세,상해없음,보행자,남,39세,경상
2021060300100313,2021년 6월 3일 15시,목요일,인천광역시 미추홀구 용현동,경상사고,0,0,1,0,차대사람 - 횡단중,보행자보호의무위반,젖음/습기,비,교차로 - 교차로안,승용,남,35세,기타불명,보행자,여,19세,경상
2021060300100314,2021년 6월 3일 15시,목요일,인천광역시 서구 석남동,중상사고,0,1,0,0,차대차 - 기타,안전거리미확보,건조,맑음,단일로 - 기타,이륜,남,63세,중상,승용,여,35세,상해없음
2021060300100336,2021년 6월 3일 16시,목요일,인천광역시 동구 송림동,중상사고,0,1,0,0,차대차 - 측면충돌,안전운전불이행,젖음/습기,비,교차로 - 교차로부근,승용,여,44세,상해없음,승용,여,59세,중상
2021060300100337,2021년 6월 3일 16시,목요일,인천광역시 미추홀구 주안동,부상신고사고,0,0,0,1,차대차 - 후진중충돌,안전운전불이행,젖음/습기,비,교차로 - 교차로부근,화물,남,63세,상해없음,승용,여,57세,부상신고
2021060300100338,2021년 6월 3일 16시,목요일,인천광역시 남동구 논현동,경상사고,0,0,2,0,차대차 - 측면충돌,신호위반,젖음/습기,비,교차로 - 교차로안,승합,남,63세,상해없음,승용,남,60세,경상
2021060300100377,2021년 6월 3일 17시,목요일,인천광역시 남동구 간석동,경상사고,0,0,2,0,차대차 - 기타,교차로운행방법위반,건조,맑음,교차로 - 교차로안,승용,남,50세,상해없음,승용,여,48세,경상
2021060300100378,2021년 6월 3일 17시,목요일,인천광역시 부평구 부개동,경상사고,0,0,2,0,차대차 - 측면충돌,안전거리미확보,젖음/습기,비,단일로 - 기타,승합,남,44세,상해없음,승용,남,75세,경상
2021060300100429,2021년 6월 3일 18시,목요일,인천광역시 남동구 만수동,중상사고,0,1,0,0,차대사람 - 기타,안전운전불이행,젖음/습기,비,교차로 - 교차로안,승용,남,37세,상해없음,보행자,여,30세,중상
2021060300100430,2021년 6월 3일 18시,목요일,인천광역시 연수구 동춘동,경상사고,0,0,3,0,차대차 - 측면충돌,교차로운행방법위반,건조,맑음,교차로 - 교차로안,승용,남,62세,상해없음,승용,남,31세,경상
2021060300100467,2021년 6월 3일 19시,목요일,인천광역시 미추홀구 용현동,경상사고,0,0,1,0,차대차 - 측면충돌,안전운전불이행,젖음/습기,흐림,단일로 - 기타,특수,남,65세,상해없음,승용,남,25세,경상
2021060300100468,2021년 6월 3일 19시,목요일,인천광역시 서구 청라동,중상사고,0,1,0,0,차대차 - 기타,신호위반,건조,맑음,교차로 - 교차로안,이륜,남,26세,상해없음,이륜,남,22세,중상
2021060300100519,2021년 6월 3일 20시,목요일,인천광역시 남동구 간석동,경상사고,0,0,1,0,차대사람 - 기타,안전운전불이행,젖음/습기,비,단일로 - 기타,승용,남,51세,상해없음,보행자,남,35세,경상
2021060300100520,2021년 6월 3일 20시,목요일,인천광역시 서구 마전동,중상사고,0,1,3,0,차대차 - 기타,중앙선침범,건조,맑음,단일로 - 기타,승용,여,47세,경상,승용,남,34세,경상
2021060300100521,2021년 6월 3일 20시,목요일,인천광역시 연수구 옥련동,경상사고,0,0,1,0,차대차 - 측면충돌,기타,건조,맑음,단일로 - 기타,승용,남,33세,상해없음,승용,남,31세,경상
2021060300100567,2021년 6월 3일 21시,목요일,인천광역시 옹진군 백령면,경상사고,0,0,1,0,차대차 - 후진중충돌,안전운전불이행,건조,맑음,단일로 - 교량,승용,남,71세,상해없음,승용,남,24세,경상
2021060300100568,2021년 6월 3일 21시,목요일,인천광역시 서구 왕길동,중상사고,0,1,1,0,차대차 - 추돌,안전운전불이행,젖음/습기,비,교차로 - 교차로부근,승합,남,59세,상해없음,승용,남,52세,중상
2021060300100569,2021년 6월 3일 21시,목요일,인천광역시 계양구 계산동,경상사고,0,0,2,0,차대차 - 측면충돌,안전운전불이행,젖음/습기,비,교차로 - 교차로부근,승용,남,62세,상해없음,승용,남,25세,경상
2021060300100617,2021년 6월 3일 22시,목요일,인천광역시 미추홀구 문학동,경상사고,0,0,1,0,차대사람 - 기타,기타,젖음/습기,비,단일로 - 기타,승용,여,46세,상해없음,보행자,여,64세,경상
2021060300100618,2021년 6월 3일 22시,목요일,인천광역시 미추홀구 주안동,중상사고,0,1,0,0,차대사람 - 기타,중앙선침범,젖음/습기,비,단일로 - 기타,승용,남,18세,상해없음,보행자,남,39세,중상
2021060300100619,2021년 6월 3일 22시,목요일,인천광역시 미추홀구 주안동,경상사고,0,0,3,0,차대차 - 측면충돌,중앙선침범,젖음/습기,비,기타 - 기타,승용,남,25세,상해없음,승용,남,60세,경상
2021060300100645,2021년 6월 3일 23시,목요일,인천광역시 서구 청라동,경상사고,0,0,1,0,차대차 - 기타,신호위반,젖음/습기,맑음,교차로 - 교차로부근,이륜,남,16세,상해없음,승용,남,27세,경상
2021060400100011,2021년 6월 4일 00시,금요일,인천광역시 부평구 청천동,경상사고,0,0,1,0,차대사람 - 차도통행중,안전운전불이행,건조,맑음,단일로 - 기타,승용,남,27세,상해없음,보행자,남,47세,경상
2021060400100110,2021년 6월 4일 08시,금요일,인천광역시 서구 가정동,경상사고,0,0,1,0,차대차 - 측면충돌,신호위반,건조,맑음,교차로 - 교차로안,이륜,여,60세,경상,화물,남,53세,상해없음
2021060400100111,2021년 6월 4일 08시,금요일,인천광역시 연수구 동춘동,경상사고,0,0,1,0,차대차 - 추돌,안전운전불이행,건조,맑음,교차로 - 교차로부근,화물,남,27세,상해없음,승용,여,38세,경상
2021060400100142,2021년 6월 4일 09시,금요일,인천광역시 부평구 청천동,중상사고,0,1,0,0,차대사람 - 기타,안전운전불이행,건조,맑음,단일로 - 기타,화물,남,68세,상해없음,보행자,여,56세,중상
2021060400100143,2021년 6월 4일 09시,금요일,인천광역시 남동구 논현동,경상사고,0,0,1,0,차대사람 - 횡단중,보행자보호의무위반,건조,맑음,교차로 - 교차로안,이륜,남,28세,상해없음,보행자,여,59세,경상
2021060400100209,2021년 6월 4일 11시,금요일,인천광역시 부평구 갈산동,중상사고,0,1,0,0,차대사람 - 횡단중,안전운전불이행,건조,맑음,교차로 - 교차로부근,승용,여,38세,상해없음,보행자,여,67세,중상
2021060400100275,2021년 6월 4일 13시,금요일,인천광역시 남동구 구월동,경상사고,0,0,1,0,차대차 - 추돌,안전운전불이행,건조,맑음,단일로 - 기타,승용,여,42세,상해없음,이륜,남,43세,경상
2021060400100276,2021년 6월 4일 13시,금요일,인천광역시 남동구 논현동,경상사고,0,0,2,0,차대차 - 측면충돌,신호위반,건조,맑음,교차로 - 교차로부근,화물,남,60세,상해없음,화물,남,33세,경상
2021060400100318,2021년 6월 4일 14시,금요일,인천광역시 서구 원창동,중상사고,0,1,0,0,차대차 - 측면충돌,안전운전불이행,건조,맑음,교차로 - 교차로부근,승용,남,59세,상해없음,자전거,남,46세,중상
2021060400100319,2021년 6월 4일 14시,금요일,인천광역시 서구 청라동,경상사고,0,0,1,0,차대차 - 측면충돌,안전운전불이행,건조,맑음,교차로 - 교차로안,승용,여,26세,상해없음,자전거,남,14세,경상
2021060400100320,2021년 6월 4일 14시,금요일,인천광역시 서구 가좌동,경상사고,0,0,1,0,차대차 - 후진중충돌,안전운전불이행,건조,맑음,단일로 - 기타,화물,남,60세,상해없음,승용,남,24세,경상
2021060400100321,2021년 6월 4일 14시,금요일,인천광역시 부평구 갈산동,경상사고,0,0,1,0,차대차 - 측면충돌,안전거리미확보,건조,맑음,단일로 - 기타,승용,남,63세,상해없음,승용,남,28세,경상
2021060400100484,2021년 6월 4일 17시,금요일,인천광역시 미추홀구 용현동,경상사고,0,0,2,0,차대차 - 측면충돌,안전운전불이행,건조,맑음,단일로 - 기타,승용,남,31세,상해없음,승용,남,58세,경상
2021060400100534,2021년 6월 4일 18시,금요일,인천광역시 동구 송림동,경상사고,0,0,1,0,차대사람 - 차도통행중,안전운전불이행,건조,맑음,기타 - 기타,승용,남,73세,상해없음,보행자,남,55세,경상
2021060400100535,2021년 6월 4일 18시,금요일,인천광역시 중구 운남동,경상사고,0,0,1,0,차대사람 - 길가장자리구역통행중,안전운전불이행,건조,맑음,단일로 - 기타,기타불명,기타불명,미분류,기타불명,보행자,여,35세,경상
2021060400100536,2021년 6월 4일 18시,금요일,인천광역시 미추홀구 문학동,중상사고,0,1,0,0,차대차 - 기타,안전운전불이행,건조,맑음,기타 - 기타,승용,여,49세,상해없음,자전거,남,10세,중상
2021060400100537,2021년 6월 4일 18시,금요일,인천광역시 서구 원당동,중상사고,0,1,0,0,차대차 - 기타,안전거리미확보,건조,맑음,단일로 - 기타,승용,남,60세,상해없음,원동기,남,56세,중상
2021060400100538,2021년 6월 4일 18시,금요일,인천광역시 부평구 부평동,부상신고사고,0,0,0,1,차대차 - 측면충돌,안전운전불이행,건조,맑음,기타 - 기타,기타불명,기타불명,미분류,기타불명,자전거,남,9세,부상신고
2021060400100581,2021년 6월 4일 19시,금요일,인천광역시 서구 청라동,중상사고,0,1,0,0,차대차 - 기타,안전운전불이행,건조,맑음,단일로 - 기타,이륜,남,49세,상해없음,자전거,남,15세,중상
2021060400100631,2021년 6월 4일 21시,금요일,인천광역시 남동구 간석동,경상사고,0,0,1,0,차대사람 - 기타,안전운전불이행,건조,맑음,단일로 - 기타,승용,남,76세,상해없음,보행자,남,34세,경상
2021060400100664,2021년 6월 4일 22시,금요일,인천광역시 남동구 만수동,경상사고,0,0,1,0,차대사람 - 길가장자리구역통행중,보행자보호의무위반,건조,흐림,단일로 - 기타,승용,남,56세,상해없음,보행자,남,67세,경상
2021060400100688,2021년 6월 4일 23시,금요일,인천광역시 남동구 간석동,경상사고,0,0,3,0,차대차 - 추돌,안전운전불이행,건조,맑음,교차로 - 교차로부근,승용,남,33세,상해없음,승용,남,38세,경상
2021060400100689,2021년 6월 4일 23시,금요일,인천광역시 부평구 부평동,경상사고,0,0,1,0,차대사람 - 기타,안전운전불이행,건조,맑음,교차로 - 교차로안,승용,남,38세,상해없음,보행자,남,26세,경상
2021060500100053,2021년 6월 5일 05시,토요일,인천광역시 부평구 삼산동,경상사고,0,0,1,0,차대차 - 측면충돌,안전거리미확보,건조,맑음,단일로 - 기타,승용,남,28세,상해없음,승용,남,27세,경상
2021060500100087,2021년 6월 5일 08시,토요일,인천광역시 서구 가정동,경상사고,0,0,1,0,차대차 - 기타,안전운전불이행,건조,맑음,교차로 - 교차로부근,승용,남,26세,상해없음,승용,남,40세,경상
2021060500100088,2021년 6월 5일 08시,토요일,인천광역시 서구 왕길동,경상사고,0,0,1,0,차대차 - 기타,안전운전불이행,건조,맑음,단일로 - 기타,승용,여,51세,상해없음,승합,남,56세,상해없음
2021060500100110,2021년 6월 5일 09시,토요일,인천광역시 미추홀구 문학동,경상사고,0,0,1,0,차대차 - 추돌,안전운전불이행,건조,맑음,교차로 - 교차로부근,자전거,남,22세,경상,승용,남,60세,상해없음
2021060500100111,2021년 6월 5일 09시,토요일,인천광역시 서구 마전동,경상사고,0,0,2,0,차대차 - 측면충돌,안전운전불이행,건조,맑음,교차로 - 교차로안,승용,남,52세,상해없음,화물,남,24세,경상
2021060500100153,2021년 6월 5일 10시,토요일,인천광역시 강화군 삼산면,경상사고,0,0,4,0,차대차 - 측면충돌,안전운전불이행,건조,맑음,교차로 - 교차로안,승용,여,59세,상해없음,승용,여,61세,경상
2021060500100198,2021년 6월 5일 11시,토요일,인천광역시 동구 화평동,중상사고,0,1,0,0,차대차 - 측면충돌,신호위반,건조,맑음,교차로 - 교차로안,승용,남,43세,상해없음,승합,남,52세,중상
2021060500100199,2021년 6월 5일 11시,토요일,인천광역시 서구 마전동,경상사고,0,0,1,0,차대차 - 기타,안전운전불이행,건조,맑음,단일로 - 기타,승용,남,53세,상해없음,이륜,남,22세,경상
2021060500100200,2021년 6월 5일 11시,토요일,인천광역시 남동구 논현동,부상신고사고,0,0,0,1,차대차 - 추돌,안전운전불이행,건조,맑음,단일로 - 기타,승용,남,59세,상해없음,승용,남,47세,부상신고
2021060500100244,2021년 6월 5일 12시,토요일,인천광역시 남동구 만수동,경상사고,0,0,3,0,차대차 - 측면충돌,안전운전불이행,건조,맑음,단일로 - 기타,승용,남,63세,상해없음,승용,남,50세,경상
2021060500100245,2021년 6월 5일 12시,토요일,인천광역시 계양구 계산동,부상신고사고,0,0,0,1,차대사람 - 기타,안전운전불이행,건조,맑음,단일로 - 기타,승용,남,28세,상해없음,보행자,남,29세,부상신고