사고번호,사고일시,요일,시군구,사고내용,사망자수,중상자수,경상자수,부상신고자수,사고유형,법규위반,노면상태,기상상태,도로형태,가해운전자 차종,가해운전자 성별,가해운전자 연령,가해운전자 상해정도,피해운전자 차종,피해운전자 성별,피해운전자 연령,피해운전자 상해정도
2021060500100305,2021년 6월 5일 13시,토요일,인천광역시 중구 중산동,경상사고,0,0,1,0,차대차 - 추돌,안전거리미확보,건조,맑음,교차로 - 교차로부근,이륜,남,26세,상해없음,승용,여,42세,경상
2021060500100306,2021년 6월 5일 13시,토요일,인천광역시 계양구 계산동,경상사고,0,0,1,0,차대사람 - 차도통행중,안전운전불이행,건조,맑음,단일로 - 기타,이륜,남,21세,상해없음,보행자,남,71세,경상
2021060500100350,2021년 6월 5일 14시,토요일,인천광역시 부평구 부평동,중상사고,0,1,0,0,차대사람 - 길가장자리구역통행중,안전운전불이행,건조,맑음,교차로 - 교차로안,승용,남,36세,상해없음,보행자,여,16세,중상
2021060500100390,2021년 6월 5일 15시,토요일,인천광역시 서구 석남동,중상사고,0,2,0,0,차대차 - 기타,안전운전불이행,건조,맑음,교차로 - 교차로안,화물,남,59세,상해없음,승용,여,56세,중상
2021060500100470,2021년 6월 5일 17시,토요일,인천광역시 남동구 만수동,경상사고,0,0,1,0,차대차 - 측면충돌,안전운전불이행,건조,맑음,기타 - 기타,승용,남,32세,상해없음,자전거,여,10세,경상
2021060500100500,2021년 6월 5일 18시,토요일,인천광역시 미추홀구 주안동,경상사고,0,0,2,0,차대차 - 측면충돌,안전거리미확보,건조,맑음,교차로 - 교차로부근,승용,남,64세,상해없음,승용,남,40세,경상
2021060500100501,2021년 6월 5일 18시,토요일,인천광역시 부평구 산곡동,경상사고,0,0,1,0,차대사람 - 보도통행중,안전운전불이행,건조,맑음,단일로 - 기타,승용,여,34세,상해없음,보행자,남,65세,경상
2021060500100502,2021년 6월 5일 18시,토요일,인천광역시 계양구 계산동,중상사고,0,2,0,0,차대사람 - 횡단중,안전운전불이행,건조,맑음,교차로 - 교차로횡단보도내,승용,남,66세,상해없음,보행자,남,52세,중상
2021060500100503,2021년 6월 5일 18시,토요일,인천광역시 강화군 길상면,중상사고,0,1,0,0,차대사람 - 횡단중,보행자보호의무위반,건조,맑음,교차로 - 교차로안,화물,남,73세,상해없음,보행자,여,55세,중상
2021060500100504,2021년 6월 5일 18시,토요일,인천광역시 남동구 논현동,경상사고,0,0,1,0,차대사람 - 차도통행중,안전운전불이행,건조,맑음,기타 - 기타,자전거,남,60세,상해없음,보행자,남,6세,경상
2021060500100527,2021년 6월 5일 19시,토요일,인천광역시 서구 심곡동,경상사고,0,0,1,0,차대차 - 기타,안전운전불이행,건조,맑음,단일로 - 기타,승용,여,53세,상해없음,승용,남,39세,경상
2021060500100553,2021년 6월 5일 20시,토요일,인천광역시 서구 석남동,중상사고,0,1,1,0,차대차 - 측면충돌,안전운전불이행,건조,맑음,교차로 - 교차로안,승용,여,46세,상해없음,승용,남,57세,경상
2021060500100554,2021년 6월 5일 20시,토요일,인천광역시 계양구 효성동,경상사고,0,0,1,0,차대차 - 추돌,안전운전불이행,건조,맑음,교차로 - 교차로부근,화물,남,58세,상해없음,이륜,남,34세,경상
2021060500100569,2021년 6월 5일 21시,토요일,인천광역시 미추홀구 도화동,경상사고,0,0,1,0,차대사람 - 횡단중,보행자보호의무위반,건조,맑음,교차로 - 교차로안,이륜,여,22세,상해없음,보행자,여,41세,경상
2021060500100619,2021년 6월 5일 23시,토요일,인천광역시 부평구 산곡동,경상사고,0,0,2,0,차대차 - 추돌,안전운전불이행,건조,맑음,교차로 - 교차로부근,승용,남,39세,상해없음,승용,남,61세,경상
2021060600100007,2021년 6월 6일 00시,일요일,인천광역시 중구 항동1가,중상사고,0,1,1,1,차대차 - 측면충돌,신호위반,건조,맑음,교차로 - 교차로안,이륜,남,22세,중상,승용,남,32세,경상
2021060600100008,2021년 6월 6일 00시,일요일,인천광역시 미추홀구 주안동,경상사고,0,0,1,0,차대차 - 측면충돌,안전거리미확보,건조,맑음,단일로 - 기타,승용,남,41세,상해없음,이륜,남,28세,경상
2021060600100097,2021년 6월 6일 10시,일요일,인천광역시 서구 오류동,중상사고,0,1,0,0,차대차 - 추돌,안전운전불이행,건조,맑음,단일로 - 기타,자전거,남,48세,상해없음,자전거,여,45세,중상
2021060600100116,2021년 6월 6일 11시,일요일,인천광역시 서구 청라동,경상사고,0,0,2,0,차대차 - 추돌,안전운전불이행,건조,맑음,단일로 - 기타,승용,남,69세,상해없음,승용,여,29세,경상
2021060600100173,2021년 6월 6일 13시,일요일,인천광역시 미추홀구 주안동,중상사고,0,1,1,0,차대차 - 측면충돌,안전운전불이행,건조,맑음,교차로 - 교차로안,승용,남,29세,상해없음,이륜,남,34세,경상
2021060600100207,2021년 6월 6일 14시,일요일,인천광역시 서구 불로동,경상사고,0,0,2,0,차대차 - 추돌,안전운전불이행,건조,맑음,교차로 - 교차로부근,승용,남,63세,상해없음,승용,여,43세,경상
2021060600100239,2021년 6월 6일 15시,일요일,인천광역시 중구 덕교동,경상사고,0,0,2,0,차대차 - 후진중충돌,안전운전불이행,건조,맑음,단일로 - 기타,승용,남,40세,상해없음,승용,남,34세,경상
2021060600100240,2021년 6월 6일 15시,일요일,인천광역시 중구 북성동1가,경상사고,0,0,1,0,차대차 - 측면충돌,안전운전불이행,건조,맑음,단일로 - 기타,승용,남,47세,상해없음,승용,여,29세,경상
2021060600100276,2021년 6월 6일 16시,일요일,인천광역시 미추홀구 숭의동,경상사고,0,0,1,0,차대차 - 측면충돌,안전운전불이행,건조,맑음,교차로 - 교차로안,승용,남,28세,상해없음,승용,남,37세,경상
2021060600100277,2021년 6월 6일 16시,일요일,인천광역시 서구 경서동,경상사고,0,0,1,0,차대차 - 기타,안전운전불이행,건조,맑음,단일로 - 기타,화물,남,64세,상해없음,승용,남,27세,경상
2021060600100278,2021년 6월 6일 16시,일요일,인천광역시 서구 가좌동,경상사고,0,0,2,0,차대차 - 기타,신호위반,건조,맑음,교차로 - 교차로안,이륜,남,17세,상해없음,화물,남,52세,경상
2021060600100316,2021년 6월 6일 17시,일요일,인천광역시 중구 운서동,경상사고,0,0,1,0,차대사람 - 횡단중,안전운전불이행,건조,맑음,단일로 - 기타,이륜,남,16세,상해없음,보행자,여,26세,경상
2021060600100317,2021년 6월 6일 17시,일요일,인천광역시 부평구 청천동,경상사고,0,0,1,0,차대차 - 측면충돌,안전운전불이행,건조,맑음,단일로 - 기타,이륜,남,16세,상해없음,승용,남,68세,경상
2021060600100396,2021년 6월 6일 20시,일요일,인천광역시 계양구 효성동,경상사고,0,0,1,0,차대차 - 기타,신호위반,건조,맑음,교차로 - 교차로안,승용,남,68세,상해없음,이륜,남,39세,경상
2021060600100417,2021년 6월 6일 21시,일요일,인천광역시 서구 검암동,경상사고,0,0,1,0,차대사람 - 횡단중,보행자보호의무위반,건조,맑음,교차로 - 교차로부근,화물,남,41세,상해없음,보행자,남,29세,경상
2021060600100433,2021년 6월 6일 22시,일요일,인천광역시 계양구 작전동,경상사고,0,0,1,0,차대차 - 추돌,안전운전불이행,건조,맑음,단일로 - 기타,기타불명,기타불명,미분류,기타불명,원동기,남,38세,경상
2021060600100434,2021년 6월 6일 22시,일요일,인천광역시 부평구 구산동,중상사고,0,1,2,0,차대차 - 측면충돌,안전운전불이행,건조,맑음,교차로 - 교차로부근,승용,남,64세,중상,승용,남,29세,경상
2021060700100043,2021년 6월 7일 07시,월요일,인천광역시 서구 석남동,경상사고,0,0,1,0,차대차 - 기타,안전운전불이행,건조,맑음,교차로 - 교차로부근,화물,남,63세,상해없음,승용,남,20세,경상
2021060700100044,2021년 6월 7일 07시,월요일,인천광역시 서구 가정동,경상사고,0,0,3,0,차대차 - 기타,안전운전불이행,건조,맑음,단일로 - 기타,화물,남,66세,상해없음,승용,남,74세,경상
2021060700100082,2021년 6월 7일 08시,월요일,인천광역시 미추홀구 주안동,경상사고,0,0,1,0,차대차 - 측면충돌,안전운전불이행,건조,맑음,단일로 - 기타,승용,남,69세,상해없음,승용,여,33세,경상
2021060700100083,2021년 6월 7일 08시,월요일,인천광역시 부평구 부평동,경상사고,0,0,1,0,차대차 - 측면충돌,안전운전불이행,건조,맑음,단일로 - 기타,자전거,남,16세,경상,승용,남,63세,상해없음
2021060700100115,2021년 6월 7일 09시,월요일,인천광역시 남동구 간석동,중상사고,0,1,0,0,차대사람 - 기타,안전운전불이행,건조,맑음,교차로 - 교차로부근,화물,남,71세,상해없음,보행자,남,79세,중상
2021060700100150,2021년 6월 7일 10시,월요일,인천광역시 서구 가정동,중상사고,0,2,0,0,차대차 - 측면충돌,안전운전불이행,건조,맑음,교차로 - 교차로안,승용,여,51세,상해없음,승용,여,40세,중상
2021060700100187,2021년 6월 7일 11시,월요일,인천광역시 미추홀구 용현동,중상사고,0,1,0,0,차대차 - 측면충돌,안전운전불이행,건조,맑음,단일로 - 기타,화물,남,56세,상해없음,이륜,남,63세,중상
2021060700100188,2021년 6월 7일 11시,월요일,인천광역시 남동구 간석동,중상사고,0,1,0,0,차대차 - 측면충돌,안전운전불이행,건조,맑음,교차로 - 교차로부근,화물,남,66세,상해없음,이륜,남,69세,중상
2021060700100258,2021년 6월 7일 13시,월요일,인천광역시 서구 심곡동,경상사고,0,0,1,0,차대차 - 측면충돌,안전운전불이행,건조,맑음,교차로 - 교차로안,승용,남,38세,상해없음,이륜,남,36세,경상
2021060700100288,2021년 6월 7일 14시,월요일,인천광역시 연수구 송도동,중상사고,0,1,0,0,차대차 - 기타,신호위반,건조,맑음,단일로 - 기타,승용,여,41세,상해없음,이륜,남,46세,중상
2021060700100331,2021년 6월 7일 15시,월요일,인천광역시 남동구 간석동,경상사고,0,0,1,0,차대차 - 측면충돌,교차로운행방법위반,건조,맑음,교차로 - 교차로안,승용,남,59세,상해없음,자전거,남,72세,경상
2021060700100332,2021년 6월 7일 15시,월요일,인천광역시 계양구 병방동,경상사고,0,0,1,0,차대사람 - 보도통행중,보행자보호의무위반,건조,맑음,교차로 - 교차로부근,화물,남,58세,상해없음,보행자,남,25세,경상
2021060700100381,2021년 6월 7일 16시,월요일,인천광역시 부평구 십정동,경상사고,0,0,1,0,차대차 - 추돌,안전거리미확보,건조,맑음,교차로 - 교차로부근,이륜,남,30세,상해없음,이륜,남,36세,경상
2021060700100382,2021년 6월 7일 16시,월요일,인천광역시 서구 마전동,경상사고,0,0,1,0,차대사람 - 횡단중,보행자보호의무위반,건조,맑음,교차로 - 교차로횡단보도내,승용,여,60세,상해없음,보행자,남,9세,경상
2021060700100431,2021년 6월 7일 17시,월요일,인천광역시 미추홀구 관교동,중상사고,0,1,0,0,차대사람 - 보도통행중,기타,건조,맑음,단일로 - 기타,개인형이동수단(PM),남,17세,상해없음,보행자,여,44세,중상
2021060700100481,2021년 6월 7일 18시,월요일,인천광역시 미추홀구 주안동,경상사고,0,0,1,0,차대차 - 기타,직진우회전진행방해,건조,맑음,단일로 - 기타,승용,남,39세,상해없음,이륜,남,25세,경상
2021060700100482,2021년 6월 7일 18시,월요일,인천광역시 서구 불로동,경상사고,0,0,1,0,차대차 - 후진중충돌,안전운전불이행,건조,맑음,단일로 - 기타,승용,여,54세,상해없음,승용,여,24세,경상
2021060700100483,2021년 6월 7일 18시,월요일,인천광역시 서구 청라동,경상사고,0,0,1,0,차대차 - 기타,안전운전불이행,건조,맑음,단일로 - 기타,승용,여,40세,상해없음,승용,여,38세,경상
2021060700100484,2021년 6월 7일 18시,월요일,인천광역시 부평구 부평동,경상사고,0,0,1,0,차대사람 - 기타,안전운전불이행,건조,맑음,단일로 - 기타,승용,여,49세,상해없음,보행자,여,25세,경상
2021060700100485,2021년 6월 7일 18시,월요일,인천광역시 남동구 서창동,중상사고,0,1,0,0,차대차 - 기타,안전운전불이행,건조,맑음,교차로 - 교차로안,승합,남,60세,상해없음,이륜,남,45세,중상
2021060700100542,2021년 6월 7일 20시,월요일,인천광역시 서구 가정동,경상사고,0,0,1,0,차대차 - 추돌,신호위반,건조,맑음,교차로 - 교차로안,승합,남,78세,상해없음,승용,남,66세,경상
2021060700100567,2021년 6월 7일 21시,월요일,인천광역시 강화군 불은면,사망사고,1,0,0,0,차대사람 - 기타,안전운전불이행,건조,맑음,단일로 - 지하차도(도로)내,승용,남,29세,상해없음,보행자,남,60세,사망
2021060700100594,2021년 6월 7일 22시,월요일,인천광역시 중구 운남동,경상사고,0,0,1,0,차대사람 - 횡단중,신호위반,건조,맑음,교차로 - 교차로횡단보도내,승용,남,49세,상해없음,보행자,남,22세,경상
2021060700100595,2021년 6월 7일 22시,월요일,인천광역시 서구 마전동,경상사고,0,0,3,0,차대차 - 측면충돌,안전운전불이행,건조,맑음,교차로 - 교차로안,승용,남,66세,상해없음,승용,남,24세,경상
2021060800100057,2021년 6월 8일 07시,화요일,인천광역시 부평구 부평동,경상사고,0,0,1,0,차대사람 - 횡단중,신호위반,건조,맑음,단일로 - 기타,승합,남,67세,상해없음,보행자,여,38세,경상
2021060800100125,2021년 6월 8일 09시,화요일,인천광역시 남동구 구월동,경상사고,0,0,1,0,차대차 - 측면충돌,안전운전불이행,건조,맑음,단일로 - 기타,승용,남,26세,경상,승용,남,54세,상해없음
2021060800100240,2021년 6월 8일 12시,화요일,인천광역시 남동구 논현동,중상사고,0,1,0,0,차대사람 - 횡단중,기타,건조,맑음,교차로 - 교차로부근,화물,남,55세,상해없음,보행자,여,71세,중상
2021060800100302,2021년 6월 8일 14시,화요일,인천광역시 남동구 간석동,경상사고,0,0,1,0,차대차 - 측면충돌,안전운전불이행,건조,맑음,교차로 - 교차로안,승용,여,41세,상해없음,승용,남,30세,경상
2021060800100303,2021년 6월 8일 14시,화요일,인천광역시 남동구 논현동,경상사고,0,0,1,0,차대차 - 측면충돌,안전운전불이행,건조,맑음,교차로 - 교차로안,승용,여,54세,상해없음,자전거,남,11세,경상
2021060800100342,2021년 6월 8일 15시,화요일,인천광역시 남동구 구월동,경상사고,0,0,1,0,차대차 - 후진중충돌,안전운전불이행,건조,맑음,기타 - 기타,화물,남,37세,상해없음,이륜,남,32세,경상
2021060800100380,2021년 6월 8일 16시,화요일,인천광역시 미추홀구 도화동,경상사고,0,0,1,0,차대차 - 추돌,안전운전불이행,건조,맑음,단일로 - 기타,승용,여,58세,상해없음,승용,남,53세,경상
2021060800100381,2021년 6월 8일 16시,화요일,인천광역시 부평구 산곡동,경상사고,0,0,2,0,차대차 - 측면충돌,안전운전불이행,건조,맑음,교차로 - 교차로부근,승용,여,65세,상해없음,승용,여,26세,경상
2021060800100464,2021년 6월 8일 18시,화요일,인천광역시 부평구 부평동,경상사고,0,0,1,0,차대차 - 추돌,안전운전불이행,건조,맑음,교차로 - 교차로안,승합,남,58세,상해없음,승용,여,30세,경상
2021060800100465,2021년 6월 8일 18시,화요일,인천광역시 남동구 남촌동,경상사고,0,0,1,0,차대차 - 측면충돌,교차로운행방법위반,건조,맑음,교차로 - 교차로안,승용,여,58세,상해없음,승용,여,28세,경상
2021060800100501,2021년 6월 8일 19시,화요일,인천광역시 남동구 구월동,경상사고,0,0,1,0,차대차 - 측면충돌,안전운전불이행,건조,맑음,교차로 - 교차로안,승용,여,41세,상해없음,승용,여,46세,경상
2021060800100502,2021년 6월 8일 19시,화요일,인천광역시 계양구 작전동,경상사고,0,0,1,0,차대차 - 측면충돌,안전운전불이행,건조,맑음,교차로 - 교차로부근,자전거,남,18세,경상,이륜,남,31세,상해없음
2021060800100551,2021년 6월 8일 21시,화요일,인천광역시 미추홀구 주안동,경상사고,0,0,1,0,차대차 - 측면충돌,안전운전불이행,건조,맑음,단일로 - 기타,승용,남,49세,상해없음,승용,남,74세,경상
2021060800100552,2021년 6월 8일 21시,화요일,인천광역시 서구 심곡동,경상사고,0,0,1,0,차대차 - 정면충돌,안전운전불이행,건조,맑음,교차로 - 교차로안,승용,남,25세,상해없음,승용,남,23세,경상
2021060800100553,2021년 6월 8일 21시,화요일,인천광역시 부평구 부개동,경상사고,0,0,1,0,차대차 - 측면충돌,안전거리미확보,건조,맑음,단일로 - 기타,화물,여,34세,상해없음,승용,남,60세,경상
2021060800100554,2021년 6월 8일 21시,화요일,인천광역시 남동구 고잔동,경상사고,0,0,2,0,차대차 - 추돌,안전운전불이행,건조,맑음,단일로 - 기타,화물,남,57세,상해없음,승용,남,46세,경상
2021060800100597,2021년 6월 8일 23시,화요일,인천광역시 연수구 송도동,중상사고,0,1,1,0,차대차 - 측면충돌,안전거리미확보,건조,맑음,교차로 - 교차로부근,승용,남,18세,상해없음,승용,남,57세,중상
2021060900100011,2021년 6월 9일 01시,수요일,인천광역시 미추홀구 주안동,경상사고,0,0,1,0,차대차 - 측면충돌,중앙선침범,건조,맑음,단일로 - 기타,승용,남,52세,상해없음,승용,남,34세,경상
2021060900100101,2021년 6월 9일 08시,수요일,인천광역시 서구 신현동,경상사고,0,0,1,0,차대차 - 기타,기타,건조,맑음,단일로 - 기타,기타불명,기타불명,미분류,기타불명,승용,여,59세,경상
2021060900100102,2021년 6월 9일 08시,수요일,인천광역시 연수구 옥련동,경상사고,0,0,1,0,차대차 - 측면충돌,안전거리미확보,건조,맑음,단일로 - 기타,승합,남,66세,상해없음,승용,남,46세,경상
2021060900100133,2021년 6월 9일 09시,수요일,인천광역시 미추홀구 학익동,부상신고사고,0,0,0,1,차대차 - 기타,안전운전불이행,건조,맑음,교차로 - 교차로안,화물,남,66세,상해없음,자전거,남,66세,부상신고
2021060900100153,2021년 6월 9일 10시,수요일,인천광역시 서구 시천동,경상사고,0,0,1,0,차대차 - 추돌,안전운전불이행,건조,맑음,기타 - 기타,자전거,남,64세,상해없음,자전거,남,29세,경상
2021060900100259,2021년 6월 9일 13시,수요일,인천광역시 부평구 청천동,중상사고,0,2,3,0,차대차 - 측면충돌,교차로운행방법위반,건조,맑음,교차로 - 교차로안,승용,남,67세,상해없음,승합,남,45세,경상
2021060900100334,2021년 6월 9일 15시,수요일,인천광역시 중구 신흥동3가,사망사고,1,0,0,0,차대차 - 측면충돌,안전거리미확보,건조,맑음,기타 - 기타,승용,남,77세,상해없음,이륜,남,78세,사망
2021060900100335,2021년 6월 9일 15시,수요일,인천광역시 부평구 부평동,경상사고,0,0,1,0,차대차 - 기타,안전운전불이행,건조,맑음,교차로 - 교차로안,승용,여,29세,상해없음,승용,남,25세,경상
2021060900100336,2021년 6월 9일 15시,수요일,인천광역시 남동구 논현동,경상사고,0,0,1,0,차대차 - 측면충돌,안전운전불이행,건조,맑음,교차로 - 교차로부근,화물,남,49세,상해없음,승용,남,49세,경상
2021060900100432,2021년 6월 9일 17시,수요일,인천광역시 미추홀구 주안동,경상사고,0,0,1,0,차대사람 - 차도통행중,안전운전불이행,건조,맑음,교차로 - 교차로안,화물,남,47세,상해없음,보행자,여,26세,경상
2021060900100433,2021년 6월 9일 17시,수요일,인천광역시 부평구 산곡동,경상사고,0,0,1,0,차량단독 - 기타,안전운전불이행,건조,맑음,단일로 - 기타,승합,남,69세,상해없음,,,,
2021060900100434,2021년 6월 9일 17시,수요일,인천광역시 서구 원창동,경상사고,0,0,1,0,차대차 - 추돌,안전운전불이행,건조,맑음,단일로 - 기타,승용,여,68세,상해없음,특수,남,29세,경상
2021060900100502,2021년 6월 9일 18시,수요일,인천광역시 부평구 부평동,경상사고,0,0,4,0,차대차 - 측면충돌,안전거리미확보,건조,맑음,단일로 - 기타,승용,여,44세,경상,승용,남,52세,경상
2021060900100503,2021년 6월 9일 18시,수요일,인천광역시 남동구 구월동,경상사고,0,0,2,0,차대차 - 측면충돌,안전거리미확보,건조,맑음,단일로 - 기타,승용,남,49세,기타불명,화물,남,40세,경상
2021060900100504,2021년 6월 9일 18시,수요일,인천광역시 부평구 삼산동,경상사고,0,0,2,0,차대차 - 기타,안전운전불이행,건조,맑음,교차로 - 교차로부근,승용,남,25세,상해없음,이륜,남,37세,경상
2021060900100534,2021년 6월 9일 19시,수요일,인천광역시 계양구 용종동,경상사고,0,0,1,0,차대차 - 기타,안전운전불이행,건조,맑음,단일로 - 기타,이륜,남,58세,상해없음,자전거,남,52세,경상
2021060900100565,2021년 6월 9일 20시,수요일,인천광역시 부평구 구산동,경상사고,0,0,1,0,차대차 - 추돌,안전운전불이행,건조,맑음,단일로 - 교량,승용,남,59세,상해없음,승용,남,46세,경상
2021060900100592,2021년 6월 9일 21시,수요일,인천광역시 남동구 구월동,중상사고,0,1,1,0,차대차 - 측면충돌,안전운전불이행,건조,맑음,단일로 - 기타,승용,여,49세,상해없음,승용,여,37세,경상
2021060900100593,2021년 6월 9일 21시,수요일,인천광역시 연수구 옥련동,중상사고,0,1,0,0,차대사람 - 횡단중,보행자보호의무위반,건조,맑음,교차로 - 교차로횡단보도내,승용,남,63세,상해없음,보행자,여,28세,중상
2021060900100634,2021년 6월 9일 23시,수요일,인천광역시 계양구 갈현동,중상사고,0,1,0,0,차대차 - 측면충돌,차로위반,건조,맑음,단일로 - 기타,승용,남,62세,상해없음,승용,남,27세,상해없음
2021061000100015,2021년 6월 10일 02시,목요일,인천광역시 미추홀구 주안동,부상신고사고,0,0,0,4,차대차 - 측면충돌,신호위반,건조,맑음,단일로 - 기타,승용,남,39세,상해없음,승용,남,21세,상해없음
2021061000100110,2021년 6월 10일 08시,목요일,인천광역시 강화군 강화읍,중상사고,0,1,0,0,차대차 - 측면충돌,교차로운행방법위반,건조,맑음,교차로 - 교차로부근,승용,여,46세,상해없음,자전거,남,71세,중상
2021061000100146,2021년 6월 10일 09시,목요일,인천광역시 서구 석남동,경상사고,0,0,1,0,차대차 - 추돌,안전운전불이행,건조,맑음,교차로 - 교차로안,이륜,남,41세,상해없음,승용,남,62세,경상
2021061000100182,2021년 6월 10일 10시,목요일,인천광역시 남동구 만수동,경상사고,0,0,2,0,차대차 - 측면충돌,안전거리미확보,건조,맑음,단일로 - 기타,승용,남,58세,상해없음,승용,남,32세,경상
2021061000100183,2021년 6월 10일 10시,목요일,인천광역시 서구 청라동,경상사고,0,0,2,0,차대사람 - 횡단중,안전운전불이행,건조,맑음,단일로 - 기타,자전거,남,69세,경상,보행자,여,63세,경상
2021061000100184,2021년 6월 10일 10시,목요일,인천광역시 연수구 선학동,경상사고,0,0,1,0,차대차 - 추돌,안전거리미확보,건조,맑음,교차로 - 교차로부근,승용,여,41세,상해없음,승용,남,43세,경상
2021061000100217,2021년 6월 10일 11시,목요일,인천광역시 남동구 만수동,경상사고,0,0,1,0,차대차 - 기타,기타,건조,맑음,단일로 - 기타,기타불명,기타불명,미분류,기타불명,이륜,남,79세,경상
2021061000100218,2021년 6월 10일 11시,목요일,인천광역시 남동구 간석동,중상사고,0,1,0,0,차대사람 - 보도통행중,안전운전불이행,건조,맑음,단일로 - 기타,화물,남,44세,상해없음,보행자,여,69세,중상
2021061000100255,2021년 6월 10일 12시,목요일,인천광역시 서구 연희동,경상사고,0,0,1,0,차대차 - 측면충돌,신호위반,건조,맑음,교차로 - 교차로안,승용,남,73세,상해없음,승용,여,69세,경상
2021061000100283,2021년 6월 10일 13시,목요일,인천광역시 연수구 동춘동,중상사고,0,1,0,0,차대차 - 측면충돌,안전거리미확보,건조,맑음,단일로 - 기타,승용,여,40세,상해없음,이륜,남,34세,중상
2021061000100327,2021년 6월 10일 14시,목요일,인천광역시 서구 경서동,경상사고,0,0,1,0,차대차 - 측면충돌,안전운전불이행,건조,맑음,단일로 - 기타,승용,여,56세,상해없음,승합,남,41세,경상
2021061000100357,2021년 6월 10일 15시,목요일,인천광역시 서구 청라동,경상사고,0,0,1,0,차대차 - 기타,안전운전불이행,건조,맑음,단일로 - 기타,특수,남,65세,상해없음,승용,여,56세,경상
2021061000100399,2021년 6월 10일 16시,목요일,인천광역시 중구 중산동,중상사고,0,1,0,0,차대차 - 측면충돌,신호위반,건조,맑음,교차로 - 교차로안,승용,남,27세,상해없음,이륜,남,46세,중상
2021061000100439,2021년 6월 10일 17시,목요일,인천광역시 중구 경동,경상사고,0,0,2,0,차대차 - 추돌,안전운전불이행,건조,맑음,교차로 - 교차로부근,화물,남,71세,상해없음,승합,남,51세,경상
2021061000100440,2021년 6월 10일 17시,목요일,인천광역시 서구 검암동,경상사고,0,0,1,0,차대차 - 추돌,안전운전불이행,건조,맑음,기타 - 기타,승용,여,61세,상해없음,이륜,남,37세,경상
2021061000100491,2021년 6월 10일 18시,목요일,인천광역시 계양구 박촌동,경상사고,0,0,1,0,차대차 - 측면충돌,안전운전불이행,건조,맑음,교차로 - 교차로부근,승용,남,58세,상해없음,화물,남,54세,경상
2021061000100522,2021년 6월 10일 19시,목요일,인천광역시 계양구 작전동,중상사고,0,1,0,0,차대차 - 기타,중앙선침범,젖음/습기,흐림,단일로 - 기타,자전거,남,56세,상해없음,이륜,남,24세,중상
2021061000100563,2021년 6월 10일 20시,목요일,인천광역시 계양구 장기동,중상사고,0,1,0,0,차대차 - 기타,교차로운행방법위반,건조,맑음,교차로 - 교차로부근,승용,남,63세,상해없음,자전거,남,38세,중상
2021061000100590,2021년 6월 10일 21시,목요일,인천광역시 미추홀구 주안동,중상사고,0,1,0,0,차대차 - 측면충돌,안전운전불이행,젖음/습기,비,교차로 - 교차로안,승용,남,28세,상해없음,승용,남,41세,중상
2021061000100591,2021년 6월 10일 21시,목요일,인천광역시 서구 청라동,경상사고,0,0,1,0,차대차 - 기타,안전운전불이행,젖음/습기,비,교차로 - 교차로부근,승용,여,29세,상해없음,승용,남,23세,경상
2021061000100592,2021년 6월 10일 21시,목요일,인천광역시 서구 석남동,경상사고,0,0,1,0,차대차 - 기타,안전운전불이행,젖음/습기,비,교차로 - 교차로부근,승용,남,23세,상해없음,이륜,남,46세,경상
2021061000100593,2021년 6월 10일 21시,목요일,인천광역시 서구 석남동,중상사고,0,1,0,0,차대차 - 추돌,신호위반,젖음/습기,비,교차로 - 교차로안,승용,남,50세,상해없음,이륜,남,16세,중상
2021061000100625,2021년 6월 10일 22시,목요일,인천광역시 미추홀구 도화동,경상사고,0,0,1,0,차대차 - 정면충돌,안전운전불이행,젖음/습기,비,교차로 - 교차로부근,승용,남,36세,상해없음,승용,남,47세,경상
2021061000100626,2021년 6월 10일 22시,목요일,인천광역시 남동구 간석동,경상사고,0,0,1,1,차대차 - 추돌,안전운전불이행,젖음/습기,비,단일로 - 기타,승용,남,52세,상해없음,승용,남,38세,경상
2021061000100627,2021년 6월 10일 22시,목요일,인천광역시 계양구 작전동,경상사고,0,0,1,0,차대차 - 측면충돌,안전거리미확보,젖음/습기,비,단일로 - 기타,승용,남,54세,상해없음,승용,남,51세,경상
2021061100100008,2021년 6월 11일 00시,금요일,인천광역시 연수구 송도동,경상사고,0,0,1,0,차대차 - 측면충돌,안전운전불이행,젖음/습기,비,교차로 - 교차로안,승용,남,31세,상해없음,승용,남,31세,경상
2021061100100071,2021년 6월 11일 07시,금요일,인천광역시 서구 원창동,경상사고,0,0,2,0,차대차 - 기타,안전운전불이행,건조,맑음,단일로 - 기타,승용,남,58세,상해없음,승용,남,41세,경상
2021061100100072,2021년 6월 11일 07시,금요일,인천광역시 연수구 송도동,경상사고,0,0,2,0,차대차 - 측면충돌,안전운전불이행,건조,맑음,단일로 - 기타,승용,여,43세,상해없음,승용,여,43세,경상
2021061100100144,2021년 6월 11일 09시,금요일,인천광역시 서구 가정동,경상사고,0,0,1,0,차대차 - 추돌,안전운전불이행,건조,맑음,단일로 - 기타,승용,남,54세,상해없음,승용,여,42세,경상