사고번호,사고일시,요일,시군구,사고내용,사망자수,중상자수,경상자수,부상신고자수,사고유형,법규위반,노면상태,기상상태,도로형태,가해운전자 차종,가해운전자 성별,가해운전자 연령,가해운전자 상해정도,피해운전자 차종,피해운전자 성별,피해운전자 연령,피해운전자 상해정도
2021061100100169,2021년 6월 11일 10시,금요일,인천광역시 계양구 병방동,사망사고,1,0,0,0,차대차 - 기타,신호위반,건조,맑음,단일로 - 터널,승용,남,66세,상해없음,원동기,남,50세,사망
2021061100100313,2021년 6월 11일 14시,금요일,인천광역시 부평구 구산동,중상사고,0,3,1,0,차대차 - 측면충돌,안전거리미확보,건조,맑음,단일로 - 기타,승용,남,35세,상해없음,승용,여,52세,중상
2021061100100353,2021년 6월 11일 15시,금요일,인천광역시 중구 중산동,경상사고,0,0,1,0,차대차 - 측면충돌,안전거리미확보,건조,맑음,교차로 - 교차로부근,승용,남,48세,상해없음,승용,여,24세,경상
2021061100100354,2021년 6월 11일 15시,금요일,인천광역시 옹진군 자월면,중상사고,0,1,3,0,차대차 - 측면충돌,안전운전불이행,건조,맑음,단일로 - 기타,승용,여,63세,경상,화물,남,66세,경상
2021061100100355,2021년 6월 11일 15시,금요일,인천광역시 남동구 논현동,경상사고,0,0,1,0,차대사람 - 기타,안전운전불이행,건조,맑음,기타 - 기타,자전거,기타불명,미분류,기타불명,보행자,여,60세,경상
2021061100100385,2021년 6월 11일 16시,금요일,인천광역시 미추홀구 숭의동,경상사고,0,0,1,0,차대차 - 측면충돌,안전거리미확보,건조,맑음,단일로 - 기타,화물,남,27세,상해없음,승용,남,26세,경상
2021061100100386,2021년 6월 11일 16시,금요일,인천광역시 남동구 고잔동,경상사고,0,0,1,0,차대차 - 측면충돌,안전거리미확보,건조,맑음,교차로 - 교차로부근,승용,여,70세,상해없음,건설기계,남,41세,경상
2021061100100429,2021년 6월 11일 17시,금요일,인천광역시 미추홀구 도화동,경상사고,0,0,2,0,차대차 - 측면충돌,안전운전불이행,건조,맑음,단일로 - 기타,화물,남,64세,상해없음,승용,남,61세,경상
2021061100100430,2021년 6월 11일 17시,금요일,인천광역시 부평구 부평동,경상사고,0,0,1,0,차대사람 - 기타,안전운전불이행,건조,맑음,교차로 - 교차로부근,승용,남,31세,상해없음,보행자,여,7세,경상
2021061100100431,2021년 6월 11일 17시,금요일,인천광역시 부평구 산곡동,경상사고,0,0,1,0,차대차 - 측면충돌,안전운전불이행,건조,맑음,교차로 - 교차로부근,승합,남,58세,상해없음,승용,여,57세,경상
2021061100100432,2021년 6월 11일 17시,금요일,인천광역시 부평구 부개동,경상사고,0,0,1,0,차대차 - 추돌,안전운전불이행,건조,맑음,단일로 - 기타,승용,여,61세,상해없음,승용,남,39세,경상
2021061100100482,2021년 6월 11일 18시,금요일,인천광역시 중구 유동,경상사고,0,0,1,0,차대차 - 측면충돌,안전운전불이행,건조,맑음,교차로 - 교차로부근,승용,여,50세,상해없음,승용,남,25세,경상
2021061100100522,2021년 6월 11일 19시,금요일,인천광역시 남동구 구월동,경상사고,0,0,2,0,차대차 - 측면충돌,차로위반,건조,맑음,단일로 - 기타,이륜,남,40세,경상,이륜,남,20세,경상
2021061100100523,2021년 6월 11일 19시,금요일,인천광역시 계양구 박촌동,경상사고,0,0,1,0,차대차 - 측면충돌,안전운전불이행,건조,맑음,교차로 - 교차로부근,화물,남,44세,상해없음,자전거,남,10세,경상
2021061100100524,2021년 6월 11일 19시,금요일,인천광역시 연수구 송도동,경상사고,0,0,1,0,차대차 - 추돌,안전운전불이행,건조,맑음,교차로 - 교차로부근,승용,남,45세,상해없음,승용,여,37세,경상
2021061100100525,2021년 6월 11일 19시,금요일,인천광역시 남동구 논현동,중상사고,0,1,0,0,차대사람 - 길가장자리구역통행중,안전운전불이행,건조,맑음,단일로 - 기타,승용,여,32세,상해없음,보행자,여,5세,중상
2021061100100557,2021년 6월 11일 20시,금요일,인천광역시 서구 경서동,경상사고,0,0,2,0,차대차 - 측면충돌,안전운전불이행,건조,맑음,교차로 - 교차로부근,승용,여,67세,경상,화물,남,46세,경상
2021061100100584,2021년 6월 11일 21시,금요일,인천광역시 계양구 계산동,중상사고,0,1,1,0,차대차 - 정면충돌,신호위반,건조,맑음,교차로 - 교차로안,이륜,여,37세,중상,이륜,남,30세,경상
2021061100100613,2021년 6월 11일 22시,금요일,인천광역시 미추홀구 숭의동,경상사고,0,0,1,0,차대차 - 기타,안전거리미확보,건조,맑음,단일로 - 기타,승용,남,27세,상해없음,승용,남,31세,경상
2021061100100614,2021년 6월 11일 22시,금요일,인천광역시 계양구 효성동,경상사고,0,0,1,0,차대사람 - 횡단중,보행자보호의무위반,건조,맑음,교차로 - 교차로부근,승용,여,57세,상해없음,보행자,남,6세,경상
2021061200100080,2021년 6월 12일 08시,토요일,인천광역시 서구 석남동,경상사고,0,0,1,0,차대차 - 추돌,안전운전불이행,건조,맑음,교차로 - 교차로부근,이륜,남,23세,상해없음,승용,여,43세,경상
2021061200100118,2021년 6월 12일 09시,토요일,인천광역시 중구 운서동,중상사고,0,1,0,0,차대사람 - 기타,안전운전불이행,건조,맑음,단일로 - 기타,승합,남,55세,상해없음,보행자,남,54세,중상
2021061200100159,2021년 6월 12일 10시,토요일,인천광역시 서구 공촌동,중상사고,0,2,0,0,차대차 - 측면충돌,안전운전불이행,건조,맑음,단일로 - 기타,건설기계,남,58세,상해없음,승용,여,60세,중상
2021061200100160,2021년 6월 12일 10시,토요일,인천광역시 연수구 송도동,경상사고,0,0,1,0,차대차 - 측면충돌,교차로운행방법위반,건조,맑음,교차로 - 교차로안,승용,남,70세,상해없음,승용,여,55세,경상
2021061200100198,2021년 6월 12일 11시,토요일,인천광역시 남동구 간석동,경상사고,0,0,1,0,차대차 - 추돌,안전운전불이행,건조,맑음,단일로 - 기타,승용,여,44세,상해없음,이륜,남,38세,경상
2021061200100244,2021년 6월 12일 12시,토요일,인천광역시 서구 가좌동,중상사고,0,1,0,0,차대사람 - 보도통행중,안전운전불이행,건조,맑음,주차장 - 주차장,화물,여,28세,상해없음,보행자,여,85세,중상
2021061200100287,2021년 6월 12일 13시,토요일,인천광역시 남동구 운연동,중상사고,0,2,3,0,차대차 - 측면충돌,안전운전불이행,건조,맑음,교차로 - 교차로안,승용,여,63세,중상,승용,남,56세,중상
2021061200100334,2021년 6월 12일 14시,토요일,인천광역시 서구 불로동,경상사고,0,0,1,0,차대차 - 측면충돌,안전운전불이행,건조,맑음,단일로 - 기타,승용,남,50세,상해없음,특수,남,41세,경상
2021061200100455,2021년 6월 12일 17시,토요일,인천광역시 미추홀구 숭의동,경상사고,0,0,1,0,차대차 - 측면충돌,교차로운행방법위반,건조,맑음,교차로 - 교차로안,화물,남,51세,기타불명,특수,남,42세,경상
2021061200100456,2021년 6월 12일 17시,토요일,인천광역시 서구 왕길동,경상사고,0,0,1,0,차대차 - 기타,안전운전불이행,건조,맑음,교차로 - 교차로안,이륜,남,51세,상해없음,승용,여,23세,경상
2021061200100548,2021년 6월 12일 20시,토요일,인천광역시 부평구 십정동,중상사고,0,1,0,0,차대차 - 측면충돌,안전거리미확보,건조,맑음,교차로 - 교차로안,승용,남,64세,상해없음,이륜,남,23세,중상
2021061200100549,2021년 6월 12일 20시,토요일,인천광역시 남동구 구월동,경상사고,0,0,1,0,차대사람 - 차도통행중,기타,건조,맑음,교차로 - 교차로안,승용,여,52세,상해없음,보행자,남,25세,경상
2021061200100550,2021년 6월 12일 20시,토요일,인천광역시 서구 왕길동,경상사고,0,0,4,0,차대차 - 측면충돌,신호위반,건조,맑음,교차로 - 교차로안,승용,남,64세,상해없음,승용,여,53세,경상
2021061200100551,2021년 6월 12일 20시,토요일,인천광역시 연수구 송도동,중상사고,0,1,0,0,차대사람 - 보도통행중,기타,건조,맑음,단일로 - 기타,이륜,남,28세,상해없음,보행자,남,8세,중상
2021061200100575,2021년 6월 12일 21시,토요일,인천광역시 미추홀구 용현동,경상사고,0,0,4,0,차대차 - 측면충돌,안전운전불이행,건조,맑음,단일로 - 기타,승용,남,22세,상해없음,승용,여,43세,경상
2021061200100623,2021년 6월 12일 23시,토요일,인천광역시 부평구 일신동,경상사고,0,0,4,0,차대차 - 추돌,안전운전불이행,건조,맑음,기타 - 기타,승용,남,48세,상해없음,승용,남,28세,경상
2021061300100012,2021년 6월 13일 00시,일요일,인천광역시 미추홀구 주안동,경상사고,0,0,2,0,차대차 - 추돌,안전운전불이행,건조,맑음,단일로 - 기타,승용,남,26세,상해없음,승용,남,34세,경상
2021061300100031,2021년 6월 13일 04시,일요일,인천광역시 서구 청라동,중상사고,0,1,1,0,차대차 - 기타,신호위반,건조,맑음,교차로 - 교차로안,화물,남,54세,상해없음,승용,남,60세,경상
2021061300100056,2021년 6월 13일 08시,일요일,인천광역시 중구 신흥동3가,경상사고,0,0,2,0,차대차 - 추돌,기타,건조,맑음,단일로 - 기타,승용,남,24세,상해없음,승용,남,65세,경상
2021061300100075,2021년 6월 13일 09시,일요일,인천광역시 부평구 삼산동,중상사고,0,1,0,0,차대차 - 측면충돌,신호위반,건조,맑음,교차로 - 교차로안,개인형이동수단(PM),남,18세,상해없음,자전거,남,33세,중상
2021061300100120,2021년 6월 13일 11시,일요일,인천광역시 미추홀구 주안동,경상사고,0,0,1,0,차대차 - 후진중충돌,안전운전불이행,건조,맑음,단일로 - 기타,승용,남,30세,상해없음,승용,남,29세,경상
2021061300100149,2021년 6월 13일 12시,일요일,인천광역시 미추홀구 용현동,경상사고,0,0,3,0,차대차 - 측면충돌,기타,건조,맑음,단일로 - 기타,이륜,남,31세,경상,승용,여,19세,경상
2021061300100185,2021년 6월 13일 13시,일요일,인천광역시 남동구 수산동,경상사고,0,0,1,0,차대차 - 측면충돌,안전운전불이행,건조,맑음,교차로 - 교차로부근,승용,여,42세,상해없음,자전거,여,50세,경상
2021061300100265,2021년 6월 13일 15시,일요일,인천광역시 중구 중산동,경상사고,0,0,4,0,차대차 - 측면충돌,안전거리미확보,건조,맑음,교차로 - 교차로부근,승용,남,45세,상해없음,승용,남,34세,경상
2021061300100266,2021년 6월 13일 15시,일요일,인천광역시 중구 항동7가,경상사고,0,0,1,0,차대사람 - 횡단중,안전운전불이행,건조,맑음,주차장 - 주차장,기타불명,기타불명,미분류,기타불명,보행자,남,9세,경상
2021061300100267,2021년 6월 13일 15시,일요일,인천광역시 미추홀구 주안동,경상사고,0,0,1,0,차대사람 - 기타,안전운전불이행,건조,맑음,단일로 - 기타,승합,남,46세,상해없음,보행자,여,79세,경상
2021061300100268,2021년 6월 13일 15시,일요일,인천광역시 서구 가좌동,경상사고,0,0,1,0,차대차 - 정면충돌,중앙선침범,건조,맑음,교차로 - 교차로부근,승용,여,47세,상해없음,이륜,남,58세,경상
2021061300100269,2021년 6월 13일 15시,일요일,인천광역시 계양구 작전동,경상사고,0,0,1,0,차대차 - 추돌,안전거리미확보,건조,맑음,단일로 - 기타,승용,남,51세,상해없음,승용,여,40세,경상
2021061300100305,2021년 6월 13일 16시,일요일,인천광역시 남동구 간석동,경상사고,0,0,1,0,차대차 - 측면충돌,안전운전불이행,건조,맑음,교차로 - 교차로부근,승용,남,32세,상해없음,이륜,남,30세,경상
2021061300100306,2021년 6월 13일 16시,일요일,인천광역시 계양구 병방동,경상사고,0,0,2,0,차대차 - 추돌,신호위반,건조,맑음,교차로 - 교차로안,승용,남,24세,기타불명,승용,남,29세,경상
2021061300100331,2021년 6월 13일 17시,일요일,인천광역시 서구 청라동,경상사고,0,0,2,0,차대차 - 측면충돌,안전운전불이행,건조,맑음,단일로 - 기타,개인형이동수단(PM),여,13세,경상,이륜,남,56세,경상
2021061300100332,2021년 6월 13일 17시,일요일,인천광역시 강화군 강화읍,경상사고,0,0,2,0,차대차 - 추돌,안전운전불이행,건조,맑음,단일로 - 지하차도(도로)내,승용,남,30세,상해없음,승용,남,48세,경상
2021061300100333,2021년 6월 13일 17시,일요일,인천광역시 연수구 송도동,경상사고,0,0,2,0,차대차 - 측면충돌,안전운전불이행,건조,맑음,단일로 - 기타,승용,여,25세,상해없음,승용,남,22세,경상
2021061300100334,2021년 6월 13일 17시,일요일,인천광역시 남동구 논현동,경상사고,0,0,2,0,차대차 - 추돌,안전운전불이행,건조,맑음,교차로 - 교차로부근,승용,남,54세,상해없음,승용,여,34세,경상
2021061300100392,2021년 6월 13일 19시,일요일,인천광역시 부평구 청천동,중상사고,0,1,0,0,차대사람 - 횡단중,보행자보호의무위반,건조,맑음,교차로 - 교차로횡단보도내,승용,남,26세,상해없음,보행자,여,58세,중상
2021061300100446,2021년 6월 13일 21시,일요일,인천광역시 연수구 송도동,경상사고,0,0,1,0,차대차 - 측면충돌,안전운전불이행,건조,맑음,교차로 - 교차로부근,승용,남,49세,상해없음,승용,여,44세,경상
2021061400100064,2021년 6월 14일 07시,월요일,인천광역시 계양구 상야동,경상사고,0,0,1,0,차량단독 - 기타,안전운전불이행,건조,맑음,단일로 - 기타,승용,남,38세,경상,,,,
2021061400100108,2021년 6월 14일 08시,월요일,인천광역시 서구 연희동,경상사고,0,0,1,0,차대차 - 추돌,안전운전불이행,건조,맑음,교차로 - 교차로부근,화물,남,60세,상해없음,승용,남,55세,경상
2021061400100109,2021년 6월 14일 08시,월요일,인천광역시 남동구 논현동,중상사고,0,1,0,0,차대차 - 정면충돌,신호위반,건조,맑음,교차로 - 교차로안,화물,남,78세,상해없음,이륜,남,48세,중상
2021061400100110,2021년 6월 14일 08시,월요일,인천광역시 부평구 일신동,경상사고,0,0,1,0,차대차 - 측면충돌,안전거리미확보,건조,맑음,단일로 - 기타,화물,남,59세,상해없음,승용,여,50세,경상
2021061400100142,2021년 6월 14일 09시,월요일,인천광역시 서구 청라동,경상사고,0,0,2,1,차대차 - 기타,신호위반,건조,맑음,교차로 - 교차로안,승용,남,66세,상해없음,건설기계,남,62세,경상
2021061400100143,2021년 6월 14일 09시,월요일,인천광역시 부평구 갈산동,중상사고,0,1,0,0,차대차 - 측면충돌,안전운전불이행,건조,맑음,단일로 - 기타,승용,여,56세,상해없음,자전거,남,63세,중상
2021061400100144,2021년 6월 14일 09시,월요일,인천광역시 부평구 일신동,경상사고,0,0,2,0,차대차 - 기타,안전운전불이행,건조,맑음,단일로 - 기타,승용,남,61세,상해없음,승용,남,24세,경상
2021061400100210,2021년 6월 14일 11시,월요일,인천광역시 부평구 청천동,경상사고,0,0,1,0,차대차 - 기타,교차로운행방법위반,건조,맑음,교차로 - 교차로안,이륜,남,61세,상해없음,승용,여,46세,경상
2021061400100211,2021년 6월 14일 11시,월요일,인천광역시 연수구 연수동,중상사고,0,1,2,0,차대차 - 후진중충돌,교차로운행방법위반,건조,맑음,교차로 - 교차로안,승용,여,36세,상해없음,승용,여,35세,경상
2021061400100212,2021년 6월 14일 11시,월요일,인천광역시 부평구 삼산동,경상사고,0,0,1,0,차대사람 - 횡단중,보행자보호의무위반,건조,맑음,교차로 - 교차로부근,승용,여,35세,상해없음,보행자,남,40세,경상
2021061400100285,2021년 6월 14일 13시,월요일,인천광역시 중구 운서동,중상사고,0,1,0,0,차대사람 - 횡단중,보행자보호의무위반,건조,맑음,교차로 - 교차로횡단보도내,화물,남,49세,상해없음,보행자,여,46세,중상
2021061400100286,2021년 6월 14일 13시,월요일,인천광역시 계양구 계산동,경상사고,0,0,1,0,차대차 - 측면충돌,안전운전불이행,건조,맑음,단일로 - 기타,이륜,남,19세,경상,승용,남,57세,상해없음
2021061400100319,2021년 6월 14일 14시,월요일,인천광역시 서구 마전동,경상사고,0,0,1,0,차대차 - 추돌,안전운전불이행,건조,맑음,단일로 - 기타,승용,남,61세,상해없음,화물,남,55세,경상
2021061400100320,2021년 6월 14일 14시,월요일,인천광역시 서구 대곡동,중상사고,0,1,0,0,차대차 - 기타,안전운전불이행,건조,맑음,단일로 - 기타,승용,남,36세,상해없음,자전거,남,42세,중상
2021061400100321,2021년 6월 14일 14시,월요일,인천광역시 계양구 효성동,경상사고,0,0,1,0,차대차 - 측면충돌,교차로운행방법위반,건조,맑음,교차로 - 교차로안,승용,여,36세,상해없음,화물,남,44세,경상
2021061400100322,2021년 6월 14일 14시,월요일,인천광역시 연수구 송도동,중상사고,0,1,0,0,차대차 - 측면충돌,신호위반,건조,맑음,교차로 - 교차로부근,건설기계,남,41세,상해없음,승용,남,27세,중상
2021061400100323,2021년 6월 14일 14시,월요일,인천광역시 부평구 부평동,중상사고,0,1,1,0,차대차 - 기타,안전운전불이행,건조,맑음,단일로 - 기타,승용,남,20세,상해없음,승용,남,68세,경상
2021061400100362,2021년 6월 14일 15시,월요일,인천광역시 부평구 갈산동,경상사고,0,0,1,0,차대차 - 측면충돌,중앙선침범,건조,맑음,교차로 - 교차로부근,자전거,남,15세,상해없음,이륜,남,43세,경상
2021061400100394,2021년 6월 14일 16시,월요일,인천광역시 남동구 구월동,경상사고,0,0,1,0,차대차 - 추돌,안전거리미확보,건조,맑음,단일로 - 기타,승용,남,60세,상해없음,화물,남,60세,경상
2021061400100395,2021년 6월 14일 16시,월요일,인천광역시 서구 왕길동,경상사고,0,0,2,0,차대차 - 추돌,안전운전불이행,건조,맑음,교차로 - 교차로부근,승용,여,49세,상해없음,승용,남,32세,경상
2021061400100396,2021년 6월 14일 16시,월요일,인천광역시 부평구 삼산동,경상사고,0,0,1,0,차대차 - 측면충돌,신호위반,건조,맑음,교차로 - 교차로횡단보도내,승용,남,79세,상해없음,자전거,남,8세,경상
2021061400100441,2021년 6월 14일 17시,월요일,인천광역시 미추홀구 도화동,경상사고,0,0,1,0,차대사람 - 보도통행중,기타,건조,맑음,기타 - 기타,이륜,남,32세,상해없음,보행자,여,15세,경상
2021061400100442,2021년 6월 14일 17시,월요일,인천광역시 서구 마전동,경상사고,0,0,1,0,차대사람 - 횡단중,보행자보호의무위반,건조,맑음,교차로 - 교차로안,승용,남,47세,상해없음,보행자,여,58세,경상
2021061400100443,2021년 6월 14일 17시,월요일,인천광역시 계양구 작전동,경상사고,0,0,1,0,차대차 - 측면충돌,중앙선침범,건조,맑음,단일로 - 기타,승용,남,64세,상해없음,이륜,남,25세,경상
2021061400100444,2021년 6월 14일 17시,월요일,인천광역시 계양구 동양동,경상사고,0,0,1,0,차대차 - 추돌,안전운전불이행,건조,맑음,교차로 - 교차로안,승용,여,32세,상해없음,자전거,남,11세,경상
2021061400100491,2021년 6월 14일 18시,월요일,인천광역시 서구 청라동,경상사고,0,0,1,0,차대사람 - 기타,안전운전불이행,건조,맑음,단일로 - 기타,자전거,남,8세,상해없음,보행자,여,8세,경상
2021061400100492,2021년 6월 14일 18시,월요일,인천광역시 서구 신현동,경상사고,0,0,1,0,차대차 - 기타,안전운전불이행,건조,맑음,단일로 - 기타,승용,남,59세,상해없음,승용,남,45세,경상
2021061400100493,2021년 6월 14일 18시,월요일,인천광역시 연수구 연수동,경상사고,0,0,1,0,차대차 - 측면충돌,신호위반,건조,맑음,교차로 - 교차로안,승용,여,59세,상해없음,자전거,여,51세,경상
2021061400100494,2021년 6월 14일 18시,월요일,인천광역시 부평구 삼산동,경상사고,0,0,1,0,차대차 - 측면충돌,안전운전불이행,건조,맑음,단일로 - 기타,승용,남,58세,상해없음,이륜,남,34세,경상
2021061400100520,2021년 6월 14일 19시,월요일,인천광역시 미추홀구 주안동,부상신고사고,0,0,0,1,차대차 - 기타,교차로운행방법위반,건조,맑음,교차로 - 교차로안,이륜,남,37세,부상신고,승용,남,54세,상해없음
2021061400100521,2021년 6월 14일 19시,월요일,인천광역시 서구 석남동,경상사고,0,0,1,0,차대차 - 기타,안전운전불이행,건조,맑음,단일로 - 기타,승용,여,33세,상해없음,승용,여,59세,경상
2021061400100562,2021년 6월 14일 21시,월요일,인천광역시 서구 가좌동,중상사고,0,1,0,0,차대차 - 추돌,기타,건조,흐림,교차로 - 교차로안,화물,남,58세,상해없음,승용,남,24세,중상
2021061400100581,2021년 6월 14일 22시,월요일,인천광역시 남동구 논현동,경상사고,0,0,1,0,차대차 - 추돌,안전운전불이행,건조,맑음,단일로 - 기타,승용,남,44세,상해없음,이륜,남,25세,경상
2021061500100016,2021년 6월 15일 02시,화요일,인천광역시 부평구 청천동,경상사고,0,0,1,0,차대차 - 측면충돌,신호위반,건조,맑음,교차로 - 교차로안,이륜,남,36세,기타불명,승용,여,55세,경상
2021061500100153,2021년 6월 15일 10시,화요일,인천광역시 남동구 수산동,경상사고,0,0,1,0,차대차 - 측면충돌,안전운전불이행,젖음/습기,비,단일로 - 기타,승용,남,67세,상해없음,승용,남,67세,경상
2021061500100182,2021년 6월 15일 11시,화요일,인천광역시 남동구 고잔동,부상신고사고,0,0,0,1,차대차 - 정면충돌,신호위반,건조,맑음,교차로 - 교차로안,이륜,남,45세,부상신고,승용,남,47세,상해없음
2021061500100224,2021년 6월 15일 12시,화요일,인천광역시 미추홀구 관교동,경상사고,0,0,1,0,차대차 - 추돌,안전운전불이행,건조,맑음,교차로 - 교차로안,승용,남,83세,상해없음,승용,남,34세,경상
2021061500100225,2021년 6월 15일 12시,화요일,인천광역시 남동구 서창동,경상사고,0,0,1,0,차대차 - 측면충돌,신호위반,젖음/습기,비,교차로 - 교차로안,이륜,남,43세,상해없음,이륜,남,29세,경상
2021061500100299,2021년 6월 15일 14시,화요일,인천광역시 부평구 십정동,경상사고,0,0,1,0,차대차 - 측면충돌,안전거리미확보,건조,맑음,교차로 - 교차로부근,승용,남,55세,상해없음,화물,남,65세,경상
2021061500100365,2021년 6월 15일 16시,화요일,인천광역시 동구 송현동,경상사고,0,0,1,0,차대차 - 측면충돌,안전거리미확보,건조,맑음,단일로 - 기타,화물,남,51세,기타불명,이륜,남,64세,경상
2021061500100366,2021년 6월 15일 16시,화요일,인천광역시 서구 가정동,경상사고,0,0,1,0,차대사람 - 횡단중,보행자보호의무위반,건조,맑음,교차로 - 교차로안,승합,남,50세,상해없음,보행자,여,41세,경상
2021061500100367,2021년 6월 15일 16시,화요일,인천광역시 계양구 방축동,경상사고,0,0,1,0,차대차 - 측면충돌,안전운전불이행,건조,맑음,단일로 - 기타,화물,남,70세,상해없음,이륜,여,51세,경상
2021061500100368,2021년 6월 15일 16시,화요일,인천광역시 계양구 계산동,경상사고,0,0,1,0,차대차 - 후진중충돌,안전운전불이행,건조,맑음,주차장 - 주차장,승용,남,39세,상해없음,승용,남,59세,경상
2021061500100369,2021년 6월 15일 16시,화요일,인천광역시 부평구 구산동,중상사고,0,1,0,0,차대차 - 정면충돌,안전거리미확보,건조,맑음,교차로 - 교차로안,승합,남,45세,상해없음,승용,남,48세,중상
2021061500100409,2021년 6월 15일 17시,화요일,인천광역시 미추홀구 용현동,경상사고,0,0,1,0,차대사람 - 기타,안전운전불이행,건조,맑음,단일로 - 기타,승용,여,58세,상해없음,보행자,여,45세,경상
2021061500100410,2021년 6월 15일 17시,화요일,인천광역시 미추홀구 주안동,중상사고,0,1,0,0,차대차 - 측면충돌,신호위반,건조,맑음,교차로 - 교차로부근,승용,남,21세,상해없음,이륜,남,26세,중상
2021061500100411,2021년 6월 15일 17시,화요일,인천광역시 부평구 산곡동,중상사고,0,1,0,0,차대차 - 측면충돌,안전운전불이행,건조,맑음,교차로 - 교차로안,승용,남,59세,상해없음,이륜,남,54세,중상
2021061500100456,2021년 6월 15일 18시,화요일,인천광역시 서구 경서동,경상사고,0,0,2,0,차대차 - 추돌,안전운전불이행,건조,맑음,교차로 - 교차로안,이륜,남,37세,상해없음,승용,여,29세,경상
2021061500100523,2021년 6월 15일 20시,화요일,인천광역시 미추홀구 도화동,중상사고,0,1,0,0,차대사람 - 횡단중,신호위반,건조,맑음,교차로 - 교차로횡단보도내,이륜,남,24세,상해없음,보행자,여,50세,중상
2021061500100524,2021년 6월 15일 20시,화요일,인천광역시 서구 경서동,경상사고,0,0,1,0,차대차 - 측면충돌,신호위반,건조,맑음,교차로 - 교차로부근,승용,남,38세,상해없음,승용,여,52세,경상
2021061500100549,2021년 6월 15일 21시,화요일,인천광역시 미추홀구 관교동,중상사고,0,1,0,0,차대차 - 측면충돌,안전운전불이행,건조,맑음,교차로 - 교차로부근,승용,여,42세,상해없음,이륜,남,44세,중상
2021061500100576,2021년 6월 15일 22시,화요일,인천광역시 부평구 부평동,경상사고,0,0,1,0,차대사람 - 차도통행중,안전운전불이행,건조,맑음,교차로 - 교차로부근,이륜,남,29세,상해없음,보행자,남,35세,경상
2021061500100596,2021년 6월 15일 23시,화요일,인천광역시 서구 백석동,경상사고,0,0,1,0,차량단독 - 기타,안전운전불이행,건조,맑음,단일로 - 기타,승용,남,64세,상해없음,,,,
2021061600100012,2021년 6월 16일 00시,수요일,인천광역시 남동구 구월동,경상사고,0,0,2,0,차대차 - 측면충돌,신호위반,건조,맑음,교차로 - 교차로안,승용,남,40세,경상,승용,남,25세,경상
2021061600100065,2021년 6월 16일 07시,수요일,인천광역시 서구 청라동,중상사고,0,1,0,0,차대차 - 측면충돌,신호위반,건조,맑음,교차로 - 교차로횡단보도내,자전거,여,44세,중상,승용,여,44세,상해없음
2021061600100115,2021년 6월 16일 08시,수요일,인천광역시 남동구 구월동,경상사고,0,0,1,0,차대차 - 측면충돌,안전운전불이행,건조,맑음,단일로 - 기타,화물,남,21세,상해없음,승용,여,28세,경상
2021061600100204,2021년 6월 16일 11시,수요일,인천광역시 중구 운서동,사망사고,1,0,0,0,차대차 - 측면충돌,안전운전불이행,건조,맑음,교차로 - 교차로횡단보도내,화물,남,44세,상해없음,자전거,남,54세,사망
2021061600100242,2021년 6월 16일 12시,수요일,인천광역시 미추홀구 용현동,경상사고,0,0,1,0,차대차 - 측면충돌,안전운전불이행,건조,맑음,단일로 - 기타,특수,남,47세,상해없음,승용,여,59세,경상
2021061600100314,2021년 6월 16일 14시,수요일,인천광역시 서구 왕길동,경상사고,0,0,1,0,차대차 - 측면충돌,안전거리미확보,건조,맑음,교차로 - 교차로안,화물,남,58세,상해없음,승용,남,32세,경상
2021061600100346,2021년 6월 16일 15시,수요일,인천광역시 부평구 청천동,경상사고,0,0,1,0,차대차 - 측면충돌,안전운전불이행,건조,맑음,교차로 - 교차로안,화물,남,44세,상해없음,승용,남,32세,경상
2021061600100347,2021년 6월 16일 15시,수요일,인천광역시 계양구 계산동,경상사고,0,0,2,0,차대차 - 측면충돌,안전거리미확보,건조,맑음,단일로 - 기타,승용,여,50세,기타불명,승용,남,25세,경상
2021061600100390,2021년 6월 16일 16시,수요일,인천광역시 서구 청라동,경상사고,0,0,1,0,차대차 - 기타,기타,건조,맑음,교차로 - 교차로횡단보도내,기타불명,기타불명,미분류,기타불명,자전거,남,13세,경상
2021061600100431,2021년 6월 16일 17시,수요일,인천광역시 미추홀구 숭의동,경상사고,0,0,1,0,차대차 - 추돌,안전운전불이행,건조,맑음,교차로 - 교차로안,승용,남,21세,상해없음,승용,남,57세,경상
2021061600100433,2021년 6월 16일 17시,수요일,인천광역시 계양구 작전동,경상사고,0,0,2,0,차대차 - 측면충돌,안전거리미확보,건조,맑음,단일로 - 기타,승용,여,57세,상해없음,승용,남,28세,경상
2021061600100487,2021년 6월 16일 18시,수요일,인천광역시 연수구 동춘동,중상사고,0,1,0,0,차대차 - 기타,안전운전불이행,건조,맑음,단일로 - 기타,승용,여,34세,상해없음,승용,남,40세,중상
2021061600100488,2021년 6월 16일 18시,수요일,인천광역시 연수구 송도동,경상사고,0,0,1,0,차대차 - 측면충돌,안전운전불이행,건조,맑음,단일로 - 기타,승용,여,43세,상해없음,승용,여,41세,경상