사고번호,사고일시,요일,시군구,사고내용,사망자수,중상자수,경상자수,부상신고자수,사고유형,법규위반,노면상태,기상상태,도로형태,가해운전자 차종,가해운전자 성별,가해운전자 연령,가해운전자 상해정도,피해운전자 차종,피해운전자 성별,피해운전자 연령,피해운전자 상해정도
2021062200100316,2021년 6월 22일 14시,화요일,인천광역시 서구 마전동,경상사고,0,0,4,0,차대차 - 추돌,안전운전불이행,건조,맑음,교차로 - 교차로부근,화물,남,60세,상해없음,화물,남,32세,경상
2021062200100317,2021년 6월 22일 14시,화요일,인천광역시 부평구 삼산동,경상사고,0,0,1,0,차대차 - 측면충돌,안전거리미확보,건조,맑음,단일로 - 기타,화물,남,72세,상해없음,승용,남,22세,경상
2021062200100355,2021년 6월 22일 15시,화요일,인천광역시 미추홀구 용현동,중상사고,0,1,0,0,차대차 - 기타,안전거리미확보,건조,맑음,단일로 - 지하차도(도로)내,승용,남,47세,상해없음,승용,여,67세,중상
2021062200100389,2021년 6월 22일 16시,화요일,인천광역시 남동구 만수동,중상사고,0,1,0,0,차대사람 - 기타,안전운전불이행,건조,맑음,단일로 - 기타,이륜,남,26세,상해없음,보행자,여,73세,중상
2021062200100428,2021년 6월 22일 17시,화요일,인천광역시 부평구 십정동,경상사고,0,0,1,0,차대차 - 측면충돌,안전운전불이행,건조,맑음,교차로 - 교차로부근,화물,남,62세,상해없음,승용,여,28세,경상
2021062200100429,2021년 6월 22일 17시,화요일,인천광역시 남동구 구월동,경상사고,0,0,2,0,차대차 - 추돌,안전운전불이행,젖음/습기,비,기타 - 기타,승용,남,26세,상해없음,승용,남,26세,경상
2021062200100461,2021년 6월 22일 18시,화요일,인천광역시 중구 항동7가,경상사고,0,0,1,0,차대차 - 후진중충돌,안전운전불이행,건조,맑음,단일로 - 기타,승용,남,45세,상해없음,화물,남,52세,경상
2021062200100462,2021년 6월 22일 18시,화요일,인천광역시 부평구 삼산동,경상사고,0,0,1,0,차대차 - 측면충돌,안전거리미확보,건조,맑음,단일로 - 기타,화물,남,68세,상해없음,승용,남,23세,경상
2021062200100488,2021년 6월 22일 19시,화요일,인천광역시 서구 왕길동,경상사고,0,0,1,0,차대차 - 측면충돌,안전운전불이행,건조,맑음,교차로 - 교차로안,화물,남,60세,상해없음,승용,남,47세,경상
2021062200100519,2021년 6월 22일 20시,화요일,인천광역시 미추홀구 문학동,경상사고,0,0,1,0,차대차 - 후진중충돌,불법유턴,건조,맑음,단일로 - 기타,승용,남,27세,상해없음,이륜,남,29세,경상
2021062200100553,2021년 6월 22일 21시,화요일,인천광역시 부평구 부평동,경상사고,0,0,1,0,차대차 - 측면충돌,신호위반,건조,맑음,교차로 - 교차로부근,승용,남,60세,상해없음,이륜,남,37세,경상
2021062300100018,2021년 6월 23일 01시,수요일,인천광역시 서구 마전동,중상사고,0,1,0,0,차대차 - 측면충돌,안전운전불이행,건조,맑음,단일로 - 지하차도(도로)내,건설기계,남,38세,상해없음,이륜,남,49세,중상
2021062300100032,2021년 6월 23일 04시,수요일,인천광역시 부평구 삼산동,경상사고,0,0,1,0,차대차 - 측면충돌,안전운전불이행,건조,맑음,교차로 - 교차로횡단보도내,승합,남,66세,상해없음,자전거,남,74세,경상
2021062300100059,2021년 6월 23일 07시,수요일,인천광역시 서구 금곡동,경상사고,0,0,2,0,차대차 - 기타,신호위반,건조,맑음,교차로 - 교차로안,승용,남,70세,경상,승용,남,72세,상해없음
2021062300100088,2021년 6월 23일 08시,수요일,인천광역시 중구 운서동,경상사고,0,0,6,0,차대차 - 추돌,안전운전불이행,건조,맑음,단일로 - 기타,승용,남,81세,경상,승용,남,46세,경상
2021062300100089,2021년 6월 23일 08시,수요일,인천광역시 연수구 동춘동,경상사고,0,0,1,0,차대차 - 측면충돌,안전운전불이행,건조,맑음,교차로 - 교차로부근,화물,남,74세,상해없음,승용,남,40세,경상
2021062300100114,2021년 6월 23일 09시,수요일,인천광역시 계양구 귤현동,경상사고,0,0,1,0,차대차 - 측면충돌,안전거리미확보,건조,맑음,단일로 - 기타,화물,남,70세,상해없음,승용,여,57세,경상
2021062300100144,2021년 6월 23일 10시,수요일,인천광역시 계양구 평동,경상사고,0,0,1,0,차대차 - 정면충돌,안전운전불이행,건조,맑음,단일로 - 기타,자전거,남,35세,상해없음,자전거,남,73세,경상
2021062300100180,2021년 6월 23일 11시,수요일,인천광역시 서구 가좌동,중상사고,0,1,0,0,차대사람 - 기타,안전운전불이행,건조,맑음,교차로 - 교차로안,승용,남,46세,상해없음,보행자,여,64세,중상
2021062300100203,2021년 6월 23일 12시,수요일,인천광역시 중구 운서동,경상사고,0,0,3,0,차대차 - 측면충돌,신호위반,건조,맑음,교차로 - 교차로안,승용,남,72세,경상,승용,남,56세,경상
2021062300100204,2021년 6월 23일 12시,수요일,인천광역시 미추홀구 숭의동,중상사고,0,1,0,0,차대사람 - 횡단중,안전운전불이행,건조,맑음,단일로 - 기타,승용,남,30세,상해없음,보행자,여,71세,중상
2021062300100205,2021년 6월 23일 12시,수요일,인천광역시 남동구 남촌동,경상사고,0,0,1,0,차대차 - 측면충돌,신호위반,건조,맑음,교차로 - 교차로안,승용,남,37세,상해없음,승용,여,64세,경상
2021062300100293,2021년 6월 23일 15시,수요일,인천광역시 남동구 구월동,중상사고,0,1,0,0,차대차 - 측면충돌,안전운전불이행,건조,맑음,교차로 - 교차로부근,승용,여,51세,상해없음,이륜,남,38세,중상
2021062300100294,2021년 6월 23일 15시,수요일,인천광역시 강화군 길상면,경상사고,0,0,1,0,차대사람 - 차도통행중,안전운전불이행,건조,맑음,단일로 - 지하차도(도로)내,승용,남,60세,상해없음,보행자,여,40세,경상
2021062300100377,2021년 6월 23일 17시,수요일,인천광역시 중구 신흥동3가,경상사고,0,0,1,0,차대차 - 측면충돌,중앙선침범,건조,맑음,교차로 - 교차로부근,특수,남,59세,상해없음,화물,남,41세,경상
2021062300100378,2021년 6월 23일 17시,수요일,인천광역시 남동구 간석동,경상사고,0,0,3,0,차대차 - 추돌,안전거리미확보,건조,맑음,단일로 - 기타,이륜,남,46세,상해없음,승용,남,57세,경상
2021062300100379,2021년 6월 23일 17시,수요일,인천광역시 서구 석남동,중상사고,0,2,0,0,차대차 - 기타,안전운전불이행,건조,맑음,교차로 - 교차로안,화물,남,23세,상해없음,이륜,남,17세,중상
2021062300100416,2021년 6월 23일 18시,수요일,인천광역시 계양구 계산동,중상사고,0,1,0,0,차량단독 - 기타,안전운전불이행,건조,맑음,단일로 - 기타,승합,남,56세,상해없음,,,,
2021062300100446,2021년 6월 23일 19시,수요일,인천광역시 강화군 강화읍,중상사고,0,1,0,0,차대사람 - 횡단중,안전운전불이행,건조,맑음,단일로 - 지하차도(도로)내,승용,여,49세,상해없음,보행자,여,66세,중상
2021062300100471,2021년 6월 23일 20시,수요일,인천광역시 계양구 작전동,경상사고,0,0,1,0,차대차 - 추돌,안전운전불이행,건조,맑음,단일로 - 기타,승용,남,64세,상해없음,승용,남,52세,경상
2021062300100512,2021년 6월 23일 21시,수요일,인천광역시 계양구 작전동,경상사고,0,0,1,0,차대차 - 추돌,안전운전불이행,건조,맑음,교차로 - 교차로부근,승용,남,39세,상해없음,이륜,남,43세,경상
2021062300100541,2021년 6월 23일 22시,수요일,인천광역시 서구 가좌동,경상사고,0,0,1,0,차대차 - 기타,안전운전불이행,건조,맑음,단일로 - 기타,승용,남,52세,상해없음,화물,남,35세,경상
2021062300100562,2021년 6월 23일 23시,수요일,인천광역시 남동구 장수동,중상사고,0,1,2,0,차대차 - 측면충돌,신호위반,건조,흐림,교차로 - 교차로안,승용,남,40세,상해없음,승용,남,55세,경상
2021062400100009,2021년 6월 24일 00시,목요일,인천광역시 남동구 논현동,경상사고,0,0,1,0,차대차 - 추돌,안전운전불이행,건조,흐림,단일로 - 기타,승용,여,23세,상해없음,승용,남,59세,경상
2021062400100018,2021년 6월 24일 01시,목요일,인천광역시 남동구 논현동,경상사고,0,0,1,0,차대사람 - 길가장자리구역통행중,안전운전불이행,건조,맑음,교차로 - 교차로부근,승용,여,52세,상해없음,보행자,남,47세,경상
2021062400100035,2021년 6월 24일 05시,목요일,인천광역시 미추홀구 주안동,경상사고,0,0,1,0,차대차 - 후진중충돌,안전운전불이행,건조,맑음,기타 - 기타,승합,남,27세,상해없음,승용,여,26세,경상
2021062400100081,2021년 6월 24일 07시,목요일,인천광역시 강화군 선원면,중상사고,0,1,0,0,차대차 - 정면충돌,중앙선침범,건조,맑음,단일로 - 지하차도(도로)내,화물,남,66세,상해없음,승용,여,59세,중상
2021062400100119,2021년 6월 24일 08시,목요일,인천광역시 남동구 고잔동,경상사고,0,0,2,0,차대차 - 추돌,안전운전불이행,건조,맑음,단일로 - 기타,승용,여,27세,상해없음,승용,남,47세,경상
2021062400100120,2021년 6월 24일 08시,목요일,인천광역시 남동구 고잔동,중상사고,0,1,2,0,차대차 - 추돌,안전운전불이행,건조,맑음,단일로 - 기타,승용,남,41세,상해없음,승용,남,53세,중상
2021062400100155,2021년 6월 24일 09시,목요일,인천광역시 서구 왕길동,경상사고,0,0,2,0,차대차 - 측면충돌,안전거리미확보,건조,맑음,단일로 - 기타,건설기계,남,63세,상해없음,승용,여,58세,경상
2021062400100156,2021년 6월 24일 09시,목요일,인천광역시 강화군 강화읍,중상사고,0,1,2,0,차대차 - 정면충돌,안전운전불이행,건조,맑음,교차로 - 교차로안,승용,남,80세,기타불명,승용,여,68세,중상
2021062400100191,2021년 6월 24일 10시,목요일,인천광역시 서구 가좌동,경상사고,0,0,1,0,차대차 - 정면충돌,안전운전불이행,건조,맑음,교차로 - 교차로안,승용,남,76세,상해없음,화물,남,46세,경상
2021062400100261,2021년 6월 24일 12시,목요일,인천광역시 미추홀구 용현동,경상사고,0,0,1,0,차대사람 - 횡단중,보행자보호의무위반,건조,맑음,교차로 - 교차로횡단보도내,화물,남,51세,상해없음,보행자,여,29세,경상
2021062400100262,2021년 6월 24일 12시,목요일,인천광역시 미추홀구 주안동,경상사고,0,0,1,0,차대차 - 추돌,안전운전불이행,건조,맑음,단일로 - 기타,화물,남,44세,상해없음,승용,남,57세,경상
2021062400100263,2021년 6월 24일 12시,목요일,인천광역시 서구 청라동,중상사고,0,1,0,0,차대차 - 측면충돌,안전운전불이행,건조,맑음,단일로 - 기타,승용,여,66세,상해없음,이륜,남,46세,중상
2021062400100331,2021년 6월 24일 14시,목요일,인천광역시 부평구 부평동,중상사고,0,1,0,0,차대차 - 기타,교차로운행방법위반,건조,맑음,교차로 - 교차로안,승용,남,55세,상해없음,이륜,남,60세,중상
2021062400100332,2021년 6월 24일 14시,목요일,인천광역시 서구 가정동,중상사고,0,1,0,0,차대차 - 측면충돌,안전운전불이행,건조,맑음,단일로 - 기타,화물,남,47세,상해없음,이륜,남,58세,중상
2021062400100333,2021년 6월 24일 14시,목요일,인천광역시 남동구 만수동,경상사고,0,0,1,0,차대차 - 추돌,안전거리미확보,건조,맑음,교차로 - 교차로부근,승용,남,37세,상해없음,승용,여,60세,경상
2021062400100410,2021년 6월 24일 16시,목요일,인천광역시 서구 원당동,경상사고,0,0,1,0,차대차 - 측면충돌,교차로운행방법위반,건조,맑음,교차로 - 교차로안,승용,여,58세,상해없음,승용,남,42세,경상
2021062400100456,2021년 6월 24일 17시,목요일,인천광역시 부평구 청천동,경상사고,0,0,1,0,차대차 - 측면충돌,안전운전불이행,건조,맑음,단일로 - 기타,승용,남,74세,상해없음,이륜,남,34세,경상
2021062400100457,2021년 6월 24일 17시,목요일,인천광역시 서구 가정동,경상사고,0,0,1,0,차대차 - 기타,안전운전불이행,건조,맑음,기타 - 기타,승용,여,53세,상해없음,승용,남,65세,경상
2021062400100458,2021년 6월 24일 17시,목요일,인천광역시 부평구 청천동,경상사고,0,0,1,0,차대차 - 추돌,안전운전불이행,건조,맑음,단일로 - 기타,화물,남,52세,기타불명,승용,여,24세,경상
2021062400100505,2021년 6월 24일 18시,목요일,인천광역시 부평구 십정동,경상사고,0,0,2,0,차대차 - 측면충돌,안전운전불이행,건조,맑음,교차로 - 교차로안,승용,남,29세,상해없음,화물,남,56세,경상
2021062400100506,2021년 6월 24일 18시,목요일,인천광역시 남동구 간석동,경상사고,0,0,1,0,차대차 - 추돌,안전거리미확보,건조,맑음,교차로 - 교차로부근,승합,남,52세,경상,승용,여,31세,상해없음
2021062400100508,2021년 6월 24일 18시,목요일,인천광역시 부평구 부평동,경상사고,0,0,1,0,차대차 - 추돌,안전운전불이행,건조,맑음,단일로 - 기타,기타불명,기타불명,미분류,기타불명,승용,남,65세,상해없음
2021062400100549,2021년 6월 24일 19시,목요일,인천광역시 옹진군 백령면,부상신고사고,0,0,0,1,차량단독 - 공작물충돌,안전운전불이행,건조,맑음,단일로 - 기타,화물,남,61세,부상신고,,,,
2021062400100550,2021년 6월 24일 19시,목요일,인천광역시 남동구 구월동,중상사고,0,1,0,0,차대차 - 정면충돌,교차로운행방법위반,건조,맑음,교차로 - 교차로안,승용,남,48세,상해없음,이륜,여,40세,중상
2021062400100582,2021년 6월 24일 20시,목요일,인천광역시 남동구 구월동,경상사고,0,0,1,0,차대차 - 측면충돌,교차로운행방법위반,건조,맑음,교차로 - 교차로안,승용,여,61세,상해없음,승용,남,65세,경상
2021062400100583,2021년 6월 24일 20시,목요일,인천광역시 부평구 부평동,경상사고,0,0,1,0,차대차 - 추돌,안전운전불이행,건조,맑음,기타 - 기타,승용,남,50세,상해없음,승용,남,28세,경상
2021062400100603,2021년 6월 24일 21시,목요일,인천광역시 미추홀구 문학동,경상사고,0,0,1,0,차대차 - 측면충돌,안전운전불이행,건조,맑음,단일로 - 기타,화물,남,51세,상해없음,이륜,남,69세,경상
2021062400100604,2021년 6월 24일 21시,목요일,인천광역시 미추홀구 숭의동,중상사고,0,1,2,0,차대차 - 측면충돌,안전운전불이행,건조,맑음,단일로 - 기타,승용,남,48세,상해없음,승용,여,27세,경상
2021062400100642,2021년 6월 24일 22시,목요일,인천광역시 남동구 구월동,경상사고,0,0,1,0,차대사람 - 기타,안전운전불이행,건조,맑음,단일로 - 기타,승용,남,28세,상해없음,보행자,남,39세,경상
2021062400100643,2021년 6월 24일 22시,목요일,인천광역시 연수구 송도동,경상사고,0,0,2,0,차대차 - 추돌,안전운전불이행,건조,맑음,단일로 - 기타,승용,남,48세,상해없음,승용,남,62세,경상
2021062400100644,2021년 6월 24일 22시,목요일,인천광역시 남동구 논현동,부상신고사고,0,0,0,1,차량단독 - 전도전복 - 전도,안전운전불이행,건조,맑음,단일로 - 기타,이륜,남,16세,부상신고,,,,
2021062400100671,2021년 6월 24일 23시,목요일,인천광역시 남동구 장수동,경상사고,0,0,1,0,차대차 - 측면충돌,신호위반,건조,맑음,교차로 - 교차로안,기타불명,기타불명,미분류,기타불명,승용,여,62세,경상
2021062500100031,2021년 6월 25일 05시,금요일,인천광역시 계양구 계산동,경상사고,0,0,1,0,차대차 - 측면충돌,신호위반,건조,맑음,교차로 - 교차로부근,승용,남,61세,상해없음,승용,남,53세,경상
2021062500100106,2021년 6월 25일 08시,금요일,인천광역시 부평구 부평동,경상사고,0,0,3,0,차대차 - 측면충돌,안전운전불이행,건조,맑음,교차로 - 교차로안,승용,남,63세,상해없음,승용,남,32세,경상
2021062500100107,2021년 6월 25일 08시,금요일,인천광역시 남동구 간석동,경상사고,0,0,1,0,차대차 - 정면충돌,안전운전불이행,건조,맑음,교차로 - 교차로안,승용,남,62세,상해없음,승용,남,37세,경상
2021062500100108,2021년 6월 25일 08시,금요일,인천광역시 서구 원창동,경상사고,0,0,1,0,차대차 - 추돌,안전운전불이행,건조,맑음,단일로 - 기타,화물,남,62세,상해없음,승용,여,31세,경상
2021062500100109,2021년 6월 25일 08시,금요일,인천광역시 서구 대곡동,경상사고,0,0,1,0,차대차 - 후진중충돌,안전운전불이행,건조,맑음,단일로 - 기타,화물,남,28세,상해없음,화물,남,62세,경상
2021062500100155,2021년 6월 25일 09시,금요일,인천광역시 서구 검암동,경상사고,0,0,1,0,차대차 - 측면충돌,신호위반,건조,맑음,교차로 - 교차로횡단보도내,승용,남,46세,상해없음,자전거,여,48세,경상
2021062500100156,2021년 6월 25일 09시,금요일,인천광역시 서구 당하동,경상사고,0,0,1,0,차대차 - 측면충돌,안전운전불이행,건조,맑음,교차로 - 교차로안,승용,남,26세,상해없음,승용,여,48세,경상
2021062500100184,2021년 6월 25일 10시,금요일,인천광역시 남동구 간석동,경상사고,0,0,1,0,차대사람 - 보도통행중,안전운전불이행,건조,맑음,단일로 - 기타,승용,남,43세,상해없음,보행자,여,20세,경상
2021062500100251,2021년 6월 25일 12시,금요일,인천광역시 미추홀구 용현동,중상사고,0,1,0,0,차대차 - 기타,신호위반,건조,맑음,교차로 - 교차로부근,승용,남,67세,상해없음,자전거,여,57세,중상
2021062500100330,2021년 6월 25일 14시,금요일,인천광역시 부평구 일신동,경상사고,0,0,1,0,차대차 - 측면충돌,안전운전불이행,건조,맑음,교차로 - 교차로부근,승합,남,61세,기타불명,승용,남,38세,경상
2021062500100373,2021년 6월 25일 15시,금요일,인천광역시 중구 항동7가,경상사고,0,0,1,0,차대차 - 측면충돌,안전운전불이행,건조,맑음,단일로 - 기타,화물,남,67세,상해없음,화물,남,64세,경상
2021062500100374,2021년 6월 25일 15시,금요일,인천광역시 미추홀구 주안동,중상사고,0,1,0,0,차대차 - 측면충돌,신호위반,건조,맑음,교차로 - 교차로부근,승용,여,27세,기타불명,승용,남,27세,중상
2021062500100375,2021년 6월 25일 15시,금요일,인천광역시 미추홀구 숭의동,경상사고,0,0,1,0,차대차 - 측면충돌,교차로운행방법위반,건조,맑음,교차로 - 교차로안,승용,여,37세,상해없음,원동기,남,20세,경상
2021062500100421,2021년 6월 25일 16시,금요일,인천광역시 남동구 구월동,경상사고,0,0,2,0,차대차 - 추돌,안전운전불이행,건조,맑음,단일로 - 기타,승용,남,76세,상해없음,승용,남,31세,경상
2021062500100422,2021년 6월 25일 16시,금요일,인천광역시 남동구 고잔동,경상사고,0,0,2,0,차대차 - 추돌,안전운전불이행,건조,맑음,단일로 - 고가도로위,승용,남,19세,상해없음,승용,여,39세,경상
2021062500100478,2021년 6월 25일 17시,금요일,인천광역시 남동구 구월동,경상사고,0,0,1,0,차대차 - 후진중충돌,안전운전불이행,건조,맑음,단일로 - 기타,승용,남,32세,상해없음,승용,남,67세,경상
2021062500100479,2021년 6월 25일 17시,금요일,인천광역시 부평구 부평동,부상신고사고,0,0,0,1,차대차 - 측면충돌,안전운전불이행,건조,맑음,교차로 - 교차로안,승용,여,23세,상해없음,이륜,남,29세,부상신고
2021062500100480,2021년 6월 25일 17시,금요일,인천광역시 남동구 고잔동,경상사고,0,0,2,0,차대차 - 측면충돌,교차로운행방법위반,건조,맑음,교차로 - 교차로안,승용,남,23세,상해없음,승용,여,32세,경상
2021062500100541,2021년 6월 25일 18시,금요일,인천광역시 미추홀구 주안동,경상사고,0,0,1,0,차대차 - 측면충돌,직진우회전진행방해,건조,맑음,교차로 - 교차로안,승합,남,33세,상해없음,승용,여,53세,경상
2021062500100542,2021년 6월 25일 18시,금요일,인천광역시 서구 석남동,경상사고,0,0,2,0,차대차 - 측면충돌,안전운전불이행,건조,맑음,단일로 - 기타,승용,남,52세,상해없음,승용,여,38세,경상
2021062500100573,2021년 6월 25일 19시,금요일,인천광역시 부평구 부평동,경상사고,0,0,1,0,차대차 - 측면충돌,신호위반,건조,맑음,교차로 - 교차로안,이륜,남,24세,경상,승용,남,32세,상해없음
2021062500100574,2021년 6월 25일 19시,금요일,인천광역시 남동구 구월동,경상사고,0,0,1,0,차대차 - 측면충돌,안전운전불이행,건조,맑음,교차로 - 교차로안,승합,여,56세,상해없음,이륜,남,36세,경상
2021062500100575,2021년 6월 25일 19시,금요일,인천광역시 서구 석남동,경상사고,0,0,1,0,차대차 - 측면충돌,안전거리미확보,건조,맑음,단일로 - 기타,승용,남,35세,상해없음,승용,여,23세,경상
2021062500100576,2021년 6월 25일 19시,금요일,인천광역시 계양구 다남동,중상사고,0,1,0,0,차대차 - 측면충돌,안전운전불이행,건조,맑음,교차로 - 교차로부근,이륜,남,18세,상해없음,화물,남,40세,중상
2021062500100606,2021년 6월 25일 20시,금요일,인천광역시 남동구 논현동,중상사고,0,1,1,0,차대차 - 측면충돌,중앙선침범,건조,흐림,단일로 - 지하차도(도로)내,화물,남,63세,상해없음,승용,남,51세,중상
2021062500100641,2021년 6월 25일 21시,금요일,인천광역시 부평구 청천동,경상사고,0,0,1,0,차대차 - 측면충돌,기타,건조,맑음,교차로 - 교차로안,승용,남,52세,상해없음,자전거,남,12세,경상
2021062500100642,2021년 6월 25일 21시,금요일,인천광역시 서구 청라동,경상사고,0,0,1,0,차대차 - 후진중충돌,안전운전불이행,건조,맑음,단일로 - 기타,승용,여,39세,상해없음,승용,남,56세,경상
2021062500100703,2021년 6월 25일 23시,금요일,인천광역시 미추홀구 숭의동,경상사고,0,0,1,0,차대차 - 정면충돌,안전운전불이행,건조,맑음,단일로 - 기타,승용,남,58세,상해없음,승용,남,66세,경상
2021062600100021,2021년 6월 26일 00시,토요일,인천광역시 부평구 부평동,부상신고사고,0,0,0,1,차대사람 - 기타,안전운전불이행,건조,흐림,단일로 - 기타,기타불명,기타불명,미분류,기타불명,보행자,남,37세,부상신고
2021062600100060,2021년 6월 26일 03시,토요일,인천광역시 연수구 연수동,중상사고,0,1,0,0,차대차 - 측면충돌,중앙선침범,젖음/습기,비,단일로 - 고가도로위,승용,남,20세,상해없음,건설기계,남,63세,중상
2021062600100104,2021년 6월 26일 08시,토요일,인천광역시 서구 경서동,경상사고,0,0,1,0,차대차 - 측면충돌,신호위반,건조,맑음,단일로 - 기타,승용,남,44세,상해없음,화물,남,66세,경상
2021062600100133,2021년 6월 26일 09시,토요일,인천광역시 강화군 불은면,중상사고,0,1,0,0,차대차 - 정면충돌,중앙선침범,건조,맑음,단일로 - 지하차도(도로)내,승용,여,54세,상해없음,승용,남,36세,중상
2021062600100134,2021년 6월 26일 09시,토요일,인천광역시 연수구 송도동,경상사고,0,0,1,0,차대차 - 후진중충돌,안전운전불이행,젖음/습기,비,단일로 - 기타,승용,남,48세,상해없음,승용,남,24세,상해없음
2021062600100135,2021년 6월 26일 09시,토요일,인천광역시 부평구 갈산동,경상사고,0,0,1,0,차대차 - 추돌,안전운전불이행,건조,맑음,단일로 - 기타,승용,남,29세,상해없음,화물,남,71세,상해없음
2021062600100169,2021년 6월 26일 10시,토요일,인천광역시 서구 석남동,경상사고,0,0,1,0,차대차 - 측면충돌,안전운전불이행,건조,맑음,교차로 - 교차로안,승용,여,59세,상해없음,화물,남,55세,경상
2021062600100281,2021년 6월 26일 13시,토요일,인천광역시 동구 송현동,경상사고,0,0,1,0,차대차 - 측면충돌,안전운전불이행,건조,맑음,교차로 - 교차로부근,원동기,남,78세,상해없음,자전거,남,12세,경상
2021062600100282,2021년 6월 26일 13시,토요일,인천광역시 부평구 부평동,경상사고,0,0,2,0,차대차 - 측면충돌,안전운전불이행,건조,맑음,단일로 - 기타,승용,남,27세,상해없음,승용,남,28세,경상
2021062600100283,2021년 6월 26일 13시,토요일,인천광역시 연수구 연수동,중상사고,0,1,0,0,차대사람 - 횡단중,안전운전불이행,건조,맑음,단일로 - 기타,이륜,남,43세,상해없음,보행자,남,30세,중상
2021062600100418,2021년 6월 26일 17시,토요일,인천광역시 중구 을왕동,경상사고,0,0,1,0,차대사람 - 기타,안전운전불이행,건조,맑음,교차로 - 교차로부근,승용,남,59세,상해없음,보행자,여,39세,경상
2021062600100419,2021년 6월 26일 17시,토요일,인천광역시 미추홀구 용현동,중상사고,0,1,0,0,차대차 - 측면충돌,신호위반,건조,맑음,교차로 - 교차로안,승용,남,18세,상해없음,이륜,남,43세,중상
2021062600100466,2021년 6월 26일 18시,토요일,인천광역시 서구 청라동,중상사고,0,1,0,0,차대차 - 정면충돌,안전운전불이행,건조,맑음,교차로 - 교차로안,승용,남,41세,상해없음,이륜,남,26세,중상
2021062600100467,2021년 6월 26일 18시,토요일,인천광역시 남동구 고잔동,중상사고,0,2,0,0,차대차 - 추돌,안전운전불이행,건조,맑음,단일로 - 기타,기타불명,남,18세,상해없음,승용,남,53세,중상
2021062600100468,2021년 6월 26일 18시,토요일,인천광역시 남동구 고잔동,경상사고,0,0,2,0,차대차 - 추돌,안전운전불이행,건조,맑음,단일로 - 기타,화물,남,42세,상해없음,승용,남,61세,경상
2021062600100469,2021년 6월 26일 18시,토요일,인천광역시 부평구 일신동,경상사고,0,0,2,0,차대차 - 기타,안전거리미확보,건조,맑음,단일로 - 기타,승용,남,46세,상해없음,승용,남,25세,경상
2021062600100563,2021년 6월 26일 21시,토요일,인천광역시 서구 경서동,경상사고,0,0,2,0,차대차 - 기타,안전운전불이행,건조,맑음,기타 - 기타,승용,남,56세,상해없음,승용,남,47세,경상
2021062600100600,2021년 6월 26일 22시,토요일,인천광역시 남동구 간석동,경상사고,0,0,1,0,차대차 - 추돌,안전운전불이행,건조,맑음,교차로 - 교차로부근,승용,남,52세,상해없음,승용,남,54세,경상
2021062600100601,2021년 6월 26일 22시,토요일,인천광역시 남동구 만수동,부상신고사고,0,0,0,1,차대차 - 추돌,안전운전불이행,건조,맑음,단일로 - 기타,승용,남,37세,상해없음,승합,남,56세,부상신고
2021062600100602,2021년 6월 26일 22시,토요일,인천광역시 서구 석남동,경상사고,0,0,1,0,차대차 - 측면충돌,신호위반,건조,맑음,교차로 - 교차로안,이륜,남,54세,상해없음,이륜,남,26세,경상
2021062600100635,2021년 6월 26일 23시,토요일,인천광역시 부평구 부평동,경상사고,0,0,2,0,차대차 - 측면충돌,안전운전불이행,건조,맑음,교차로 - 교차로안,승용,남,61세,상해없음,승용,남,26세,경상
2021062700100039,2021년 6월 27일 01시,일요일,인천광역시 강화군 길상면,경상사고,0,0,2,0,차대차 - 추돌,안전운전불이행,건조,맑음,교차로 - 교차로부근,화물,여,50세,상해없음,승용,남,31세,경상
2021062700100133,2021년 6월 27일 10시,일요일,인천광역시 남동구 남촌동,중상사고,0,2,0,0,차대차 - 정면충돌,신호위반,건조,맑음,교차로 - 교차로안,승용,남,47세,중상,승용,남,32세,중상
2021062700100160,2021년 6월 27일 11시,일요일,인천광역시 옹진군 영흥면,경상사고,0,0,1,0,차대차 - 측면충돌,안전운전불이행,건조,맑음,단일로 - 지하차도(도로)내,승용,남,52세,상해없음,자전거,남,34세,경상
2021062700100222,2021년 6월 27일 13시,일요일,인천광역시 연수구 청학동,중상사고,0,1,0,0,차대사람 - 차도통행중,교차로운행방법위반,건조,맑음,교차로 - 교차로안,승용,여,46세,상해없음,보행자,여,72세,중상
2021062700100284,2021년 6월 27일 15시,일요일,인천광역시 서구 원당동,경상사고,0,0,1,0,차대차 - 정면충돌,신호위반,건조,맑음,교차로 - 교차로횡단보도내,승용,여,62세,상해없음,자전거,남,11세,경상
2021062700100285,2021년 6월 27일 15시,일요일,인천광역시 계양구 다남동,경상사고,0,0,1,0,차대차 - 측면충돌,안전운전불이행,건조,맑음,단일로 - 기타,승용,남,35세,상해없음,승용,남,58세,경상
2021062700100346,2021년 6월 27일 17시,일요일,인천광역시 미추홀구 학익동,경상사고,0,0,2,0,차대차 - 측면충돌,안전거리미확보,건조,맑음,단일로 - 기타,승용,남,70세,상해없음,승용,남,23세,경상
2021062700100347,2021년 6월 27일 17시,일요일,인천광역시 부평구 구산동,경상사고,0,0,3,0,차대차 - 추돌,안전운전불이행,건조,맑음,단일로 - 기타,승용,남,25세,상해없음,승용,남,38세,경상