사고번호,사고일시,요일,시군구,사고내용,사망자수,중상자수,경상자수,부상신고자수,사고유형,법규위반,노면상태,기상상태,도로형태,가해운전자 차종,가해운전자 성별,가해운전자 연령,가해운전자 상해정도,피해운전자 차종,피해운전자 성별,피해운전자 연령,피해운전자 상해정도
2021070300100331,2021년 7월 3일 15시,토요일,인천광역시 남동구 논현동,경상사고,0,0,1,0,차대차 - 측면충돌,안전거리미확보,젖음/습기,비,단일로 - 지하차도(도로)내,승용,남,27세,상해없음,승용,남,47세,경상
2021070300100332,2021년 7월 3일 15시,토요일,인천광역시 남동구 남촌동,경상사고,0,0,1,0,차대차 - 추돌,안전거리미확보,젖음/습기,비,단일로 - 기타,승용,여,31세,상해없음,승용,남,30세,경상
2021070300100367,2021년 7월 3일 16시,토요일,인천광역시 남동구 고잔동,경상사고,0,0,1,0,차대차 - 추돌,안전운전불이행,젖음/습기,비,교차로 - 교차로부근,승합,남,44세,상해없음,승용,여,39세,경상
2021070300100368,2021년 7월 3일 16시,토요일,인천광역시 중구 운서동,중상사고,0,2,0,0,차대차 - 측면충돌,기타,젖음/습기,비,단일로 - 기타,승용,남,31세,상해없음,승용,남,45세,중상
2021070300100402,2021년 7월 3일 17시,토요일,인천광역시 남동구 간석동,경상사고,0,0,1,0,차대차 - 추돌,안전운전불이행,젖음/습기,비,단일로 - 기타,승용,남,24세,상해없음,승용,남,26세,경상
2021070300100403,2021년 7월 3일 17시,토요일,인천광역시 부평구 구산동,경상사고,0,0,2,0,차대차 - 측면충돌,안전운전불이행,젖음/습기,비,교차로 - 교차로안,승용,남,44세,상해없음,승용,남,52세,경상
2021070300100445,2021년 7월 3일 18시,토요일,인천광역시 중구 항동7가,경상사고,0,0,1,0,차대차 - 측면충돌,안전거리미확보,건조,맑음,교차로 - 교차로부근,승용,남,59세,상해없음,승용,남,45세,경상
2021070300100446,2021년 7월 3일 18시,토요일,인천광역시 미추홀구 도화동,경상사고,0,0,1,0,차대차 - 추돌,안전운전불이행,건조,맑음,단일로 - 기타,승용,남,28세,상해없음,승용,여,28세,경상
2021070300100501,2021년 7월 3일 19시,토요일,인천광역시 남동구 장수동,경상사고,0,0,5,0,차대차 - 기타,안전운전불이행,기타,흐림,기타 - 기타,승용,남,55세,상해없음,승용,여,37세,경상
2021070300100548,2021년 7월 3일 20시,토요일,인천광역시 부평구 부평동,경상사고,0,0,2,0,차대차 - 측면충돌,안전운전불이행,젖음/습기,비,단일로 - 기타,승용,남,27세,상해없음,승용,남,54세,경상
2021070300100589,2021년 7월 3일 21시,토요일,인천광역시 미추홀구 학익동,경상사고,0,0,6,0,차대차 - 측면충돌,안전거리미확보,젖음/습기,비,단일로 - 기타,승용,남,60세,상해없음,승용,여,52세,경상
2021070300100660,2021년 7월 3일 23시,토요일,인천광역시 계양구 동양동,경상사고,0,0,1,0,차량단독 - 공작물충돌,안전운전불이행,젖음/습기,비,단일로 - 기타,승용,남,58세,상해없음,,,,
2021070300100661,2021년 7월 3일 23시,토요일,인천광역시 부평구 부평동,중상사고,0,1,1,0,차대차 - 기타,안전운전불이행,젖음/습기,흐림,단일로 - 기타,승용,남,29세,상해없음,승용,남,25세,경상
2021070400100021,2021년 7월 4일 00시,일요일,인천광역시 연수구 선학동,경상사고,0,0,1,0,차대차 - 추돌,안전운전불이행,젖음/습기,비,단일로 - 지하차도(도로)내,승용,여,42세,상해없음,승합,남,29세,경상
2021070400100041,2021년 7월 4일 01시,일요일,인천광역시 미추홀구 숭의동,중상사고,0,1,0,0,차대차 - 측면충돌,안전운전불이행,젖음/습기,비,단일로 - 기타,화물,남,34세,상해없음,승용,남,29세,중상
2021070400100070,2021년 7월 4일 04시,일요일,인천광역시 남동구 고잔동,경상사고,0,0,1,0,차대차 - 정면충돌,안전운전불이행,건조,맑음,교차로 - 교차로부근,기타불명,기타불명,미분류,기타불명,승용,여,56세,경상
2021070400100092,2021년 7월 4일 08시,일요일,인천광역시 계양구 효성동,경상사고,0,0,1,0,차대차 - 측면충돌,신호위반,젖음/습기,비,교차로 - 교차로안,화물,남,58세,상해없음,화물,남,37세,경상
2021070400100192,2021년 7월 4일 13시,일요일,인천광역시 미추홀구 용현동,중상사고,0,1,0,0,차대차 - 기타,교차로운행방법위반,젖음/습기,흐림,교차로 - 교차로안,승용,남,39세,상해없음,이륜,남,38세,중상
2021070400100193,2021년 7월 4일 13시,일요일,인천광역시 서구 왕길동,경상사고,0,0,1,0,차대차 - 기타,안전운전불이행,젖음/습기,비,단일로 - 기타,기타불명,기타불명,미분류,기타불명,승용,여,23세,경상
2021070400100194,2021년 7월 4일 13시,일요일,인천광역시 연수구 연수동,경상사고,0,0,1,0,차대차 - 기타,안전운전불이행,건조,맑음,교차로 - 교차로부근,승용,남,29세,상해없음,승용,남,60세,경상
2021070400100195,2021년 7월 4일 13시,일요일,인천광역시 남동구 남촌동,경상사고,0,0,1,0,차대차 - 측면충돌,안전운전불이행,건조,맑음,단일로 - 기타,화물,남,63세,상해없음,이륜,남,35세,경상
2021070400100217,2021년 7월 4일 14시,일요일,인천광역시 중구 율목동,경상사고,0,0,1,0,차대차 - 추돌,안전운전불이행,젖음/습기,비,교차로 - 교차로부근,승용,여,71세,상해없음,이륜,남,34세,경상
2021070400100218,2021년 7월 4일 14시,일요일,인천광역시 서구 석남동,경상사고,0,0,1,0,차대차 - 기타,안전운전불이행,건조,맑음,단일로 - 지하차도(도로)내,승용,남,68세,상해없음,이륜,남,41세,경상
2021070400100259,2021년 7월 4일 15시,일요일,인천광역시 서구 석남동,중상사고,0,1,2,0,차대차 - 측면충돌,신호위반,건조,맑음,교차로 - 교차로부근,이륜,남,67세,중상,승용,남,24세,경상
2021070400100348,2021년 7월 4일 18시,일요일,인천광역시 부평구 산곡동,중상사고,0,1,0,0,차대차 - 측면충돌,안전운전불이행,건조,맑음,교차로 - 교차로부근,이륜,남,16세,중상,화물,남,60세,상해없음
2021070400100379,2021년 7월 4일 19시,일요일,인천광역시 남동구 만수동,중상사고,0,1,0,0,차대차 - 측면충돌,중앙선침범,건조,맑음,기타 - 기타,이륜,여,32세,상해없음,이륜,남,38세,중상
2021070400100380,2021년 7월 4일 19시,일요일,인천광역시 계양구 동양동,경상사고,0,0,2,0,차대차 - 추돌,안전거리미확보,건조,맑음,단일로 - 교량,화물,남,63세,상해없음,승용,남,23세,경상
2021070400100405,2021년 7월 4일 20시,일요일,인천광역시 미추홀구 도화동,부상신고사고,0,0,0,1,차대차 - 기타,안전운전불이행,건조,맑음,교차로 - 교차로안,기타불명,기타불명,미분류,기타불명,이륜,여,42세,부상신고
2021070400100431,2021년 7월 4일 21시,일요일,인천광역시 부평구 부평동,부상신고사고,0,0,0,1,차대사람 - 보도통행중,안전운전불이행,건조,맑음,교차로 - 교차로안,기타불명,기타불명,미분류,기타불명,보행자,여,17세,부상신고
2021070400100449,2021년 7월 4일 22시,일요일,인천광역시 남동구 간석동,중상사고,0,1,1,0,차대차 - 측면충돌,신호위반,건조,맑음,교차로 - 교차로안,이륜,남,19세,중상,승용,남,30세,경상
2021070500100021,2021년 7월 5일 05시,월요일,인천광역시 미추홀구 용현동,경상사고,0,0,1,0,차대차 - 추돌,안전운전불이행,건조,맑음,교차로 - 교차로부근,승용,남,55세,상해없음,승용,남,49세,경상
2021070500100064,2021년 7월 5일 07시,월요일,인천광역시 서구 금곡동,경상사고,0,0,1,0,차대사람 - 기타,안전운전불이행,건조,맑음,기타 - 기타,이륜,남,22세,상해없음,보행자,여,59세,경상
2021070500100100,2021년 7월 5일 08시,월요일,인천광역시 동구 송림동,경상사고,0,0,1,0,차대사람 - 기타,기타,건조,맑음,단일로 - 지하차도(도로)내,승합,남,58세,상해없음,보행자,여,60세,경상
2021070500100141,2021년 7월 5일 09시,월요일,인천광역시 남동구 구월동,경상사고,0,0,1,0,차대차 - 후진중충돌,안전운전불이행,건조,맑음,단일로 - 기타,승용,여,58세,상해없음,승용,남,46세,경상
2021070500100142,2021년 7월 5일 09시,월요일,인천광역시 부평구 갈산동,부상신고사고,0,0,0,1,차대사람 - 길가장자리구역통행중,안전운전불이행,건조,맑음,단일로 - 기타,승용,남,50세,상해없음,보행자,여,27세,부상신고
2021070500100171,2021년 7월 5일 10시,월요일,인천광역시 서구 신현동,경상사고,0,0,2,0,차대차 - 측면충돌,안전운전불이행,건조,맑음,단일로 - 지하차도(도로)내,화물,남,58세,상해없음,승용,남,27세,경상
2021070500100172,2021년 7월 5일 10시,월요일,인천광역시 부평구 삼산동,중상사고,0,1,0,0,차대사람 - 기타,기타,건조,맑음,단일로 - 기타,승합,남,58세,상해없음,보행자,여,64세,중상
2021070500100173,2021년 7월 5일 10시,월요일,인천광역시 남동구 만수동,중상사고,0,1,0,0,차대차 - 정면충돌,신호위반,건조,맑음,교차로 - 교차로안,승용,남,24세,상해없음,승용,남,66세,중상
2021070500100208,2021년 7월 5일 11시,월요일,인천광역시 중구 운남동,중상사고,0,2,0,0,차대사람 - 길가장자리구역통행중,기타,건조,맑음,단일로 - 지하차도(도로)내,승용,남,32세,기타불명,보행자,남,40세,중상
2021070500100209,2021년 7월 5일 11시,월요일,인천광역시 남동구 간석동,경상사고,0,0,1,0,차대차 - 추돌,안전운전불이행,건조,맑음,단일로 - 기타,승용,남,81세,상해없음,승용,남,45세,경상
2021070500100210,2021년 7월 5일 11시,월요일,인천광역시 남동구 간석동,경상사고,0,0,1,0,차대차 - 측면충돌,신호위반,건조,맑음,교차로 - 교차로부근,이륜,남,46세,기타불명,화물,남,72세,경상
2021070500100273,2021년 7월 5일 13시,월요일,인천광역시 서구 석남동,경상사고,0,0,1,0,차대차 - 기타,안전운전불이행,건조,맑음,단일로 - 기타,승용,남,51세,상해없음,이륜,남,32세,경상
2021070500100310,2021년 7월 5일 14시,월요일,인천광역시 중구 신흥동3가,경상사고,0,0,1,0,차대차 - 측면충돌,교차로운행방법위반,건조,맑음,교차로 - 교차로안,승용,남,41세,상해없음,승용,남,42세,경상
2021070500100311,2021년 7월 5일 14시,월요일,인천광역시 미추홀구 도화동,경상사고,0,0,1,0,차대차 - 측면충돌,교차로운행방법위반,건조,맑음,교차로 - 교차로안,승용,남,37세,기타불명,승용,남,46세,경상
2021070500100312,2021년 7월 5일 14시,월요일,인천광역시 계양구 효성동,경상사고,0,0,1,0,차대사람 - 횡단중,안전운전불이행,건조,맑음,교차로 - 교차로부근,개인형이동수단(PM),여,44세,상해없음,보행자,여,81세,경상
2021070500100347,2021년 7월 5일 15시,월요일,인천광역시 부평구 부평동,경상사고,0,0,1,0,차대차 - 측면충돌,안전운전불이행,건조,맑음,단일로 - 기타,승용,남,69세,상해없음,승합,남,69세,상해없음
2021070500100348,2021년 7월 5일 15시,월요일,인천광역시 남동구 구월동,경상사고,0,0,1,0,차대차 - 추돌,안전운전불이행,건조,흐림,교차로 - 교차로부근,화물,남,64세,기타불명,이륜,남,48세,경상
2021070500100385,2021년 7월 5일 16시,월요일,인천광역시 계양구 임학동,중상사고,0,1,0,0,차대사람 - 차도통행중,안전운전불이행,건조,흐림,교차로 - 교차로안,승용,여,53세,상해없음,보행자,여,59세,중상
2021070500100425,2021년 7월 5일 17시,월요일,인천광역시 서구 청라동,경상사고,0,0,3,0,차대차 - 기타,안전운전불이행,건조,맑음,교차로 - 교차로안,승용,여,50세,경상,이륜,남,29세,경상
2021070500100463,2021년 7월 5일 18시,월요일,인천광역시 남동구 구월동,경상사고,0,0,1,0,차대사람 - 길가장자리구역통행중,보행자보호의무위반,건조,맑음,단일로 - 기타,승용,남,64세,상해없음,보행자,여,28세,경상
2021070500100464,2021년 7월 5일 18시,월요일,인천광역시 서구 가좌동,경상사고,0,0,4,0,차대차 - 추돌,안전운전불이행,건조,맑음,교차로 - 교차로부근,화물,남,64세,상해없음,승용,여,39세,경상
2021070500100466,2021년 7월 5일 18시,월요일,인천광역시 남동구 운연동,경상사고,0,0,2,0,차대차 - 추돌,안전운전불이행,건조,맑음,기타 - 기타,승용,남,40세,상해없음,승합,남,45세,경상
2021070500100498,2021년 7월 5일 19시,월요일,인천광역시 남동구 도림동,중상사고,0,2,2,0,차대차 - 측면충돌,안전운전불이행,건조,맑음,단일로 - 기타,승용,남,62세,상해없음,승용,남,55세,경상
2021070500100583,2021년 7월 5일 22시,월요일,인천광역시 부평구 십정동,경상사고,0,0,2,0,차대차 - 추돌,안전운전불이행,건조,맑음,교차로 - 교차로안,승용,남,34세,상해없음,승용,남,58세,경상
2021070600100038,2021년 7월 6일 04시,화요일,인천광역시 서구 신현동,경상사고,0,0,1,0,차대차 - 정면충돌,신호위반,건조,맑음,교차로 - 교차로안,승용,남,33세,상해없음,승합,남,74세,경상
2021070600100054,2021년 7월 6일 06시,화요일,인천광역시 서구 검암동,경상사고,0,0,1,0,차대차 - 후진중충돌,안전운전불이행,건조,맑음,단일로 - 지하차도(도로)내,승용,남,43세,상해없음,화물,남,32세,경상
2021070600100076,2021년 7월 6일 07시,화요일,인천광역시 서구 오류동,사망사고,1,0,0,0,차대사람 - 기타,안전운전불이행,건조,맑음,교차로 - 교차로안,화물,남,56세,상해없음,보행자,남,65세,사망
2021070600100116,2021년 7월 6일 08시,화요일,인천광역시 미추홀구 주안동,경상사고,0,0,2,0,차대차 - 측면충돌,교차로운행방법위반,건조,맑음,교차로 - 교차로안,승용,여,50세,상해없음,승용,여,57세,경상
2021070600100117,2021년 7월 6일 08시,화요일,인천광역시 서구 심곡동,경상사고,0,0,1,0,차대차 - 측면충돌,안전운전불이행,건조,맑음,단일로 - 기타,화물,남,64세,상해없음,승용,남,30세,경상
2021070600100118,2021년 7월 6일 08시,화요일,인천광역시 부평구 부평동,경상사고,0,0,3,0,차대차 - 기타,안전운전불이행,건조,맑음,교차로 - 교차로안,승용,여,27세,상해없음,승용,여,38세,경상
2021070600100193,2021년 7월 6일 11시,화요일,인천광역시 미추홀구 관교동,경상사고,0,0,1,0,차대사람 - 차도통행중,안전운전불이행,건조,맑음,기타 - 기타,승용,여,53세,상해없음,보행자,여,21세,경상
2021070600100194,2021년 7월 6일 11시,화요일,인천광역시 서구 오류동,중상사고,0,1,0,0,차대사람 - 기타,안전운전불이행,건조,맑음,단일로 - 기타,화물,남,72세,상해없음,보행자,남,64세,중상
2021070600100292,2021년 7월 6일 14시,화요일,인천광역시 부평구 산곡동,중상사고,0,1,0,0,차대사람 - 기타,안전운전불이행,건조,맑음,단일로 - 기타,승용,남,42세,상해없음,보행자,여,51세,중상
2021070600100293,2021년 7월 6일 14시,화요일,인천광역시 남동구 논현동,경상사고,0,0,1,0,차대차 - 측면충돌,신호위반,건조,맑음,교차로 - 교차로안,승용,남,76세,상해없음,승용,남,57세,경상
2021070600100364,2021년 7월 6일 16시,화요일,인천광역시 부평구 부평동,부상신고사고,0,0,0,1,차대사람 - 차도통행중,안전운전불이행,건조,맑음,단일로 - 지하차도(도로)내,승용,여,51세,상해없음,보행자,남,27세,부상신고
2021070600100365,2021년 7월 6일 16시,화요일,인천광역시 서구 가정동,경상사고,0,0,1,0,차대사람 - 기타,보행자보호의무위반,건조,맑음,교차로 - 교차로횡단보도내,승용,여,63세,상해없음,보행자,여,8세,경상
2021070600100366,2021년 7월 6일 16시,화요일,인천광역시 계양구 서운동,경상사고,0,0,1,0,차대차 - 측면충돌,안전운전불이행,건조,맑음,교차로 - 교차로부근,승용,여,38세,상해없음,승용,남,29세,경상
2021070600100408,2021년 7월 6일 17시,화요일,인천광역시 미추홀구 학익동,경상사고,0,0,1,0,차대차 - 측면충돌,안전운전불이행,건조,맑음,단일로 - 기타,승용,여,70세,상해없음,승용,여,50세,경상
2021070600100409,2021년 7월 6일 17시,화요일,인천광역시 부평구 산곡동,경상사고,0,0,1,0,차대차 - 측면충돌,안전운전불이행,건조,맑음,교차로 - 교차로부근,이륜,남,14세,상해없음,이륜,남,27세,경상
2021070600100449,2021년 7월 6일 18시,화요일,인천광역시 미추홀구 학익동,경상사고,0,0,1,0,차대차 - 측면충돌,안전운전불이행,건조,맑음,단일로 - 기타,승용,남,49세,상해없음,자전거,남,82세,경상
2021070600100450,2021년 7월 6일 18시,화요일,인천광역시 서구 당하동,경상사고,0,0,2,0,차대차 - 측면충돌,안전운전불이행,젖음/습기,비,교차로 - 교차로부근,승용,남,47세,경상,승용,남,29세,경상
2021070600100480,2021년 7월 6일 19시,화요일,인천광역시 남동구 만수동,경상사고,0,0,2,0,차대차 - 측면충돌,안전거리미확보,건조,맑음,단일로 - 기타,승용,여,56세,상해없음,승용,남,25세,경상
2021070600100481,2021년 7월 6일 19시,화요일,인천광역시 서구 마전동,경상사고,0,0,1,0,차대차 - 후진중충돌,안전운전불이행,건조,맑음,단일로 - 기타,화물,남,32세,상해없음,이륜,남,18세,경상
2021070600100482,2021년 7월 6일 19시,화요일,인천광역시 연수구 옥련동,경상사고,0,0,1,0,차대차 - 추돌,안전운전불이행,건조,맑음,교차로 - 교차로안,화물,남,53세,상해없음,승용,남,71세,경상
2021070600100515,2021년 7월 6일 20시,화요일,인천광역시 부평구 부평동,경상사고,0,0,1,0,차대차 - 측면충돌,안전운전불이행,건조,맑음,단일로 - 기타,승용,남,25세,상해없음,승합,남,57세,경상
2021070600100540,2021년 7월 6일 21시,화요일,인천광역시 남동구 구월동,중상사고,0,1,0,0,차대차 - 정면충돌,신호위반,건조,맑음,교차로 - 교차로안,승용,남,66세,상해없음,이륜,남,36세,중상
2021070600100541,2021년 7월 6일 21시,화요일,인천광역시 서구 심곡동,경상사고,0,0,3,0,차대차 - 측면충돌,안전운전불이행,건조,맑음,교차로 - 교차로안,승용,남,27세,상해없음,승용,남,47세,경상
2021070600100578,2021년 7월 6일 22시,화요일,인천광역시 서구 가좌동,경상사고,0,0,3,0,차대차 - 기타,안전운전불이행,건조,맑음,기타 - 기타,승합,남,64세,상해없음,승용,남,31세,상해없음
2021070700100053,2021년 7월 7일 06시,수요일,인천광역시 계양구 서운동,경상사고,0,0,2,0,차대차 - 측면충돌,신호위반,건조,맑음,교차로 - 교차로안,이륜,남,41세,경상,승용,남,74세,경상
2021070700100054,2021년 7월 7일 06시,수요일,인천광역시 남동구 운연동,중상사고,0,1,0,0,차대차 - 측면충돌,안전운전불이행,건조,맑음,단일로 - 기타,승합,남,54세,상해없음,승용,남,27세,중상
2021070700100106,2021년 7월 7일 08시,수요일,인천광역시 미추홀구 주안동,중상사고,0,1,0,0,차대차 - 측면충돌,신호위반,건조,맑음,교차로 - 교차로부근,승용,여,45세,상해없음,자전거,남,11세,중상
2021070700100107,2021년 7월 7일 08시,수요일,인천광역시 부평구 부평동,경상사고,0,0,1,0,차대차 - 후진중충돌,불법유턴,건조,맑음,단일로 - 기타,승합,남,75세,상해없음,화물,남,27세,경상
2021070700100171,2021년 7월 7일 10시,수요일,인천광역시 부평구 부평동,경상사고,0,0,2,0,차대차 - 기타,안전운전불이행,건조,맑음,교차로 - 교차로부근,승용,여,68세,상해없음,이륜,남,18세,경상
2021070700100214,2021년 7월 7일 11시,수요일,인천광역시 부평구 부평동,경상사고,0,0,1,0,차대차 - 측면충돌,안전운전불이행,건조,맑음,교차로 - 교차로안,승용,여,59세,상해없음,승용,남,64세,경상
2021070700100251,2021년 7월 7일 12시,수요일,인천광역시 부평구 삼산동,부상신고사고,0,0,0,1,차대사람 - 기타,안전운전불이행,기타,맑음,단일로 - 기타,기타불명,남,61세,상해없음,보행자,남,67세,부상신고
2021070700100252,2021년 7월 7일 12시,수요일,인천광역시 부평구 부평동,경상사고,0,0,1,0,차대차 - 측면충돌,안전운전불이행,건조,맑음,주차장 - 주차장,승합,남,59세,기타불명,승용,여,44세,경상
2021070700100253,2021년 7월 7일 12시,수요일,인천광역시 중구 운서동,경상사고,0,0,1,0,차대차 - 기타,안전거리미확보,건조,맑음,기타 - 기타,승용,여,59세,상해없음,승용,여,35세,경상
2021070700100311,2021년 7월 7일 14시,수요일,인천광역시 남동구 간석동,경상사고,0,0,1,0,차대차 - 측면충돌,교차로운행방법위반,건조,맑음,교차로 - 교차로안,승용,남,62세,상해없음,승용,남,52세,경상
2021070700100385,2021년 7월 7일 16시,수요일,인천광역시 서구 가좌동,경상사고,0,0,1,0,차대차 - 추돌,안전운전불이행,건조,맑음,단일로 - 기타,승용,남,63세,상해없음,승용,여,56세,경상
2021070700100386,2021년 7월 7일 16시,수요일,인천광역시 계양구 효성동,경상사고,0,0,1,0,차대차 - 기타,안전운전불이행,건조,맑음,교차로 - 교차로부근,승용,남,26세,상해없음,자전거,남,9세,경상
2021070700100387,2021년 7월 7일 16시,수요일,인천광역시 부평구 부평동,중상사고,0,1,0,0,차대차 - 측면충돌,안전운전불이행,건조,맑음,단일로 - 기타,승용,남,32세,기타불명,승용,남,29세,중상
2021070700100388,2021년 7월 7일 16시,수요일,인천광역시 남동구 고잔동,중상사고,0,1,0,0,차대차 - 측면충돌,안전운전불이행,건조,맑음,교차로 - 교차로부근,건설기계,남,63세,상해없음,자전거,여,60세,중상
2021070700100474,2021년 7월 7일 18시,수요일,인천광역시 서구 석남동,중상사고,0,1,0,0,차대사람 - 횡단중,안전운전불이행,건조,맑음,단일로 - 기타,승합,남,54세,상해없음,보행자,여,76세,중상
2021070700100476,2021년 7월 7일 18시,수요일,인천광역시 강화군 강화읍,경상사고,0,0,2,0,차대차 - 추돌,안전운전불이행,건조,맑음,단일로 - 지하차도(도로)내,화물,남,55세,상해없음,승용,남,80세,경상
2021070700100477,2021년 7월 7일 18시,수요일,인천광역시 남동구 운연동,경상사고,0,0,1,0,차대차 - 측면충돌,차로위반,건조,맑음,교차로 - 교차로부근,승용,남,57세,상해없음,승용,남,41세,경상
2021070700100516,2021년 7월 7일 19시,수요일,인천광역시 계양구 계산동,경상사고,0,0,1,0,차대차 - 후진중충돌,안전운전불이행,건조,흐림,단일로 - 기타,승용,여,44세,상해없음,이륜,남,18세,경상
2021070700100590,2021년 7월 7일 21시,수요일,인천광역시 남동구 구월동,중상사고,0,1,0,0,차대차 - 측면충돌,안전운전불이행,건조,맑음,단일로 - 기타,승용,남,33세,상해없음,승용,남,53세,중상
2021070700100591,2021년 7월 7일 21시,수요일,인천광역시 강화군 선원면,중상사고,0,1,1,0,차대차 - 추돌,안전운전불이행,건조,흐림,단일로 - 지하차도(도로)내,승용,남,53세,상해없음,승용,남,56세,중상
2021070700100623,2021년 7월 7일 22시,수요일,인천광역시 서구 신현동,경상사고,0,0,1,0,차대차 - 추돌,안전운전불이행,건조,맑음,단일로 - 기타,승용,남,31세,상해없음,화물,남,59세,경상
2021070700100624,2021년 7월 7일 22시,수요일,인천광역시 연수구 송도동,경상사고,0,0,1,0,차대차 - 측면충돌,안전거리미확보,건조,맑음,단일로 - 기타,승용,남,46세,상해없음,승용,남,30세,경상
2021070800100026,2021년 7월 8일 01시,목요일,인천광역시 연수구 동춘동,사망사고,1,0,0,0,차량단독 - 전도전복 - 전도,안전운전불이행,젖음/습기,비,단일로 - 지하차도(도로)내,원동기,남,31세,사망,,,,
2021070800100037,2021년 7월 8일 03시,목요일,인천광역시 서구 청라동,중상사고,0,1,0,0,차량단독 - 공작물충돌,안전운전불이행,건조,맑음,단일로 - 기타,이륜,남,30세,중상,,,,
2021070800100065,2021년 7월 8일 07시,목요일,인천광역시 부평구 십정동,경상사고,0,0,2,0,차대차 - 측면충돌,안전운전불이행,건조,맑음,교차로 - 교차로부근,승용,남,62세,상해없음,승용,남,22세,경상
2021070800100066,2021년 7월 8일 07시,목요일,인천광역시 계양구 작전동,경상사고,0,0,2,0,차대차 - 추돌,안전운전불이행,건조,맑음,교차로 - 교차로부근,승용,남,63세,상해없음,승용,여,57세,경상
2021070800100067,2021년 7월 8일 07시,목요일,인천광역시 부평구 갈산동,경상사고,0,0,1,0,차대차 - 측면충돌,안전운전불이행,건조,맑음,교차로 - 교차로부근,승용,여,50세,상해없음,승용,남,55세,경상
2021070800100106,2021년 7월 8일 08시,목요일,인천광역시 미추홀구 문학동,경상사고,0,0,1,0,차대차 - 측면충돌,안전운전불이행,건조,맑음,단일로 - 기타,승용,남,23세,상해없음,승용,여,43세,경상
2021070800100152,2021년 7월 8일 09시,목요일,인천광역시 남동구 간석동,경상사고,0,0,2,0,차대차 - 측면충돌,교차로운행방법위반,건조,맑음,교차로 - 교차로안,이륜,남,51세,기타불명,승용,남,65세,경상
2021070800100222,2021년 7월 8일 11시,목요일,인천광역시 계양구 작전동,경상사고,0,0,2,0,차대차 - 측면충돌,차로위반,건조,맑음,교차로 - 교차로안,화물,남,40세,상해없음,승용,여,52세,경상
2021070800100249,2021년 7월 8일 12시,목요일,인천광역시 중구 전동,경상사고,0,0,2,0,차대차 - 추돌,안전운전불이행,건조,맑음,단일로 - 기타,승용,남,61세,상해없음,승용,여,38세,경상
2021070800100286,2021년 7월 8일 13시,목요일,인천광역시 부평구 청천동,경상사고,0,0,3,0,차대차 - 추돌,안전거리미확보,건조,맑음,교차로 - 교차로안,승용,남,28세,상해없음,승용,여,53세,경상
2021070800100312,2021년 7월 8일 14시,목요일,인천광역시 부평구 십정동,경상사고,0,0,2,0,차대차 - 측면충돌,안전운전불이행,건조,맑음,단일로 - 기타,승용,남,69세,상해없음,승용,여,42세,경상
2021070800100345,2021년 7월 8일 15시,목요일,인천광역시 미추홀구 숭의동,경상사고,0,0,1,0,차량단독 - 기타,기타,건조,맑음,교차로 - 교차로부근,승합,남,50세,상해없음,,,,
2021070800100346,2021년 7월 8일 15시,목요일,인천광역시 서구 불로동,경상사고,0,0,1,0,차대차 - 측면충돌,신호위반,건조,맑음,교차로 - 교차로안,승용,여,56세,상해없음,이륜,남,36세,경상
2021070800100347,2021년 7월 8일 15시,목요일,인천광역시 연수구 연수동,중상사고,0,1,0,0,차대차 - 측면충돌,교차로운행방법위반,건조,맑음,교차로 - 교차로안,승용,남,50세,상해없음,이륜,남,54세,중상
2021070800100384,2021년 7월 8일 16시,목요일,인천광역시 서구 가정동,경상사고,0,0,2,0,차대차 - 측면충돌,안전운전불이행,건조,맑음,교차로 - 교차로안,승용,여,60세,상해없음,승용,남,25세,경상
2021070800100420,2021년 7월 8일 17시,목요일,인천광역시 부평구 갈산동,경상사고,0,0,1,0,차대차 - 기타,안전운전불이행,건조,맑음,기타 - 기타,승용,남,47세,상해없음,승합,남,60세,경상
2021070800100462,2021년 7월 8일 18시,목요일,인천광역시 계양구 작전동,경상사고,0,0,1,0,차대차 - 측면충돌,안전거리미확보,건조,맑음,교차로 - 교차로부근,이륜,남,35세,경상,승용,여,24세,상해없음
2021070800100493,2021년 7월 8일 19시,목요일,인천광역시 서구 신현동,경상사고,0,0,1,0,차대사람 - 기타,안전운전불이행,건조,맑음,기타 - 기타,이륜,남,31세,상해없음,보행자,여,13세,경상
2021070800100526,2021년 7월 8일 20시,목요일,인천광역시 미추홀구 용현동,경상사고,0,0,1,0,차대차 - 기타,중앙선침범,건조,맑음,단일로 - 기타,승용,남,58세,상해없음,승용,남,48세,경상
2021070800100527,2021년 7월 8일 20시,목요일,인천광역시 부평구 부평동,중상사고,0,1,0,0,차대차 - 측면충돌,안전운전불이행,건조,맑음,교차로 - 교차로안,이륜,남,42세,상해없음,자전거,남,67세,중상
2021070800100555,2021년 7월 8일 21시,목요일,인천광역시 서구 석남동,경상사고,0,0,1,0,차대사람 - 기타,안전운전불이행,건조,맑음,단일로 - 기타,승용,여,39세,상해없음,보행자,여,48세,경상
2021070900100047,2021년 7월 9일 06시,금요일,인천광역시 부평구 부평동,사망사고,1,0,0,0,차대차 - 측면충돌,신호위반,건조,맑음,교차로 - 교차로안,이륜,남,28세,사망,승용,남,68세,상해없음