사고번호,사고일시,요일,시군구,사고내용,사망자수,중상자수,경상자수,부상신고자수,사고유형,법규위반,노면상태,기상상태,도로형태,가해운전자 차종,가해운전자 성별,가해운전자 연령,가해운전자 상해정도,피해운전자 차종,피해운전자 성별,피해운전자 연령,피해운전자 상해정도
2021070900100059,2021년 7월 9일 07시,금요일,인천광역시 부평구 갈산동,경상사고,0,0,1,0,차대차 - 정면충돌,안전운전불이행,건조,흐림,교차로 - 교차로부근,승용,남,70세,상해없음,승용,남,42세,경상
2021070900100119,2021년 7월 9일 09시,금요일,인천광역시 부평구 삼산동,경상사고,0,0,1,0,차대차 - 기타,안전운전불이행,건조,맑음,교차로 - 교차로부근,승용,여,35세,기타불명,승합,남,65세,상해없음
2021070900100161,2021년 7월 9일 10시,금요일,인천광역시 서구 가정동,경상사고,0,0,1,0,차대차 - 측면충돌,안전운전불이행,건조,맑음,단일로 - 기타,화물,남,22세,상해없음,화물,남,55세,경상
2021070900100188,2021년 7월 9일 11시,금요일,인천광역시 남동구 장수동,경상사고,0,0,2,0,차대차 - 측면충돌,안전운전불이행,건조,맑음,단일로 - 기타,승용,남,30세,상해없음,승용,남,67세,경상
2021070900100219,2021년 7월 9일 12시,금요일,인천광역시 계양구 효성동,경상사고,0,0,1,0,차대사람 - 보도통행중,안전운전불이행,건조,맑음,교차로 - 교차로횡단보도내,승합,남,52세,기타불명,보행자,남,31세,경상
2021070900100251,2021년 7월 9일 13시,금요일,인천광역시 미추홀구 주안동,경상사고,0,0,1,0,차대차 - 측면충돌,안전운전불이행,건조,맑음,단일로 - 기타,승용,남,65세,상해없음,승용,여,44세,경상
2021070900100289,2021년 7월 9일 14시,금요일,인천광역시 부평구 청천동,중상사고,0,1,0,0,차대차 - 기타,안전운전불이행,건조,맑음,단일로 - 기타,승용,남,36세,상해없음,자전거,여,61세,중상
2021070900100290,2021년 7월 9일 14시,금요일,인천광역시 부평구 부평동,경상사고,0,0,1,0,차대차 - 측면충돌,신호위반,건조,맑음,교차로 - 교차로부근,특수,남,46세,상해없음,승용,여,42세,경상
2021070900100330,2021년 7월 9일 15시,금요일,인천광역시 서구 청라동,중상사고,0,1,2,0,차대차 - 추돌,안전운전불이행,건조,맑음,단일로 - 기타,승용,남,43세,상해없음,승용,남,48세,경상
2021070900100377,2021년 7월 9일 16시,금요일,인천광역시 서구 시천동,경상사고,0,0,1,0,차대차 - 기타,안전운전불이행,건조,맑음,단일로 - 기타,승용,여,34세,상해없음,승용,남,37세,경상
2021070900100416,2021년 7월 9일 17시,금요일,인천광역시 중구 신흥동3가,사망사고,1,0,0,0,차대차 - 측면충돌,기타,건조,맑음,단일로 - 기타,특수,남,54세,상해없음,자전거,남,66세,사망
2021070900100417,2021년 7월 9일 17시,금요일,인천광역시 미추홀구 문학동,경상사고,0,0,2,0,차대차 - 추돌,안전운전불이행,건조,맑음,단일로 - 기타,승용,남,22세,기타불명,승용,여,61세,경상
2021070900100464,2021년 7월 9일 18시,금요일,인천광역시 동구 송림동,경상사고,0,0,1,0,차대차 - 정면충돌,안전운전불이행,건조,맑음,교차로 - 교차로안,승용,남,24세,상해없음,이륜,남,64세,경상
2021070900100513,2021년 7월 9일 19시,금요일,인천광역시 남동구 만수동,경상사고,0,0,1,0,차대차 - 측면충돌,안전운전불이행,건조,흐림,단일로 - 기타,승합,남,61세,상해없음,승용,남,45세,상해없음
2021070900100550,2021년 7월 9일 20시,금요일,인천광역시 중구 덕교동,경상사고,0,0,1,0,차대차 - 정면충돌,신호위반,건조,맑음,교차로 - 교차로안,승용,남,22세,상해없음,승용,남,37세,경상
2021070900100551,2021년 7월 9일 20시,금요일,인천광역시 서구 청라동,중상사고,0,1,0,0,차대차 - 추돌,신호위반,건조,맑음,교차로 - 교차로안,승용,남,51세,상해없음,이륜,남,27세,중상
2021070900100578,2021년 7월 9일 21시,금요일,인천광역시 중구 중산동,경상사고,0,0,1,0,차대차 - 정면충돌,신호위반,건조,맑음,교차로 - 교차로안,이륜,남,38세,상해없음,승용,남,49세,경상
2021070900100580,2021년 7월 9일 21시,금요일,인천광역시 계양구 효성동,경상사고,0,0,1,0,차대차 - 추돌,안전운전불이행,건조,맑음,교차로 - 교차로부근,승용,남,41세,상해없음,승용,남,24세,경상
2021070900100582,2021년 7월 9일 21시,금요일,인천광역시 서구 오류동,경상사고,0,0,1,0,차대차 - 추돌,안전거리미확보,건조,맑음,단일로 - 교량,승용,남,61세,상해없음,승용,남,39세,경상
2021070900100613,2021년 7월 9일 22시,금요일,인천광역시 남동구 간석동,중상사고,0,1,1,0,차대차 - 추돌,안전운전불이행,건조,맑음,단일로 - 기타,승용,남,37세,상해없음,승합,남,48세,상해없음
2021070900100614,2021년 7월 9일 22시,금요일,인천광역시 남동구 만수동,경상사고,0,0,1,0,차대차 - 측면충돌,기타,건조,맑음,교차로 - 교차로안,개인형이동수단(PM),남,21세,경상,기타불명,기타불명,미분류,기타불명
2021070900100615,2021년 7월 9일 22시,금요일,인천광역시 계양구 계산동,경상사고,0,0,1,0,차대차 - 측면충돌,안전운전불이행,건조,맑음,교차로 - 교차로부근,승용,여,66세,상해없음,자전거,남,17세,경상
2021070900100646,2021년 7월 9일 23시,금요일,인천광역시 중구 을왕동,경상사고,0,0,2,0,차대차 - 측면충돌,안전운전불이행,건조,맑음,교차로 - 교차로부근,승용,남,35세,상해없음,승용,남,35세,경상
2021070900100647,2021년 7월 9일 23시,금요일,인천광역시 서구 석남동,경상사고,0,0,1,0,차대차 - 정면충돌,안전운전불이행,건조,맑음,교차로 - 교차로안,승용,남,66세,상해없음,이륜,남,23세,경상
2021071000100038,2021년 7월 10일 01시,토요일,인천광역시 서구 경서동,경상사고,0,0,2,0,차대차 - 기타,안전거리미확보,건조,맑음,기타 - 기타,승용,남,37세,상해없음,승용,남,24세,경상
2021071000100047,2021년 7월 10일 02시,토요일,인천광역시 미추홀구 주안동,경상사고,0,0,1,0,차대차 - 측면충돌,안전운전불이행,건조,맑음,단일로 - 기타,승용,남,29세,상해없음,승용,여,24세,경상
2021071000100048,2021년 7월 10일 02시,토요일,인천광역시 미추홀구 주안동,경상사고,0,0,1,0,차대차 - 측면충돌,안전운전불이행,건조,맑음,교차로 - 교차로안,승용,남,37세,상해없음,승용,남,32세,경상
2021071000100079,2021년 7월 10일 06시,토요일,인천광역시 미추홀구 도화동,중상사고,0,1,0,0,차대차 - 측면충돌,신호위반,건조,맑음,교차로 - 교차로안,화물,남,66세,기타불명,승용,남,46세,중상
2021071000100091,2021년 7월 10일 07시,토요일,인천광역시 미추홀구 용현동,경상사고,0,0,2,0,차대차 - 추돌,안전운전불이행,건조,맑음,단일로 - 기타,승용,남,71세,상해없음,승용,남,33세,경상
2021071000100178,2021년 7월 10일 10시,토요일,인천광역시 미추홀구 숭의동,경상사고,0,0,1,0,차대차 - 측면충돌,안전운전불이행,건조,맑음,기타 - 기타,승용,남,55세,상해없음,승용,여,60세,경상
2021071000100179,2021년 7월 10일 10시,토요일,인천광역시 강화군 길상면,중상사고,0,1,0,0,차대차 - 측면충돌,안전운전불이행,건조,맑음,교차로 - 교차로안,승용,남,31세,상해없음,화물,남,59세,중상
2021071000100223,2021년 7월 10일 11시,토요일,인천광역시 강화군 양도면,중상사고,0,3,3,0,차대차 - 정면충돌,중앙선침범,건조,맑음,단일로 - 지하차도(도로)내,승용,여,57세,상해없음,화물,남,60세,중상
2021071000100272,2021년 7월 10일 12시,토요일,인천광역시 부평구 산곡동,경상사고,0,0,1,0,차대차 - 측면충돌,안전거리미확보,건조,맑음,교차로 - 교차로부근,승용,남,46세,상해없음,이륜,남,39세,경상
2021071000100273,2021년 7월 10일 12시,토요일,인천광역시 서구 가정동,중상사고,0,2,2,0,차대사람 - 기타,안전운전불이행,건조,맑음,교차로 - 교차로부근,승용,여,41세,상해없음,보행자,여,56세,중상
2021071000100274,2021년 7월 10일 12시,토요일,인천광역시 부평구 부평동,부상신고사고,0,0,0,1,차대사람 - 기타,안전운전불이행,건조,맑음,단일로 - 기타,화물,남,49세,상해없음,보행자,여,50세,부상신고
2021071000100378,2021년 7월 10일 15시,토요일,인천광역시 중구 신흥동3가,경상사고,0,0,1,0,차대차 - 추돌,안전운전불이행,건조,맑음,교차로 - 교차로안,승용,남,53세,상해없음,승용,여,41세,경상
2021071000100452,2021년 7월 10일 17시,토요일,인천광역시 계양구 계산동,부상신고사고,0,0,0,1,차대사람 - 기타,안전운전불이행,건조,맑음,미분류 - 미분류,자전거,남,66세,상해없음,보행자,여,65세,부상신고
2021071000100453,2021년 7월 10일 17시,토요일,인천광역시 계양구 작전동,경상사고,0,0,1,0,차대사람 - 차도통행중,안전운전불이행,건조,맑음,단일로 - 기타,기타불명,기타불명,미분류,기타불명,보행자,여,18세,경상
2021071000100454,2021년 7월 10일 17시,토요일,인천광역시 남동구 논현동,중상사고,0,1,0,0,차대사람 - 횡단중,보행자보호의무위반,건조,맑음,교차로 - 교차로부근,이륜,남,37세,상해없음,보행자,여,46세,중상
2021071000100515,2021년 7월 10일 19시,토요일,인천광역시 연수구 청학동,경상사고,0,0,1,0,차대차 - 기타,중앙선침범,건조,맑음,단일로 - 기타,승합,남,38세,상해없음,승용,여,39세,경상
2021071000100547,2021년 7월 10일 20시,토요일,인천광역시 부평구 부평동,경상사고,0,0,1,0,차대차 - 측면충돌,안전운전불이행,건조,맑음,단일로 - 기타,이륜,남,52세,상해없음,자전거,남,18세,경상
2021071000100612,2021년 7월 10일 23시,토요일,인천광역시 동구 송림동,경상사고,0,0,2,0,차대사람 - 차도통행중,안전운전불이행,건조,맑음,단일로 - 지하차도(도로)내,이륜,남,20세,상해없음,보행자,여,18세,경상
2021071000100613,2021년 7월 10일 23시,토요일,인천광역시 부평구 청천동,경상사고,0,0,2,0,차대차 - 추돌,안전운전불이행,건조,맑음,단일로 - 기타,승용,남,37세,상해없음,승용,남,31세,경상
2021071100100017,2021년 7월 11일 01시,일요일,인천광역시 부평구 십정동,경상사고,0,0,1,0,차대차 - 추돌,안전운전불이행,건조,맑음,단일로 - 기타,승용,남,40세,상해없음,승용,남,51세,경상
2021071100100018,2021년 7월 11일 01시,일요일,인천광역시 서구 청라동,사망사고,1,0,0,0,차량단독 - 전도전복 - 전도,안전운전불이행,건조,맑음,단일로 - 기타,자전거,남,51세,사망,,,,
2021071100100096,2021년 7월 11일 11시,일요일,인천광역시 서구 청라동,경상사고,0,0,1,0,차대차 - 추돌,안전운전불이행,젖음/습기,흐림,교차로 - 교차로부근,승용,여,24세,상해없음,승용,여,37세,경상
2021071100100120,2021년 7월 11일 12시,일요일,인천광역시 계양구 계산동,경상사고,0,0,1,0,차대차 - 측면충돌,안전거리미확보,건조,맑음,단일로 - 기타,승용,남,31세,상해없음,승용,남,49세,경상
2021071100100121,2021년 7월 11일 12시,일요일,인천광역시 부평구 구산동,경상사고,0,0,1,0,차대차 - 측면충돌,안전운전불이행,건조,맑음,교차로 - 교차로안,승용,여,46세,상해없음,승용,남,28세,경상
2021071100100153,2021년 7월 11일 13시,일요일,인천광역시 미추홀구 주안동,중상사고,0,1,0,0,차대사람 - 기타,안전운전불이행,건조,맑음,단일로 - 기타,승용,남,62세,기타불명,보행자,여,24세,중상
2021071100100243,2021년 7월 11일 16시,일요일,인천광역시 서구 가정동,경상사고,0,0,1,0,차대차 - 후진중충돌,안전운전불이행,건조,맑음,교차로 - 교차로부근,승용,남,62세,상해없음,승용,남,67세,경상
2021071100100244,2021년 7월 11일 16시,일요일,인천광역시 연수구 송도동,경상사고,0,0,2,0,차대차 - 측면충돌,안전운전불이행,건조,맑음,단일로 - 기타,승용,남,26세,상해없음,승용,남,60세,경상
2021071100100245,2021년 7월 11일 16시,일요일,인천광역시 남동구 논현동,중상사고,0,1,0,0,차대차 - 측면충돌,신호위반,건조,맑음,단일로 - 기타,승용,남,68세,상해없음,자전거,남,11세,중상
2021071100100307,2021년 7월 11일 18시,일요일,인천광역시 부평구 부평동,부상신고사고,0,0,0,1,차대사람 - 기타,안전운전불이행,건조,맑음,단일로 - 기타,승용,남,18세,상해없음,보행자,남,28세,부상신고
2021071100100386,2021년 7월 11일 21시,일요일,인천광역시 남동구 논현동,경상사고,0,0,1,0,차대차 - 측면충돌,신호위반,건조,맑음,교차로 - 교차로안,승용,여,50세,상해없음,승용,남,64세,경상
2021071100100398,2021년 7월 11일 22시,일요일,인천광역시 남동구 구월동,경상사고,0,0,1,0,차대차 - 정면충돌,안전운전불이행,건조,맑음,단일로 - 기타,승용,남,32세,상해없음,승용,남,64세,경상
2021071100100399,2021년 7월 11일 22시,일요일,인천광역시 연수구 청학동,경상사고,0,0,1,0,차대차 - 측면충돌,신호위반,건조,맑음,교차로 - 교차로부근,승용,남,21세,상해없음,승용,남,24세,경상
2021071200100004,2021년 7월 12일 00시,월요일,인천광역시 서구 석남동,경상사고,0,0,2,0,차대차 - 추돌,안전운전불이행,건조,맑음,단일로 - 기타,승용,남,36세,상해없음,승용,남,62세,경상
2021071200100005,2021년 7월 12일 00시,월요일,인천광역시 서구 석남동,중상사고,0,1,0,0,차대사람 - 횡단중,신호위반,건조,맑음,교차로 - 교차로횡단보도내,승용,여,49세,상해없음,보행자,남,24세,중상
2021071200100022,2021년 7월 12일 05시,월요일,인천광역시 서구 청라동,경상사고,0,0,1,0,차대차 - 추돌,안전운전불이행,건조,맑음,교차로 - 교차로부근,승용,남,33세,상해없음,승합,남,69세,경상
2021071200100023,2021년 7월 12일 05시,월요일,인천광역시 연수구 연수동,중상사고,0,2,2,0,차대차 - 추돌,안전운전불이행,젖음/습기,흐림,교차로 - 교차로안,승용,여,30세,상해없음,승용,남,27세,중상
2021071200100031,2021년 7월 12일 06시,월요일,인천광역시 남동구 간석동,경상사고,0,0,1,0,차대사람 - 길가장자리구역통행중,안전운전불이행,건조,맑음,교차로 - 교차로부근,승용,여,22세,상해없음,보행자,여,17세,경상
2021071200100032,2021년 7월 12일 06시,월요일,인천광역시 서구 경서동,경상사고,0,0,2,0,차대차 - 측면충돌,안전거리미확보,건조,흐림,단일로 - 교량,화물,남,61세,상해없음,승용,남,30세,경상
2021071200100080,2021년 7월 12일 08시,월요일,인천광역시 서구 가좌동,경상사고,0,0,2,0,차대차 - 기타,신호위반,건조,맑음,단일로 - 기타,이륜,남,29세,경상,승용,여,43세,경상
2021071200100081,2021년 7월 12일 08시,월요일,인천광역시 계양구 효성동,경상사고,0,0,1,0,차대사람 - 횡단중,안전운전불이행,건조,맑음,기타 - 기타,승용,남,68세,기타불명,보행자,남,73세,경상
2021071200100110,2021년 7월 12일 09시,월요일,인천광역시 부평구 삼산동,경상사고,0,0,4,0,차대차 - 측면충돌,기타,건조,맑음,단일로 - 기타,승용,여,68세,상해없음,승용,여,27세,경상
2021071200100139,2021년 7월 12일 10시,월요일,인천광역시 서구 경서동,중상사고,0,1,0,0,차대차 - 측면충돌,안전운전불이행,건조,맑음,교차로 - 교차로안,승용,남,41세,상해없음,승용,여,54세,중상
2021071200100167,2021년 7월 12일 11시,월요일,인천광역시 부평구 청천동,경상사고,0,0,1,0,차대차 - 추돌,안전운전불이행,건조,맑음,교차로 - 교차로부근,승용,여,36세,상해없음,승용,남,25세,경상
2021071200100168,2021년 7월 12일 11시,월요일,인천광역시 부평구 삼산동,경상사고,0,0,2,0,차대차 - 기타,신호위반,건조,맑음,교차로 - 교차로안,이륜,남,59세,기타불명,승용,남,34세,경상
2021071200100169,2021년 7월 12일 11시,월요일,인천광역시 부평구 부평동,경상사고,0,0,1,0,차대차 - 측면충돌,안전운전불이행,건조,맑음,단일로 - 기타,승용,남,77세,상해없음,승용,남,25세,경상
2021071200100208,2021년 7월 12일 12시,월요일,인천광역시 남동구 고잔동,경상사고,0,0,3,0,차대차 - 측면충돌,안전거리미확보,건조,맑음,단일로 - 기타,화물,남,58세,상해없음,승용,남,25세,경상
2021071200100240,2021년 7월 12일 13시,월요일,인천광역시 미추홀구 학익동,중상사고,0,1,1,0,차대차 - 측면충돌,신호위반,건조,맑음,교차로 - 교차로부근,이륜,남,72세,중상,승용,여,45세,경상
2021071200100241,2021년 7월 12일 13시,월요일,인천광역시 미추홀구 용현동,경상사고,0,0,1,0,차대사람 - 횡단중,안전운전불이행,건조,맑음,단일로 - 기타,승용,남,81세,상해없음,보행자,남,10세,경상
2021071200100319,2021년 7월 12일 15시,월요일,인천광역시 부평구 부평동,경상사고,0,0,2,0,차대차 - 측면충돌,안전운전불이행,건조,맑음,교차로 - 교차로안,승용,여,61세,상해없음,승용,남,28세,경상
2021071200100372,2021년 7월 12일 16시,월요일,인천광역시 부평구 청천동,경상사고,0,0,1,0,차대차 - 측면충돌,신호위반,건조,맑음,교차로 - 교차로안,승용,남,21세,기타불명,승용,남,38세,경상
2021071200100420,2021년 7월 12일 17시,월요일,인천광역시 남동구 만수동,경상사고,0,0,1,0,차대사람 - 길가장자리구역통행중,안전운전불이행,건조,맑음,단일로 - 기타,승용,남,47세,상해없음,보행자,남,23세,경상
2021071200100495,2021년 7월 12일 19시,월요일,인천광역시 미추홀구 관교동,경상사고,0,0,2,0,차대차 - 측면충돌,교차로운행방법위반,건조,맑음,교차로 - 교차로안,승용,남,38세,상해없음,승용,여,19세,경상
2021071200100518,2021년 7월 12일 20시,월요일,인천광역시 서구 청라동,경상사고,0,0,2,0,차대사람 - 횡단중,보행자보호의무위반,건조,맑음,교차로 - 교차로횡단보도내,승용,여,44세,상해없음,보행자,여,28세,경상
2021071200100519,2021년 7월 12일 20시,월요일,인천광역시 부평구 부개동,경상사고,0,0,1,0,차대차 - 기타,안전운전불이행,건조,맑음,단일로 - 기타,이륜,남,36세,경상,승합,여,49세,상해없음
2021071200100543,2021년 7월 12일 21시,월요일,인천광역시 동구 화수동,중상사고,0,1,0,0,차대사람 - 기타,안전운전불이행,건조,맑음,교차로 - 교차로안,승용,남,47세,상해없음,보행자,여,55세,중상
2021071200100544,2021년 7월 12일 21시,월요일,인천광역시 미추홀구 학익동,중상사고,0,1,0,0,차대차 - 기타,신호위반,건조,맑음,교차로 - 교차로안,승용,남,25세,상해없음,이륜,남,18세,중상
2021071200100545,2021년 7월 12일 21시,월요일,인천광역시 부평구 부평동,경상사고,0,0,1,0,차대사람 - 기타,안전운전불이행,건조,맑음,단일로 - 기타,화물,남,28세,상해없음,보행자,남,24세,경상
2021071200100564,2021년 7월 12일 22시,월요일,인천광역시 부평구 십정동,부상신고사고,0,0,0,1,차대사람 - 횡단중,안전운전불이행,건조,맑음,단일로 - 지하차도(도로)내,기타불명,기타불명,미분류,기타불명,보행자,남,47세,부상신고
2021071200100565,2021년 7월 12일 22시,월요일,인천광역시 계양구 작전동,경상사고,0,0,1,0,차대차 - 측면충돌,안전운전불이행,건조,맑음,단일로 - 기타,승용,남,25세,기타불명,승용,남,20세,경상
2021071300100007,2021년 7월 13일 00시,화요일,인천광역시 중구 운서동,경상사고,0,0,1,0,차대차 - 측면충돌,교차로운행방법위반,건조,맑음,단일로 - 기타,승용,남,21세,상해없음,승용,남,21세,경상
2021071300100029,2021년 7월 13일 04시,화요일,인천광역시 미추홀구 주안동,경상사고,0,0,2,0,차대차 - 측면충돌,중앙선침범,건조,맑음,교차로 - 교차로부근,승용,남,43세,상해없음,승용,여,33세,경상
2021071300100047,2021년 7월 13일 06시,화요일,인천광역시 부평구 부개동,중상사고,0,1,0,0,차대차 - 측면충돌,안전운전불이행,건조,맑음,교차로 - 교차로부근,승용,남,77세,기타불명,승용,여,45세,중상
2021071300100150,2021년 7월 13일 09시,화요일,인천광역시 서구 석남동,경상사고,0,0,2,0,차대차 - 추돌,신호위반,건조,맑음,단일로 - 교량,화물,남,71세,상해없음,승용,여,69세,경상
2021071300100151,2021년 7월 13일 09시,화요일,인천광역시 연수구 송도동,경상사고,0,0,2,0,차대차 - 측면충돌,신호위반,건조,맑음,교차로 - 교차로안,승용,남,34세,상해없음,화물,남,41세,경상
2021071300100279,2021년 7월 13일 13시,화요일,인천광역시 부평구 부평동,경상사고,0,0,1,0,차량단독 - 기타,안전운전불이행,건조,맑음,단일로 - 기타,승합,남,67세,상해없음,,,,
2021071300100280,2021년 7월 13일 13시,화요일,인천광역시 남동구 만수동,경상사고,0,0,1,0,차대사람 - 횡단중,신호위반,건조,맑음,교차로 - 교차로부근,이륜,남,35세,상해없음,보행자,여,51세,경상
2021071300100281,2021년 7월 13일 13시,화요일,인천광역시 서구 왕길동,중상사고,0,1,0,0,차대차 - 측면충돌,안전운전불이행,건조,맑음,교차로 - 교차로부근,승용,여,41세,상해없음,화물,남,41세,중상
2021071300100282,2021년 7월 13일 13시,화요일,인천광역시 남동구 논현동,경상사고,0,0,1,0,차대차 - 후진중충돌,안전운전불이행,건조,맑음,교차로 - 교차로부근,승용,여,66세,상해없음,승용,여,49세,경상
2021071300100318,2021년 7월 13일 14시,화요일,인천광역시 동구 송림동,경상사고,0,0,1,0,차대차 - 측면충돌,중앙선침범,건조,맑음,교차로 - 교차로부근,승용,남,51세,상해없음,화물,남,60세,경상
2021071300100319,2021년 7월 13일 14시,화요일,인천광역시 남동구 서창동,중상사고,0,1,0,0,차대차 - 정면충돌,신호위반,건조,맑음,교차로 - 교차로안,이륜,남,54세,상해없음,자전거,남,15세,중상
2021071300100411,2021년 7월 13일 16시,화요일,인천광역시 미추홀구 학익동,경상사고,0,0,1,0,차대차 - 측면충돌,안전운전불이행,건조,맑음,교차로 - 교차로안,승용,남,55세,상해없음,승용,남,50세,경상
2021071300100412,2021년 7월 13일 16시,화요일,인천광역시 부평구 갈산동,경상사고,0,0,1,0,차대차 - 정면충돌,안전거리미확보,건조,맑음,교차로 - 교차로안,승용,남,42세,상해없음,승용,남,38세,경상
2021071300100413,2021년 7월 13일 16시,화요일,인천광역시 남동구 고잔동,경상사고,0,0,3,0,차대차 - 측면충돌,안전운전불이행,건조,맑음,단일로 - 지하차도(도로)내,건설기계,남,50세,상해없음,화물,남,70세,경상
2021071300100464,2021년 7월 13일 17시,화요일,인천광역시 연수구 동춘동,경상사고,0,0,1,0,차대차 - 측면충돌,안전거리미확보,건조,맑음,단일로 - 지하차도(도로)내,특수,남,57세,기타불명,승용,남,55세,경상
2021071300100520,2021년 7월 13일 18시,화요일,인천광역시 서구 오류동,경상사고,0,0,2,0,차대차 - 기타,신호위반,건조,맑음,교차로 - 교차로안,승용,여,21세,경상,승합,남,59세,경상
2021071300100543,2021년 7월 13일 19시,화요일,인천광역시 계양구 작전동,경상사고,0,0,2,0,차대차 - 기타,안전거리미확보,건조,맑음,단일로 - 기타,승용,여,52세,상해없음,승합,남,52세,경상
2021071300100544,2021년 7월 13일 19시,화요일,인천광역시 계양구 작전동,경상사고,0,0,2,0,차대차 - 측면충돌,안전운전불이행,건조,맑음,교차로 - 교차로부근,승용,남,22세,경상,승용,남,38세,경상
2021071300100607,2021년 7월 13일 21시,화요일,인천광역시 계양구 임학동,경상사고,0,0,2,0,차대차 - 측면충돌,안전운전불이행,건조,맑음,교차로 - 교차로안,승용,남,53세,상해없음,승용,남,31세,경상
2021071300100608,2021년 7월 13일 21시,화요일,인천광역시 부평구 부평동,경상사고,0,0,1,0,차대차 - 측면충돌,안전운전불이행,건조,맑음,교차로 - 교차로안,승용,남,40세,상해없음,승용,남,26세,경상
2021071300100609,2021년 7월 13일 21시,화요일,인천광역시 남동구 논현동,경상사고,0,0,3,0,차대차 - 측면충돌,신호위반,건조,맑음,교차로 - 교차로횡단보도내,승용,여,46세,경상,승합,남,54세,경상
2021071300100625,2021년 7월 13일 22시,화요일,인천광역시 서구 왕길동,경상사고,0,0,2,0,차대차 - 기타,안전운전불이행,건조,맑음,단일로 - 기타,승용,여,65세,상해없음,승용,여,49세,경상
2021071400100061,2021년 7월 14일 06시,수요일,인천광역시 서구 청라동,중상사고,0,1,0,0,차대차 - 추돌,안전운전불이행,건조,맑음,교차로 - 교차로안,승용,남,51세,상해없음,승용,남,38세,중상
2021071400100112,2021년 7월 14일 08시,수요일,인천광역시 서구 연희동,경상사고,0,0,1,0,차대차 - 측면충돌,안전운전불이행,건조,맑음,교차로 - 교차로횡단보도내,승용,여,28세,상해없음,개인형이동수단(PM),남,51세,경상
2021071400100114,2021년 7월 14일 08시,수요일,인천광역시 계양구 작전동,경상사고,0,0,1,0,차대차 - 측면충돌,안전운전불이행,건조,맑음,교차로 - 교차로안,특수,남,43세,기타불명,승용,남,30세,경상
2021071400100158,2021년 7월 14일 10시,수요일,인천광역시 계양구 동양동,경상사고,0,0,1,0,차대차 - 정면충돌,안전운전불이행,건조,맑음,교차로 - 교차로안,승용,남,24세,상해없음,화물,남,67세,경상
2021071400100191,2021년 7월 14일 11시,수요일,인천광역시 중구 항동7가,경상사고,0,0,1,0,차대차 - 추돌,안전운전불이행,건조,맑음,교차로 - 교차로부근,화물,남,42세,상해없음,특수,남,41세,경상
2021071400100192,2021년 7월 14일 11시,수요일,인천광역시 서구 오류동,경상사고,0,0,4,0,차대차 - 추돌,안전운전불이행,건조,맑음,교차로 - 교차로부근,승용,여,31세,상해없음,승용,남,21세,경상
2021071400100234,2021년 7월 14일 12시,수요일,인천광역시 미추홀구 주안동,중상사고,0,1,1,0,차대차 - 추돌,안전운전불이행,건조,맑음,교차로 - 교차로부근,승용,남,20세,상해없음,승용,남,46세,중상
2021071400100263,2021년 7월 14일 13시,수요일,인천광역시 남동구 간석동,경상사고,0,0,1,0,차대차 - 측면충돌,차로위반,건조,맑음,단일로 - 기타,화물,남,22세,상해없음,화물,남,38세,경상
2021071400100376,2021년 7월 14일 16시,수요일,인천광역시 미추홀구 용현동,경상사고,0,0,4,0,차대차 - 측면충돌,안전거리미확보,건조,맑음,단일로 - 기타,승용,남,22세,상해없음,승용,남,58세,경상
2021071400100430,2021년 7월 14일 17시,수요일,인천광역시 중구 신흥동3가,경상사고,0,0,1,0,차대차 - 측면충돌,안전운전불이행,건조,맑음,기타 - 기타,승용,남,27세,상해없음,특수,남,58세,경상
2021071400100431,2021년 7월 14일 17시,수요일,인천광역시 미추홀구 숭의동,경상사고,0,0,1,0,차대차 - 측면충돌,교차로운행방법위반,건조,맑음,교차로 - 교차로안,승용,여,35세,상해없음,화물,남,29세,경상
2021071400100481,2021년 7월 14일 18시,수요일,인천광역시 동구 화평동,사망사고,1,0,0,0,차대사람 - 차도통행중,안전운전불이행,건조,맑음,단일로 - 지하차도(도로)내,승용,여,28세,상해없음,보행자,여,85세,사망
2021071400100482,2021년 7월 14일 18시,수요일,인천광역시 부평구 산곡동,경상사고,0,0,1,0,차대차 - 측면충돌,안전운전불이행,건조,맑음,단일로 - 기타,이륜,남,22세,상해없음,승용,남,23세,경상
2021071400100523,2021년 7월 14일 19시,수요일,인천광역시 서구 석남동,경상사고,0,0,1,0,차대차 - 추돌,신호위반,건조,맑음,교차로 - 교차로부근,승용,남,55세,상해없음,승용,남,23세,경상
2021071400100582,2021년 7월 14일 21시,수요일,인천광역시 중구 항동7가,경상사고,0,0,1,0,차대차 - 추돌,안전운전불이행,건조,맑음,단일로 - 기타,승용,남,55세,상해없음,승용,여,59세,경상
2021071400100583,2021년 7월 14일 21시,수요일,인천광역시 서구 가좌동,경상사고,0,0,1,0,차대사람 - 횡단중,보행자보호의무위반,건조,맑음,단일로 - 기타,화물,남,30세,상해없음,보행자,여,80세,경상
2021071400100601,2021년 7월 14일 22시,수요일,인천광역시 부평구 십정동,경상사고,0,0,1,0,차대차 - 측면충돌,안전운전불이행,건조,맑음,교차로 - 교차로부근,승용,남,65세,상해없음,승용,남,39세,경상