사고번호,사고일시,요일,시군구,사고내용,사망자수,중상자수,경상자수,부상신고자수,사고유형,법규위반,노면상태,기상상태,도로형태,가해운전자 차종,가해운전자 성별,가해운전자 연령,가해운전자 상해정도,피해운전자 차종,피해운전자 성별,피해운전자 연령,피해운전자 상해정도
2021072000100355,2021년 7월 20일 16시,화요일,인천광역시 서구 검암동,경상사고,0,0,1,0,차대사람 - 횡단중,신호위반,건조,맑음,교차로 - 교차로횡단보도내,이륜,남,47세,상해없음,보행자,남,8세,경상
2021072000100356,2021년 7월 20일 16시,화요일,인천광역시 남동구 논현동,경상사고,0,0,1,0,차대사람 - 횡단중,보행자보호의무위반,건조,맑음,교차로 - 교차로횡단보도내,화물,남,60세,상해없음,보행자,여,22세,경상
2021072000100448,2021년 7월 20일 18시,화요일,인천광역시 부평구 삼산동,경상사고,0,0,1,0,차대차 - 기타,안전운전불이행,건조,맑음,교차로 - 교차로안,승용,남,57세,상해없음,자전거,남,11세,경상
2021072000100470,2021년 7월 20일 19시,화요일,인천광역시 미추홀구 주안동,경상사고,0,0,1,0,차대차 - 기타,안전운전불이행,건조,맑음,교차로 - 교차로안,화물,남,39세,상해없음,화물,남,47세,경상
2021072000100471,2021년 7월 20일 19시,화요일,인천광역시 남동구 간석동,중상사고,0,1,0,0,차대차 - 측면충돌,교차로운행방법위반,건조,맑음,교차로 - 교차로횡단보도내,승용,남,70세,상해없음,자전거,남,50세,중상
2021072000100503,2021년 7월 20일 20시,화요일,인천광역시 남동구 만수동,중상사고,0,1,0,0,차대차 - 측면충돌,신호위반,건조,맑음,교차로 - 교차로안,승용,여,33세,상해없음,승용,여,36세,중상
2021072000100531,2021년 7월 20일 21시,화요일,인천광역시 계양구 계산동,경상사고,0,0,2,0,차대차 - 추돌,안전운전불이행,건조,맑음,단일로 - 기타,승용,남,44세,상해없음,승용,남,44세,경상
2021072000100551,2021년 7월 20일 22시,화요일,인천광역시 계양구 귤현동,경상사고,0,0,1,0,차대차 - 측면충돌,직진우회전진행방해,건조,맑음,교차로 - 교차로안,승용,여,54세,상해없음,승용,여,49세,경상
2021072000100561,2021년 7월 20일 23시,화요일,인천광역시 연수구 송도동,경상사고,0,0,1,0,차대사람 - 보도통행중,기타,건조,맑음,기타 - 기타,개인형이동수단(PM),여,15세,상해없음,보행자,여,22세,경상
2021072100100012,2021년 7월 21일 00시,수요일,인천광역시 계양구 작전동,경상사고,0,0,1,0,차대차 - 정면충돌,신호위반,건조,맑음,교차로 - 교차로안,승용,남,20세,상해없음,승용,남,59세,경상
2021072100100043,2021년 7월 21일 06시,수요일,인천광역시 남동구 논현동,경상사고,0,0,1,0,차대차 - 기타,안전운전불이행,건조,맑음,기타 - 기타,승용,남,22세,상해없음,화물,남,52세,경상
2021072100100149,2021년 7월 21일 09시,수요일,인천광역시 계양구 서운동,경상사고,0,0,1,0,차대차 - 측면충돌,안전거리미확보,건조,맑음,단일로 - 기타,승용,여,50세,상해없음,승용,남,39세,경상
2021072100100272,2021년 7월 21일 12시,수요일,인천광역시 연수구 송도동,경상사고,0,0,3,0,차대차 - 측면충돌,안전거리미확보,건조,맑음,단일로 - 기타,승용,남,33세,상해없음,승용,남,35세,경상
2021072100100348,2021년 7월 21일 14시,수요일,인천광역시 미추홀구 주안동,경상사고,0,0,1,0,차대차 - 추돌,안전운전불이행,건조,맑음,단일로 - 기타,화물,남,25세,상해없음,승용,여,34세,경상
2021072100100434,2021년 7월 21일 16시,수요일,인천광역시 남동구 구월동,중상사고,0,1,1,0,차대차 - 정면충돌,중앙선침범,건조,맑음,교차로 - 교차로부근,승용,여,29세,상해없음,승용,여,52세,경상
2021072100100435,2021년 7월 21일 16시,수요일,인천광역시 남동구 장수동,경상사고,0,0,2,0,차대차 - 후진중충돌,안전운전불이행,건조,맑음,교차로 - 교차로안,승용,남,29세,상해없음,승용,남,30세,경상
2021072100100490,2021년 7월 21일 17시,수요일,인천광역시 서구 청라동,경상사고,0,0,2,0,차대차 - 측면충돌,안전운전불이행,건조,맑음,단일로 - 기타,승용,남,51세,경상,화물,남,35세,상해없음
2021072100100491,2021년 7월 21일 17시,수요일,인천광역시 서구 가좌동,중상사고,0,1,0,0,차대차 - 정면충돌,안전운전불이행,건조,맑음,교차로 - 교차로안,승용,남,49세,상해없음,화물,남,49세,중상
2021072100100544,2021년 7월 21일 18시,수요일,인천광역시 계양구 작전동,경상사고,0,0,1,0,차대차 - 기타,안전운전불이행,건조,맑음,단일로 - 기타,기타불명,기타불명,미분류,기타불명,자전거,남,14세,경상
2021072100100545,2021년 7월 21일 18시,수요일,인천광역시 계양구 계산동,경상사고,0,0,2,0,차대차 - 측면충돌,안전운전불이행,건조,맑음,교차로 - 교차로부근,승용,남,29세,경상,이륜,남,27세,경상
2021072100100576,2021년 7월 21일 19시,수요일,인천광역시 미추홀구 관교동,경상사고,0,0,1,0,차대사람 - 횡단중,보행자보호의무위반,건조,맑음,단일로 - 기타,승용,남,57세,상해없음,보행자,여,33세,경상
2021072100100578,2021년 7월 21일 19시,수요일,인천광역시 계양구 장기동,중상사고,0,1,0,0,차대차 - 추돌,안전운전불이행,건조,맑음,단일로 - 기타,자전거,남,33세,상해없음,자전거,여,73세,중상
2021072100100624,2021년 7월 21일 21시,수요일,인천광역시 중구 운남동,경상사고,0,0,2,0,차대차 - 추돌,안전운전불이행,건조,맑음,교차로 - 교차로안,승용,여,22세,상해없음,승용,여,54세,경상
2021072100100625,2021년 7월 21일 21시,수요일,인천광역시 부평구 부개동,경상사고,0,0,1,0,차대차 - 기타,안전운전불이행,건조,맑음,교차로 - 교차로안,승용,남,66세,상해없음,승용,남,62세,경상
2021072100100626,2021년 7월 21일 21시,수요일,인천광역시 남동구 논현동,경상사고,0,0,1,0,차대차 - 추돌,신호위반,건조,맑음,교차로 - 교차로횡단보도내,이륜,남,16세,상해없음,자전거,남,8세,경상
2021072100100658,2021년 7월 21일 22시,수요일,인천광역시 부평구 부평동,부상신고사고,0,0,0,1,차대차 - 측면충돌,안전운전불이행,건조,맑음,교차로 - 교차로안,기타불명,기타불명,미분류,기타불명,자전거,남,67세,부상신고
2021072200100030,2021년 7월 22일 04시,목요일,인천광역시 강화군 길상면,경상사고,0,0,1,0,차대차 - 추돌,안전운전불이행,건조,흐림,단일로 - 교량,승용,남,80세,상해없음,승용,남,59세,경상
2021072200100106,2021년 7월 22일 08시,목요일,인천광역시 부평구 십정동,경상사고,0,0,1,1,차대차 - 기타,기타,건조,맑음,교차로 - 교차로부근,이륜,남,27세,부상신고,이륜,남,28세,경상
2021072200100141,2021년 7월 22일 09시,목요일,인천광역시 남동구 구월동,경상사고,0,0,1,0,차대차 - 측면충돌,안전거리미확보,건조,맑음,교차로 - 교차로부근,화물,남,70세,상해없음,승용,여,57세,경상
2021072200100172,2021년 7월 22일 10시,목요일,인천광역시 계양구 계산동,경상사고,0,0,2,0,차대차 - 추돌,안전운전불이행,건조,맑음,단일로 - 기타,승용,남,19세,기타불명,화물,남,38세,경상
2021072200100173,2021년 7월 22일 10시,목요일,인천광역시 강화군 내가면,경상사고,0,0,1,0,차대차 - 측면충돌,안전운전불이행,건조,맑음,단일로 - 지하차도(도로)내,승용,남,74세,상해없음,승용,여,55세,경상
2021072200100204,2021년 7월 22일 11시,목요일,인천광역시 부평구 부평동,경상사고,0,0,1,0,차대차 - 기타,신호위반,건조,맑음,교차로 - 교차로안,승용,여,52세,상해없음,이륜,남,41세,경상
2021072200100285,2021년 7월 22일 13시,목요일,인천광역시 미추홀구 문학동,경상사고,0,0,1,0,차대차 - 측면충돌,안전운전불이행,건조,맑음,교차로 - 교차로안,승용,여,40세,상해없음,승용,남,57세,경상
2021072200100286,2021년 7월 22일 13시,목요일,인천광역시 부평구 구산동,경상사고,0,0,4,0,차대차 - 측면충돌,교차로운행방법위반,건조,맑음,교차로 - 교차로안,승용,남,26세,상해없음,승용,여,63세,경상
2021072200100325,2021년 7월 22일 14시,목요일,인천광역시 중구 운서동,경상사고,0,0,1,0,차대차 - 후진중충돌,안전운전불이행,건조,맑음,교차로 - 교차로부근,승용,여,68세,상해없음,승용,남,29세,경상
2021072200100326,2021년 7월 22일 14시,목요일,인천광역시 서구 가좌동,경상사고,0,0,3,0,차대차 - 측면충돌,안전운전불이행,건조,맑음,교차로 - 교차로안,화물,여,64세,상해없음,승용,남,35세,경상
2021072200100379,2021년 7월 22일 15시,목요일,인천광역시 서구 청라동,경상사고,0,0,2,0,차대차 - 기타,신호위반,건조,맑음,교차로 - 교차로안,승용,여,60세,상해없음,승용,남,35세,경상
2021072200100380,2021년 7월 22일 15시,목요일,인천광역시 부평구 구산동,경상사고,0,0,2,0,차대차 - 측면충돌,안전거리미확보,건조,맑음,단일로 - 기타,승용,남,56세,상해없음,승용,여,29세,경상
2021072200100460,2021년 7월 22일 17시,목요일,인천광역시 계양구 작전동,경상사고,0,0,2,0,차대차 - 측면충돌,안전거리미확보,건조,맑음,단일로 - 기타,승합,남,18세,상해없음,승용,남,30세,경상
2021072200100503,2021년 7월 22일 18시,목요일,인천광역시 남동구 구월동,경상사고,0,0,1,0,차대사람 - 보도통행중,기타,건조,맑음,단일로 - 기타,원동기,남,54세,기타불명,보행자,여,55세,경상
2021072200100504,2021년 7월 22일 18시,목요일,인천광역시 남동구 구월동,경상사고,0,0,1,0,차대차 - 후진중충돌,안전운전불이행,건조,맑음,교차로 - 교차로부근,승용,남,62세,상해없음,이륜,남,31세,경상
2021072200100505,2021년 7월 22일 18시,목요일,인천광역시 서구 공촌동,경상사고,0,0,5,0,차대차 - 측면충돌,신호위반,건조,맑음,교차로 - 교차로안,이륜,남,17세,상해없음,승용,남,22세,경상
2021072200100636,2021년 7월 22일 22시,목요일,인천광역시 미추홀구 주안동,중상사고,0,1,0,0,차대차 - 정면충돌,안전운전불이행,건조,맑음,교차로 - 교차로부근,화물,남,37세,상해없음,이륜,남,39세,중상
2021072300100022,2021년 7월 23일 01시,금요일,인천광역시 남동구 남촌동,경상사고,0,0,2,0,차대차 - 추돌,안전운전불이행,건조,맑음,단일로 - 기타,승용,남,33세,상해없음,승용,남,34세,경상
2021072300100101,2021년 7월 23일 08시,금요일,인천광역시 계양구 용종동,경상사고,0,0,1,0,차대차 - 측면충돌,신호위반,건조,맑음,교차로 - 교차로안,화물,남,66세,기타불명,승용,여,41세,경상
2021072300100171,2021년 7월 23일 10시,금요일,인천광역시 부평구 부평동,경상사고,0,0,1,0,차대차 - 측면충돌,신호위반,건조,맑음,교차로 - 교차로안,승용,여,60세,상해없음,승용,남,23세,경상
2021072300100199,2021년 7월 23일 11시,금요일,인천광역시 남동구 만수동,경상사고,0,0,1,0,차대차 - 추돌,안전운전불이행,건조,맑음,주차장 - 주차장,승용,여,31세,상해없음,승용,남,38세,경상
2021072300100200,2021년 7월 23일 11시,금요일,인천광역시 남동구 만수동,경상사고,0,0,1,0,차대차 - 추돌,안전운전불이행,건조,맑음,교차로 - 교차로부근,승용,남,59세,상해없음,승용,남,32세,경상
2021072300100201,2021년 7월 23일 11시,금요일,인천광역시 남동구 도림동,경상사고,0,0,1,0,차대차 - 추돌,안전운전불이행,건조,맑음,단일로 - 기타,화물,남,42세,상해없음,화물,남,32세,경상
2021072300100235,2021년 7월 23일 12시,금요일,인천광역시 서구 석남동,경상사고,0,0,1,0,차대차 - 기타,안전운전불이행,건조,맑음,교차로 - 교차로부근,승용,남,64세,상해없음,승용,남,64세,경상
2021072300100236,2021년 7월 23일 12시,금요일,인천광역시 서구 당하동,경상사고,0,0,2,0,차대차 - 기타,신호위반,건조,맑음,교차로 - 교차로안,이륜,남,37세,경상,승용,남,38세,경상
2021072300100237,2021년 7월 23일 12시,금요일,인천광역시 강화군 삼산면,경상사고,0,0,1,0,차대차 - 정면충돌,중앙선침범,건조,맑음,단일로 - 지하차도(도로)내,승용,남,75세,상해없음,승용,남,41세,경상
2021072300100280,2021년 7월 23일 13시,금요일,인천광역시 계양구 작전동,경상사고,0,0,1,0,차대차 - 측면충돌,안전거리미확보,건조,맑음,교차로 - 교차로부근,화물,남,50세,상해없음,이륜,남,47세,경상
2021072300100315,2021년 7월 23일 14시,금요일,인천광역시 서구 가좌동,경상사고,0,0,1,0,차대차 - 기타,안전운전불이행,건조,맑음,교차로 - 교차로안,승용,여,63세,상해없음,승용,여,40세,경상
2021072300100409,2021년 7월 23일 16시,금요일,인천광역시 부평구 산곡동,경상사고,0,0,1,0,차대차 - 측면충돌,신호위반,건조,맑음,교차로 - 교차로안,승용,남,64세,상해없음,이륜,남,42세,경상
2021072300100410,2021년 7월 23일 16시,금요일,인천광역시 강화군 교동면,경상사고,0,0,1,0,차대차 - 측면충돌,안전운전불이행,건조,맑음,교차로 - 교차로안,화물,여,25세,상해없음,화물,남,66세,경상
2021072300100411,2021년 7월 23일 16시,금요일,인천광역시 부평구 삼산동,경상사고,0,0,2,0,차대차 - 측면충돌,안전거리미확보,건조,맑음,단일로 - 기타,승용,남,65세,상해없음,승용,남,55세,경상
2021072300100452,2021년 7월 23일 17시,금요일,인천광역시 부평구 청천동,경상사고,0,0,1,0,차대차 - 측면충돌,안전운전불이행,건조,맑음,단일로 - 기타,이륜,남,26세,상해없음,승용,여,32세,경상
2021072300100513,2021년 7월 23일 18시,금요일,인천광역시 미추홀구 주안동,중상사고,0,1,0,0,차대사람 - 횡단중,보행자보호의무위반,건조,맑음,단일로 - 기타,승용,여,64세,상해없음,보행자,여,13세,중상
2021072300100514,2021년 7월 23일 18시,금요일,인천광역시 연수구 송도동,중상사고,0,1,1,0,차대차 - 추돌,안전운전불이행,건조,맑음,교차로 - 교차로부근,승용,여,51세,상해없음,승용,여,48세,경상
2021072300100515,2021년 7월 23일 18시,금요일,인천광역시 부평구 부평동,부상신고사고,0,0,0,1,차대차 - 추돌,안전운전불이행,건조,맑음,교차로 - 교차로부근,승용,여,36세,상해없음,이륜,남,40세,부상신고
2021072300100559,2021년 7월 23일 19시,금요일,인천광역시 미추홀구 용현동,경상사고,0,0,1,0,차대차 - 측면충돌,안전운전불이행,건조,맑음,단일로 - 기타,승용,남,30세,상해없음,승용,남,34세,경상
2021072300100617,2021년 7월 23일 21시,금요일,인천광역시 미추홀구 주안동,경상사고,0,0,2,0,차대차 - 추돌,안전운전불이행,건조,맑음,교차로 - 교차로안,기타불명,기타불명,미분류,기타불명,승용,여,48세,경상
2021072300100618,2021년 7월 23일 21시,금요일,인천광역시 미추홀구 도화동,중상사고,0,1,0,0,차대차 - 측면충돌,신호위반,건조,맑음,교차로 - 교차로안,승용,남,28세,상해없음,이륜,남,26세,중상
2021072400100019,2021년 7월 24일 01시,토요일,인천광역시 남동구 만수동,중상사고,0,3,2,0,차대차 - 정면충돌,신호위반,건조,맑음,교차로 - 교차로안,승용,남,58세,상해없음,승용,남,42세,상해없음
2021072400100027,2021년 7월 24일 03시,토요일,인천광역시 부평구 부평동,경상사고,0,0,2,0,차대차 - 추돌,안전운전불이행,건조,맑음,단일로 - 기타,승용,남,37세,상해없음,승용,남,40세,경상
2021072400100036,2021년 7월 24일 05시,토요일,인천광역시 서구 가정동,중상사고,0,1,0,0,차대사람 - 횡단중,안전운전불이행,건조,맑음,단일로 - 기타,승용,남,31세,상해없음,보행자,남,24세,중상
2021072400100075,2021년 7월 24일 08시,토요일,인천광역시 남동구 만수동,경상사고,0,0,1,0,차대차 - 추돌,안전거리미확보,건조,맑음,단일로 - 기타,승용,남,22세,상해없음,승용,여,35세,경상
2021072400100094,2021년 7월 24일 09시,토요일,인천광역시 중구 신흥동3가,경상사고,0,0,1,0,차대차 - 측면충돌,안전운전불이행,건조,맑음,기타 - 기타,승용,남,73세,상해없음,건설기계,남,53세,경상
2021072400100095,2021년 7월 24일 09시,토요일,인천광역시 미추홀구 숭의동,경상사고,0,0,1,0,차대차 - 측면충돌,중앙선침범,건조,맑음,단일로 - 기타,승용,남,71세,상해없음,이륜,남,45세,경상
2021072400100096,2021년 7월 24일 09시,토요일,인천광역시 남동구 구월동,경상사고,0,0,4,0,차대차 - 측면충돌,교차로운행방법위반,건조,맑음,교차로 - 교차로안,승용,여,37세,경상,승용,여,39세,경상
2021072400100097,2021년 7월 24일 09시,토요일,인천광역시 연수구 청학동,경상사고,0,0,2,0,차대차 - 추돌,안전운전불이행,건조,맑음,교차로 - 교차로부근,승용,남,64세,상해없음,승용,여,56세,경상
2021072400100098,2021년 7월 24일 09시,토요일,인천광역시 부평구 갈산동,경상사고,0,0,2,0,차대차 - 측면충돌,안전운전불이행,건조,맑음,단일로 - 기타,승용,남,60세,상해없음,승용,여,46세,경상
2021072400100132,2021년 7월 24일 10시,토요일,인천광역시 서구 경서동,경상사고,0,0,2,0,차대차 - 추돌,안전운전불이행,건조,맑음,단일로 - 기타,승용,남,47세,상해없음,승용,여,36세,경상
2021072400100133,2021년 7월 24일 10시,토요일,인천광역시 서구 청라동,경상사고,0,0,1,0,차대사람 - 기타,안전운전불이행,건조,맑음,교차로 - 교차로횡단보도내,승용,남,35세,상해없음,보행자,여,47세,경상
2021072400100185,2021년 7월 24일 11시,토요일,인천광역시 서구 청라동,중상사고,0,1,0,0,차대차 - 기타,안전운전불이행,건조,맑음,단일로 - 기타,자전거,남,55세,중상,승용,여,43세,기타불명
2021072400100221,2021년 7월 24일 12시,토요일,인천광역시 강화군 삼산면,중상사고,0,2,2,0,차대차 - 정면충돌,중앙선침범,건조,맑음,단일로 - 교량,승용,남,69세,상해없음,승용,남,70세,경상
2021072400100222,2021년 7월 24일 12시,토요일,인천광역시 강화군 강화읍,경상사고,0,0,3,0,차대차 - 측면충돌,안전운전불이행,건조,맑음,단일로 - 지하차도(도로)내,승용,여,58세,상해없음,승용,남,59세,경상
2021072400100257,2021년 7월 24일 13시,토요일,인천광역시 부평구 산곡동,경상사고,0,0,1,0,차대차 - 측면충돌,안전운전불이행,건조,맑음,교차로 - 교차로안,승용,여,55세,상해없음,자전거,남,7세,경상
2021072400100258,2021년 7월 24일 13시,토요일,인천광역시 남동구 간석동,경상사고,0,0,1,0,차량단독 - 기타,안전운전불이행,건조,맑음,단일로 - 기타,승합,남,65세,상해없음,,,,
2021072400100259,2021년 7월 24일 13시,토요일,인천광역시 부평구 삼산동,경상사고,0,0,1,0,차대사람 - 횡단중,안전운전불이행,건조,맑음,교차로 - 교차로안,승용,남,46세,기타불명,보행자,남,65세,경상
2021072400100309,2021년 7월 24일 14시,토요일,인천광역시 강화군 강화읍,경상사고,0,0,1,0,차대차 - 측면충돌,교차로운행방법위반,건조,맑음,교차로 - 교차로안,승용,남,52세,상해없음,승용,여,48세,경상
2021072400100339,2021년 7월 24일 15시,토요일,인천광역시 중구 율목동,경상사고,0,0,1,0,차대차 - 측면충돌,신호위반,건조,맑음,교차로 - 교차로안,이륜,남,24세,상해없음,이륜,남,56세,경상
2021072400100340,2021년 7월 24일 15시,토요일,인천광역시 계양구 효성동,중상사고,0,1,3,0,차대차 - 추돌,안전운전불이행,건조,맑음,기타 - 기타,화물,남,63세,상해없음,승용,남,52세,중상
2021072400100373,2021년 7월 24일 16시,토요일,인천광역시 연수구 옥련동,중상사고,0,1,0,0,차대차 - 측면충돌,신호위반,건조,맑음,교차로 - 교차로안,원동기,남,31세,상해없음,개인형이동수단(PM),남,17세,중상
2021072400100414,2021년 7월 24일 17시,토요일,인천광역시 중구 북성동1가,경상사고,0,0,1,0,차대차 - 후진중충돌,안전운전불이행,건조,맑음,교차로 - 교차로안,승용,남,19세,상해없음,승용,남,29세,경상
2021072400100415,2021년 7월 24일 17시,토요일,인천광역시 연수구 동춘동,경상사고,0,0,3,0,차대차 - 측면충돌,안전거리미확보,건조,흐림,단일로 - 지하차도(도로)내,승용,남,20세,경상,승용,남,60세,경상
2021072400100516,2021년 7월 24일 20시,토요일,인천광역시 강화군 강화읍,경상사고,0,0,1,0,차대차 - 측면충돌,안전운전불이행,건조,맑음,단일로 - 지하차도(도로)내,승용,남,52세,상해없음,화물,남,47세,경상
2021072400100572,2021년 7월 24일 22시,토요일,인천광역시 남동구 구월동,경상사고,0,0,1,0,차대차 - 추돌,안전거리미확보,건조,맑음,교차로 - 교차로부근,기타불명,기타불명,미분류,기타불명,승용,남,27세,경상
2021072400100573,2021년 7월 24일 22시,토요일,인천광역시 서구 연희동,중상사고,0,1,0,0,차대차 - 정면충돌,중앙선침범,건조,맑음,교차로 - 교차로부근,이륜,남,32세,상해없음,이륜,남,35세,중상
2021072500100044,2021년 7월 25일 06시,일요일,인천광역시 연수구 동춘동,경상사고,0,0,1,0,차대차 - 정면충돌,신호위반,건조,맑음,교차로 - 교차로안,화물,남,49세,상해없음,승용,남,47세,경상
2021072500100237,2021년 7월 25일 15시,일요일,인천광역시 미추홀구 주안동,중상사고,0,1,1,0,차대사람 - 길가장자리구역통행중,안전운전불이행,건조,맑음,기타 - 기타,승용,남,58세,상해없음,보행자,남,58세,중상
2021072500100238,2021년 7월 25일 15시,일요일,인천광역시 서구 가좌동,경상사고,0,0,2,0,차대차 - 측면충돌,안전운전불이행,건조,맑음,단일로 - 기타,승용,남,62세,상해없음,이륜,남,23세,경상
2021072500100304,2021년 7월 25일 17시,일요일,인천광역시 서구 원창동,경상사고,0,0,2,0,차대차 - 측면충돌,안전운전불이행,건조,맑음,단일로 - 기타,승용,여,71세,상해없음,승용,남,27세,경상
2021072500100344,2021년 7월 25일 18시,일요일,인천광역시 부평구 부평동,경상사고,0,0,1,0,차대차 - 후진중충돌,안전운전불이행,건조,맑음,교차로 - 교차로부근,승용,남,44세,상해없음,이륜,남,38세,경상
2021072500100345,2021년 7월 25일 18시,일요일,인천광역시 부평구 삼산동,경상사고,0,0,1,0,차대차 - 추돌,안전운전불이행,건조,맑음,단일로 - 고가도로위,승용,남,65세,상해없음,승용,여,40세,경상
2021072500100368,2021년 7월 25일 19시,일요일,인천광역시 남동구 간석동,경상사고,0,0,1,0,차대차 - 측면충돌,안전운전불이행,건조,맑음,단일로 - 기타,승용,남,25세,상해없음,승용,남,39세,경상
2021072500100369,2021년 7월 25일 19시,일요일,인천광역시 계양구 작전동,중상사고,0,1,0,0,차대차 - 정면충돌,신호위반,건조,맑음,교차로 - 교차로안,이륜,남,46세,기타불명,이륜,남,47세,중상
2021072500100370,2021년 7월 25일 19시,일요일,인천광역시 부평구 부개동,경상사고,0,0,1,0,차대차 - 측면충돌,안전운전불이행,건조,맑음,단일로 - 기타,승용,남,65세,기타불명,이륜,남,33세,경상
2021072500100411,2021년 7월 25일 21시,일요일,인천광역시 부평구 부평동,경상사고,0,0,3,0,차대차 - 측면충돌,안전운전불이행,건조,맑음,교차로 - 교차로부근,승용,여,48세,상해없음,승용,남,45세,경상
2021072500100412,2021년 7월 25일 21시,일요일,인천광역시 서구 가좌동,중상사고,0,1,0,0,차대차 - 추돌,안전운전불이행,건조,맑음,교차로 - 교차로안,승용,남,37세,상해없음,이륜,남,29세,중상
2021072500100438,2021년 7월 25일 23시,일요일,인천광역시 미추홀구 주안동,경상사고,0,0,1,0,차대사람 - 횡단중,보행자보호의무위반,건조,맑음,교차로 - 교차로부근,승용,남,63세,상해없음,보행자,여,27세,경상
2021072600100006,2021년 7월 26일 00시,월요일,인천광역시 남동구 구월동,경상사고,0,0,2,0,차대차 - 기타,안전거리미확보,건조,맑음,단일로 - 기타,승용,남,46세,상해없음,승용,남,21세,경상
2021072600100007,2021년 7월 26일 00시,월요일,인천광역시 연수구 동춘동,경상사고,0,0,2,0,차대차 - 측면충돌,신호위반,건조,맑음,교차로 - 교차로안,승용,남,25세,상해없음,승용,남,44세,경상
2021072600100012,2021년 7월 26일 01시,월요일,인천광역시 미추홀구 주안동,경상사고,0,0,1,0,차대차 - 측면충돌,안전운전불이행,건조,맑음,단일로 - 기타,이륜,남,31세,상해없음,승용,남,22세,경상
2021072600100023,2021년 7월 26일 04시,월요일,인천광역시 강화군 길상면,중상사고,0,1,0,0,차대차 - 측면충돌,직진우회전진행방해,건조,흐림,교차로 - 교차로안,승용,여,61세,상해없음,승용,여,45세,중상
2021072600100037,2021년 7월 26일 06시,월요일,인천광역시 중구 항동7가,경상사고,0,0,1,0,차대사람 - 횡단중,안전운전불이행,건조,맑음,교차로 - 교차로안,화물,남,64세,상해없음,보행자,남,58세,경상
2021072600100059,2021년 7월 26일 07시,월요일,인천광역시 계양구 효성동,경상사고,0,0,1,0,차대차 - 추돌,안전운전불이행,건조,맑음,기타 - 기타,화물,남,38세,상해없음,화물,남,59세,경상
2021072600100132,2021년 7월 26일 09시,월요일,인천광역시 미추홀구 주안동,경상사고,0,0,1,0,차대차 - 추돌,안전운전불이행,건조,맑음,단일로 - 기타,승용,남,36세,상해없음,승용,남,42세,경상
2021072600100133,2021년 7월 26일 09시,월요일,인천광역시 미추홀구 용현동,중상사고,0,1,0,0,차대사람 - 기타,안전운전불이행,건조,맑음,교차로 - 교차로부근,승용,남,69세,상해없음,보행자,여,62세,중상
2021072600100179,2021년 7월 26일 10시,월요일,인천광역시 미추홀구 주안동,경상사고,0,0,1,0,차대사람 - 기타,안전운전불이행,건조,맑음,단일로 - 기타,승용,남,48세,상해없음,보행자,남,18세,경상
2021072600100180,2021년 7월 26일 10시,월요일,인천광역시 계양구 병방동,경상사고,0,0,2,0,차대차 - 측면충돌,안전거리미확보,건조,맑음,단일로 - 교량,승용,남,47세,경상,승용,남,36세,경상
2021072600100263,2021년 7월 26일 12시,월요일,인천광역시 서구 심곡동,경상사고,0,0,1,0,차대차 - 추돌,안전운전불이행,건조,맑음,교차로 - 교차로안,승용,남,66세,상해없음,승용,여,51세,경상
2021072600100300,2021년 7월 26일 13시,월요일,인천광역시 미추홀구 문학동,경상사고,0,0,1,0,차대사람 - 기타,안전운전불이행,건조,맑음,교차로 - 교차로부근,승용,남,26세,상해없음,보행자,남,59세,경상
2021072600100301,2021년 7월 26일 13시,월요일,인천광역시 서구 가좌동,경상사고,0,0,1,0,차대차 - 추돌,안전운전불이행,건조,맑음,단일로 - 기타,이륜,남,44세,상해없음,승용,여,60세,경상
2021072600100406,2021년 7월 26일 16시,월요일,인천광역시 미추홀구 용현동,경상사고,0,0,1,0,차대차 - 측면충돌,안전거리미확보,건조,맑음,단일로 - 기타,승용,남,60세,상해없음,승용,남,25세,경상
2021072600100455,2021년 7월 26일 17시,월요일,인천광역시 서구 가좌동,경상사고,0,0,1,0,차대차 - 측면충돌,신호위반,건조,맑음,교차로 - 교차로안,승용,여,35세,상해없음,승용,남,24세,경상
2021072600100456,2021년 7월 26일 17시,월요일,인천광역시 연수구 송도동,경상사고,0,0,1,0,차대차 - 측면충돌,교차로운행방법위반,건조,맑음,교차로 - 교차로부근,승용,여,48세,상해없음,승용,남,31세,경상
2021072600100540,2021년 7월 26일 19시,월요일,인천광역시 서구 가정동,경상사고,0,0,1,0,차대차 - 후진중충돌,안전운전불이행,건조,맑음,단일로 - 기타,승용,여,25세,상해없음,승용,남,26세,경상
2021072600100621,2021년 7월 26일 22시,월요일,인천광역시 부평구 십정동,경상사고,0,0,2,0,차대차 - 추돌,안전운전불이행,건조,맑음,교차로 - 교차로부근,승용,남,44세,상해없음,승용,남,23세,경상
2021072700100007,2021년 7월 27일 00시,화요일,인천광역시 미추홀구 도화동,경상사고,0,0,1,0,차대차 - 정면충돌,안전운전불이행,건조,맑음,교차로 - 교차로안,승용,남,45세,상해없음,이륜,남,35세,경상