사고번호,사고일시,요일,시군구,사고내용,사망자수,중상자수,경상자수,부상신고자수,사고유형,법규위반,노면상태,기상상태,도로형태,가해운전자 차종,가해운전자 성별,가해운전자 연령,가해운전자 상해정도,피해운전자 차종,피해운전자 성별,피해운전자 연령,피해운전자 상해정도
2021081400100419,2021년 8월 14일 19시,토요일,인천광역시 서구 석남동,경상사고,0,0,1,0,차대차 - 기타,안전운전불이행,건조,맑음,기타 - 기타,개인형이동수단(PM),남,48세,경상,승용,남,63세,기타불명
2021081400100420,2021년 8월 14일 19시,토요일,인천광역시 계양구 계산동,경상사고,0,0,1,0,차대사람 - 횡단중,신호위반,건조,맑음,교차로 - 교차로횡단보도내,이륜,남,18세,상해없음,보행자,남,58세,경상
2021081400100421,2021년 8월 14일 19시,토요일,인천광역시 강화군 화도면,경상사고,0,0,2,0,차대차 - 측면충돌,교차로운행방법위반,건조,맑음,교차로 - 교차로안,승용,남,40세,상해없음,승용,남,33세,경상
2021081400100447,2021년 8월 14일 20시,토요일,인천광역시 서구 왕길동,중상사고,0,1,0,0,차대사람 - 보도통행중,기타,건조,맑음,단일로 - 기타,개인형이동수단(PM),남,15세,상해없음,보행자,여,20세,중상
2021081400100448,2021년 8월 14일 20시,토요일,인천광역시 계양구 계산동,경상사고,0,0,1,0,차대차 - 추돌,안전거리미확보,건조,맑음,단일로 - 기타,승용,남,58세,상해없음,승용,여,62세,경상
2021081400100475,2021년 8월 14일 21시,토요일,인천광역시 남동구 만수동,중상사고,0,1,0,0,차대사람 - 횡단중,보행자보호의무위반,건조,맑음,교차로 - 교차로부근,이륜,남,43세,상해없음,보행자,남,59세,중상
2021081400100496,2021년 8월 14일 22시,토요일,인천광역시 중구 중앙동3가,중상사고,0,1,0,0,차대사람 - 횡단중,보행자보호의무위반,건조,맑음,교차로 - 교차로횡단보도내,승용,남,49세,상해없음,보행자,남,69세,중상
2021081400100497,2021년 8월 14일 22시,토요일,인천광역시 미추홀구 숭의동,경상사고,0,0,3,0,차대차 - 추돌,안전운전불이행,건조,맑음,단일로 - 기타,승용,남,66세,상해없음,승용,남,63세,경상
2021081400100498,2021년 8월 14일 22시,토요일,인천광역시 부평구 부평동,경상사고,0,0,1,0,차대사람 - 기타,안전운전불이행,건조,맑음,단일로 - 기타,승용,남,20세,상해없음,보행자,남,26세,경상
2021081400100512,2021년 8월 14일 23시,토요일,인천광역시 부평구 부평동,경상사고,0,0,1,0,차대차 - 후진중충돌,안전운전불이행,건조,맑음,교차로 - 교차로안,승용,남,55세,기타불명,승용,남,24세,경상
2021081500100028,2021년 8월 15일 02시,일요일,인천광역시 미추홀구 주안동,경상사고,0,0,2,0,차대차 - 측면충돌,안전거리미확보,건조,맑음,교차로 - 교차로부근,승용,여,33세,상해없음,승용,남,26세,경상
2021081500100074,2021년 8월 15일 09시,일요일,인천광역시 강화군 하점면,경상사고,0,0,1,0,차대차 - 측면충돌,안전운전불이행,건조,맑음,단일로 - 지하차도(도로)내,이륜,남,49세,경상,승용,남,61세,상해없음
2021081500100151,2021년 8월 15일 12시,일요일,인천광역시 남동구 간석동,경상사고,0,0,3,0,차대차 - 정면충돌,교차로운행방법위반,건조,맑음,교차로 - 교차로안,승용,남,61세,상해없음,승용,남,41세,경상
2021081500100152,2021년 8월 15일 12시,일요일,인천광역시 강화군 삼산면,경상사고,0,0,2,0,차대차 - 기타,안전운전불이행,건조,맑음,단일로 - 지하차도(도로)내,승용,남,60세,상해없음,이륜,남,46세,경상
2021081500100179,2021년 8월 15일 13시,일요일,인천광역시 서구 가정동,경상사고,0,0,3,0,차대차 - 정면충돌,안전운전불이행,건조,맑음,단일로 - 기타,승용,남,65세,상해없음,승용,남,35세,경상
2021081500100240,2021년 8월 15일 15시,일요일,인천광역시 강화군 강화읍,경상사고,0,0,1,0,차대차 - 측면충돌,안전운전불이행,건조,맑음,단일로 - 지하차도(도로)내,승용,남,64세,기타불명,승용,여,55세,경상
2021081500100272,2021년 8월 15일 16시,일요일,인천광역시 중구 신포동,경상사고,0,0,1,0,차대차 - 추돌,안전운전불이행,건조,맑음,교차로 - 교차로부근,승용,남,21세,상해없음,승용,남,21세,경상
2021081500100273,2021년 8월 15일 16시,일요일,인천광역시 서구 청라동,경상사고,0,0,1,0,차대차 - 추돌,신호위반,건조,맑음,교차로 - 교차로안,이륜,남,42세,상해없음,원동기,남,16세,경상
2021081500100326,2021년 8월 15일 18시,일요일,인천광역시 미추홀구 주안동,경상사고,0,0,2,0,차대차 - 추돌,안전운전불이행,건조,맑음,단일로 - 기타,승합,남,48세,상해없음,승용,남,66세,경상
2021081500100327,2021년 8월 15일 18시,일요일,인천광역시 부평구 부평동,경상사고,0,0,2,0,차대차 - 측면충돌,교차로운행방법위반,건조,맑음,교차로 - 교차로부근,승용,남,36세,상해없음,승용,남,31세,경상
2021081500100345,2021년 8월 15일 19시,일요일,인천광역시 연수구 송도동,중상사고,0,1,0,0,차대사람 - 기타,안전운전불이행,건조,맑음,단일로 - 기타,자전거,남,50세,상해없음,보행자,여,45세,중상
2021081500100371,2021년 8월 15일 20시,일요일,인천광역시 남동구 서창동,중상사고,0,1,0,0,차대사람 - 횡단중,보행자보호의무위반,건조,맑음,교차로 - 교차로부근,승용,남,30세,상해없음,보행자,남,61세,중상
2021081500100389,2021년 8월 15일 21시,일요일,인천광역시 남동구 간석동,경상사고,0,0,2,0,차대차 - 측면충돌,신호위반,건조,맑음,교차로 - 교차로안,승용,여,29세,상해없음,승용,남,26세,경상
2021081500100415,2021년 8월 15일 23시,일요일,인천광역시 동구 송현동,경상사고,0,0,1,0,차대차 - 측면충돌,안전거리미확보,건조,맑음,단일로 - 기타,승용,남,26세,상해없음,승용,남,30세,경상
2021081600100020,2021년 8월 16일 05시,월요일,인천광역시 부평구 일신동,사망사고,1,0,0,0,차대사람 - 횡단중,안전운전불이행,건조,맑음,기타 - 기타,승용,남,63세,상해없음,보행자,여,72세,사망
2021081600100034,2021년 8월 16일 07시,월요일,인천광역시 서구 석남동,경상사고,0,0,2,0,차대차 - 추돌,안전운전불이행,건조,맑음,교차로 - 교차로안,승용,남,64세,경상,화물,남,28세,경상
2021081600100035,2021년 8월 16일 07시,월요일,인천광역시 계양구 작전동,경상사고,0,0,2,0,차대차 - 측면충돌,신호위반,건조,맑음,교차로 - 교차로안,승용,남,30세,상해없음,화물,남,64세,경상
2021081600100144,2021년 8월 16일 12시,월요일,인천광역시 부평구 산곡동,경상사고,0,0,1,0,차대차 - 추돌,안전운전불이행,건조,맑음,교차로 - 교차로부근,승용,남,26세,상해없음,승용,남,27세,경상
2021081600100145,2021년 8월 16일 12시,월요일,인천광역시 부평구 부평동,중상사고,0,1,2,0,차대차 - 측면충돌,안전운전불이행,건조,맑음,교차로 - 교차로부근,승용,남,74세,상해없음,승용,남,40세,중상
2021081600100146,2021년 8월 16일 12시,월요일,인천광역시 계양구 계산동,경상사고,0,0,1,0,차대차 - 측면충돌,신호위반,건조,맑음,교차로 - 교차로부근,승용,남,28세,상해없음,이륜,남,21세,경상
2021081600100188,2021년 8월 16일 13시,월요일,인천광역시 남동구 논현동,경상사고,0,0,3,0,차대차 - 측면충돌,안전거리미확보,건조,맑음,단일로 - 기타,승용,여,30세,상해없음,승용,여,55세,경상
2021081600100226,2021년 8월 16일 14시,월요일,인천광역시 부평구 산곡동,경상사고,0,0,1,0,차대사람 - 길가장자리구역통행중,안전운전불이행,건조,맑음,교차로 - 교차로부근,승용,여,69세,상해없음,보행자,남,22세,경상
2021081600100227,2021년 8월 16일 14시,월요일,인천광역시 부평구 부평동,경상사고,0,0,1,0,차대차 - 추돌,안전운전불이행,건조,맑음,교차로 - 교차로횡단보도내,원동기,남,52세,기타불명,이륜,남,49세,경상
2021081600100286,2021년 8월 16일 16시,월요일,인천광역시 연수구 연수동,경상사고,0,0,2,0,차대차 - 추돌,안전운전불이행,건조,맑음,교차로 - 교차로부근,승용,남,46세,기타불명,승용,여,45세,경상
2021081600100324,2021년 8월 16일 17시,월요일,인천광역시 미추홀구 용현동,중상사고,0,1,0,0,차대사람 - 기타,안전운전불이행,건조,맑음,단일로 - 기타,승용,남,68세,상해없음,보행자,여,18세,중상
2021081600100325,2021년 8월 16일 17시,월요일,인천광역시 미추홀구 학익동,경상사고,0,0,1,0,차대차 - 추돌,안전운전불이행,건조,맑음,교차로 - 교차로부근,승용,남,26세,상해없음,승용,남,28세,경상
2021081600100326,2021년 8월 16일 17시,월요일,인천광역시 남동구 간석동,경상사고,0,0,4,0,차대차 - 후진중충돌,안전운전불이행,건조,맑음,단일로 - 기타,승용,남,52세,상해없음,승용,남,71세,경상
2021081600100327,2021년 8월 16일 17시,월요일,인천광역시 남동구 간석동,경상사고,0,0,2,0,차대차 - 측면충돌,교차로운행방법위반,건조,맑음,교차로 - 교차로부근,승용,여,44세,상해없음,승용,여,38세,경상
2021081600100388,2021년 8월 16일 19시,월요일,인천광역시 미추홀구 숭의동,부상신고사고,0,0,0,1,차대사람 - 기타,안전운전불이행,건조,맑음,단일로 - 기타,승용,여,66세,상해없음,보행자,여,68세,부상신고
2021081600100413,2021년 8월 16일 20시,월요일,인천광역시 중구 운서동,경상사고,0,0,1,0,차대차 - 추돌,안전운전불이행,건조,기타,교차로 - 교차로부근,승용,여,33세,상해없음,승용,여,28세,경상
2021081600100433,2021년 8월 16일 21시,월요일,인천광역시 부평구 부평동,경상사고,0,0,2,0,차대차 - 측면충돌,안전운전불이행,건조,맑음,교차로 - 교차로안,승용,남,47세,상해없음,승용,남,33세,경상
2021081600100434,2021년 8월 16일 21시,월요일,인천광역시 서구 심곡동,사망사고,1,0,0,0,차량단독 - 전도전복 - 전도,안전운전불이행,젖음/습기,비,단일로 - 기타,이륜,남,36세,사망,,,,
2021081600100435,2021년 8월 16일 21시,월요일,인천광역시 서구 청라동,경상사고,0,0,2,0,차대차 - 기타,신호위반,젖음/습기,비,교차로 - 교차로안,자전거,남,15세,경상,승용,남,25세,경상
2021081700100011,2021년 8월 17일 01시,화요일,인천광역시 계양구 상야동,중상사고,0,1,0,0,차대차 - 기타,안전운전불이행,건조,맑음,단일로 - 교량,승용,남,32세,중상,승용,여,40세,상해없음
2021081700100012,2021년 8월 17일 01시,화요일,인천광역시 부평구 삼산동,중상사고,0,1,0,0,차대차 - 추돌,안전운전불이행,건조,맑음,기타 - 기타,승용,남,36세,상해없음,화물,남,44세,중상
2021081700100015,2021년 8월 17일 03시,화요일,인천광역시 연수구 송도동,부상신고사고,0,0,0,1,차대사람 - 차도통행중,안전운전불이행,건조,맑음,교차로 - 교차로부근,승용,남,22세,상해없음,보행자,남,23세,부상신고
2021081700100024,2021년 8월 17일 05시,화요일,인천광역시 계양구 임학동,경상사고,0,0,1,0,차대차 - 추돌,안전운전불이행,건조,맑음,교차로 - 교차로안,화물,남,48세,상해없음,승용,여,48세,경상
2021081700100049,2021년 8월 17일 07시,화요일,인천광역시 남동구 간석동,경상사고,0,0,1,0,차대차 - 측면충돌,차로위반,건조,맑음,단일로 - 기타,승합,남,68세,상해없음,승용,남,32세,경상
2021081700100050,2021년 8월 17일 07시,화요일,인천광역시 계양구 계산동,경상사고,0,0,1,0,차대차 - 측면충돌,안전운전불이행,건조,맑음,단일로 - 기타,승용,여,32세,기타불명,승용,남,32세,경상
2021081700100051,2021년 8월 17일 07시,화요일,인천광역시 계양구 작전동,경상사고,0,0,2,0,차대차 - 정면충돌,중앙선침범,건조,맑음,단일로 - 기타,승용,남,45세,상해없음,화물,남,41세,경상
2021081700100118,2021년 8월 17일 09시,화요일,인천광역시 남동구 간석동,경상사고,0,0,2,0,차대차 - 측면충돌,교차로운행방법위반,건조,맑음,교차로 - 교차로안,승용,여,52세,경상,승용,남,75세,경상
2021081700100153,2021년 8월 17일 10시,화요일,인천광역시 미추홀구 주안동,경상사고,0,0,1,0,차대차 - 기타,안전운전불이행,건조,맑음,교차로 - 교차로부근,승용,남,50세,상해없음,자전거,여,47세,경상
2021081700100187,2021년 8월 17일 11시,화요일,인천광역시 계양구 작전동,경상사고,0,0,1,0,차대차 - 측면충돌,안전거리미확보,건조,맑음,단일로 - 기타,승용,남,46세,기타불명,승용,남,49세,경상
2021081700100188,2021년 8월 17일 11시,화요일,인천광역시 계양구 작전동,경상사고,0,0,1,0,차대차 - 기타,차로위반,건조,맑음,교차로 - 교차로부근,승용,여,31세,상해없음,승합,남,67세,상해없음
2021081700100225,2021년 8월 17일 12시,화요일,인천광역시 중구 신흥동1가,중상사고,0,1,0,0,차대차 - 측면충돌,안전운전불이행,건조,맑음,교차로 - 교차로부근,이륜,남,52세,상해없음,이륜,남,39세,중상
2021081700100255,2021년 8월 17일 13시,화요일,인천광역시 남동구 구월동,경상사고,0,0,1,0,차대차 - 측면충돌,교차로운행방법위반,건조,맑음,교차로 - 교차로안,승용,여,27세,상해없음,이륜,남,30세,경상
2021081700100256,2021년 8월 17일 13시,화요일,인천광역시 서구 심곡동,중상사고,0,1,0,0,차량단독 - 기타,안전운전불이행,건조,맑음,단일로 - 기타,승합,남,62세,상해없음,,,,
2021081700100333,2021년 8월 17일 15시,화요일,인천광역시 계양구 작전동,경상사고,0,0,3,0,차대차 - 측면충돌,교차로운행방법위반,건조,맑음,교차로 - 교차로안,승용,남,26세,경상,승용,여,39세,경상
2021081700100418,2021년 8월 17일 17시,화요일,인천광역시 남동구 고잔동,중상사고,0,1,0,0,차대차 - 측면충돌,교차로운행방법위반,젖음/습기,비,교차로 - 교차로안,화물,남,36세,상해없음,자전거,남,66세,중상
2021081700100456,2021년 8월 17일 18시,화요일,인천광역시 서구 청라동,중상사고,0,1,1,0,차대차 - 추돌,안전운전불이행,젖음/습기,비,교차로 - 교차로안,승용,여,51세,상해없음,승용,남,66세,중상
2021081700100457,2021년 8월 17일 18시,화요일,인천광역시 부평구 갈산동,부상신고사고,0,0,0,1,차대사람 - 기타,안전운전불이행,기타,비,기타 - 기타,승용,남,62세,상해없음,보행자,여,46세,부상신고
2021081700100489,2021년 8월 17일 19시,화요일,인천광역시 남동구 논현동,중상사고,0,1,1,0,차대차 - 추돌,안전운전불이행,젖음/습기,비,단일로 - 기타,승용,남,59세,상해없음,이륜,남,46세,중상
2021081700100523,2021년 8월 17일 20시,화요일,인천광역시 동구 송현동,경상사고,0,0,1,0,차대사람 - 기타,안전운전불이행,건조,맑음,기타 - 기타,승합,남,49세,상해없음,보행자,여,33세,경상
2021081700100577,2021년 8월 17일 22시,화요일,인천광역시 서구 청라동,중상사고,0,1,0,0,차대차 - 추돌,안전운전불이행,젖음/습기,비,단일로 - 기타,개인형이동수단(PM),남,15세,상해없음,자전거,남,19세,중상
2021081800100024,2021년 8월 18일 05시,수요일,인천광역시 미추홀구 용현동,경상사고,0,0,1,0,차대차 - 측면충돌,안전운전불이행,건조,맑음,단일로 - 기타,화물,남,51세,상해없음,승용,남,73세,경상
2021081800100050,2021년 8월 18일 07시,수요일,인천광역시 남동구 만수동,경상사고,0,0,1,0,차대차 - 추돌,안전운전불이행,젖음/습기,비,교차로 - 교차로부근,건설기계,남,42세,상해없음,승용,여,29세,경상
2021081800100051,2021년 8월 18일 07시,수요일,인천광역시 계양구 작전동,경상사고,0,0,1,0,차대차 - 정면충돌,안전운전불이행,건조,맑음,교차로 - 교차로안,승용,여,55세,기타불명,승용,남,25세,경상
2021081800100080,2021년 8월 18일 08시,수요일,인천광역시 부평구 부평동,경상사고,0,0,1,0,차대차 - 측면충돌,안전운전불이행,건조,맑음,교차로 - 교차로안,자전거,남,27세,경상,화물,남,51세,상해없음
2021081800100081,2021년 8월 18일 08시,수요일,인천광역시 부평구 청천동,중상사고,0,1,0,0,차대사람 - 보도통행중,신호위반,젖음/습기,비,교차로 - 교차로안,이륜,남,43세,상해없음,보행자,여,61세,중상
2021081800100082,2021년 8월 18일 08시,수요일,인천광역시 남동구 간석동,경상사고,0,0,1,0,차대차 - 측면충돌,신호위반,젖음/습기,비,교차로 - 교차로안,승용,여,48세,상해없음,승용,여,27세,경상
2021081800100175,2021년 8월 18일 11시,수요일,인천광역시 부평구 부평동,중상사고,0,1,0,0,차대사람 - 횡단중,안전운전불이행,젖음/습기,비,단일로 - 지하차도(도로)내,건설기계,남,62세,기타불명,보행자,여,72세,중상
2021081800100176,2021년 8월 18일 11시,수요일,인천광역시 계양구 병방동,경상사고,0,0,1,0,차대차 - 측면충돌,안전거리미확보,건조,맑음,단일로 - 기타,승용,여,48세,상해없음,승용,여,31세,경상
2021081800100244,2021년 8월 18일 13시,수요일,인천광역시 서구 가좌동,경상사고,0,0,2,0,차대차 - 기타,안전운전불이행,건조,맑음,단일로 - 기타,이륜,남,19세,경상,승용,남,37세,경상
2021081800100245,2021년 8월 18일 13시,수요일,인천광역시 계양구 효성동,경상사고,0,0,1,0,차대사람 - 횡단중,보행자보호의무위반,건조,맑음,교차로 - 교차로횡단보도내,화물,남,27세,상해없음,보행자,남,86세,경상
2021081800100276,2021년 8월 18일 14시,수요일,인천광역시 서구 석남동,중상사고,0,1,0,0,차대차 - 추돌,안전운전불이행,건조,맑음,단일로 - 기타,승용,남,57세,상해없음,이륜,남,44세,중상
2021081800100337,2021년 8월 18일 16시,수요일,인천광역시 서구 원창동,경상사고,0,0,1,0,차대차 - 측면충돌,직진우회전진행방해,건조,맑음,교차로 - 교차로안,화물,남,60세,상해없음,화물,남,57세,경상
2021081800100338,2021년 8월 18일 16시,수요일,인천광역시 연수구 송도동,경상사고,0,0,1,0,차대차 - 추돌,안전거리미확보,건조,맑음,단일로 - 기타,승용,남,28세,상해없음,승용,남,30세,경상
2021081800100395,2021년 8월 18일 17시,수요일,인천광역시 서구 가좌동,경상사고,0,0,1,0,차대차 - 기타,신호위반,건조,맑음,단일로 - 기타,승용,남,25세,상해없음,승용,남,35세,경상
2021081800100439,2021년 8월 18일 18시,수요일,인천광역시 서구 청라동,경상사고,0,0,2,0,차대차 - 추돌,신호위반,건조,맑음,교차로 - 교차로안,승용,남,52세,경상,승용,여,53세,경상
2021081800100479,2021년 8월 18일 19시,수요일,인천광역시 연수구 청학동,경상사고,0,0,1,0,차대차 - 측면충돌,신호위반,건조,맑음,교차로 - 교차로안,승용,여,44세,상해없음,화물,남,50세,경상
2021081800100514,2021년 8월 18일 20시,수요일,인천광역시 부평구 부평동,부상신고사고,0,0,0,1,차대차 - 기타,안전운전불이행,건조,흐림,교차로 - 교차로안,원동기,남,39세,부상신고,이륜,남,49세,상해없음
2021081800100537,2021년 8월 18일 21시,수요일,인천광역시 미추홀구 주안동,경상사고,0,0,1,0,차대차 - 정면충돌,안전운전불이행,건조,맑음,교차로 - 교차로안,승용,남,27세,상해없음,승용,남,74세,경상
2021081800100538,2021년 8월 18일 21시,수요일,인천광역시 서구 가좌동,경상사고,0,0,2,0,차대차 - 추돌,중앙선침범,건조,맑음,교차로 - 교차로부근,승용,남,44세,경상,이륜,남,26세,경상
2021081800100572,2021년 8월 18일 22시,수요일,인천광역시 서구 가정동,중상사고,0,2,1,0,차대차 - 기타,중앙선침범,건조,맑음,단일로 - 기타,승용,남,34세,경상,승용,남,39세,중상
2021081800100573,2021년 8월 18일 22시,수요일,인천광역시 미추홀구 학익동,경상사고,0,0,4,0,차대차 - 추돌,안전운전불이행,건조,맑음,단일로 - 교량,승용,남,26세,상해없음,승용,여,43세,경상
2021081800100590,2021년 8월 18일 23시,수요일,인천광역시 미추홀구 주안동,경상사고,0,0,2,0,차대차 - 추돌,안전운전불이행,건조,맑음,교차로 - 교차로부근,승용,남,48세,상해없음,승용,남,39세,경상
2021081800100591,2021년 8월 18일 23시,수요일,인천광역시 계양구 계산동,중상사고,0,1,1,0,차대차 - 측면충돌,안전운전불이행,건조,맑음,단일로 - 기타,원동기,남,19세,경상,원동기,여,20세,중상
2021081900100002,2021년 8월 19일 00시,목요일,인천광역시 미추홀구 주안동,부상신고사고,0,0,0,1,차대사람 - 횡단중,안전운전불이행,건조,기타,단일로 - 기타,승용,남,38세,기타불명,보행자,남,26세,부상신고
2021081900100011,2021년 8월 19일 02시,목요일,인천광역시 서구 석남동,경상사고,0,0,1,0,차대사람 - 기타,안전운전불이행,건조,맑음,단일로 - 기타,승용,남,33세,상해없음,보행자,남,66세,경상
2021081900100029,2021년 8월 19일 06시,목요일,인천광역시 서구 경서동,중상사고,0,1,2,0,차대차 - 기타,안전운전불이행,건조,맑음,단일로 - 기타,승용,남,51세,경상,승용,남,65세,경상
2021081900100047,2021년 8월 19일 07시,목요일,인천광역시 계양구 작전동,경상사고,0,0,1,0,차대차 - 후진중충돌,안전운전불이행,건조,맑음,단일로 - 기타,화물,남,63세,상해없음,화물,남,64세,경상
2021081900100048,2021년 8월 19일 07시,목요일,인천광역시 부평구 부개동,경상사고,0,0,1,0,차대사람 - 횡단중,보행자보호의무위반,건조,맑음,단일로 - 기타,기타불명,기타불명,미분류,기타불명,보행자,남,54세,경상
2021081900100080,2021년 8월 19일 08시,목요일,인천광역시 중구 운남동,경상사고,0,0,1,0,차대차 - 정면충돌,중앙선침범,건조,맑음,교차로 - 교차로횡단보도내,승용,남,50세,상해없음,승용,남,46세,경상
2021081900100082,2021년 8월 19일 08시,목요일,인천광역시 서구 검암동,경상사고,0,0,1,0,차대차 - 기타,안전운전불이행,건조,맑음,교차로 - 교차로안,화물,남,29세,상해없음,승용,남,51세,경상
2021081900100083,2021년 8월 19일 08시,목요일,인천광역시 계양구 장기동,중상사고,0,1,0,0,차대차 - 추돌,중앙선침범,건조,맑음,단일로 - 기타,승용,남,34세,기타불명,이륜,남,65세,중상
2021081900100120,2021년 8월 19일 09시,목요일,인천광역시 남동구 간석동,경상사고,0,0,1,0,차대차 - 측면충돌,교차로운행방법위반,건조,맑음,교차로 - 교차로안,승용,남,26세,상해없음,승용,남,26세,상해없음
2021081900100121,2021년 8월 19일 09시,목요일,인천광역시 서구 가정동,경상사고,0,0,2,0,차대차 - 측면충돌,안전운전불이행,건조,맑음,단일로 - 기타,승합,남,81세,상해없음,승용,남,47세,경상
2021081900100122,2021년 8월 19일 09시,목요일,인천광역시 남동구 장수동,경상사고,0,0,1,0,차대차 - 측면충돌,안전운전불이행,건조,맑음,단일로 - 기타,승용,여,52세,경상,화물,남,51세,상해없음
2021081900100160,2021년 8월 19일 10시,목요일,인천광역시 서구 원창동,경상사고,0,0,1,0,차대차 - 기타,안전운전불이행,건조,맑음,단일로 - 기타,승용,여,56세,상해없음,자전거,남,42세,경상
2021081900100197,2021년 8월 19일 11시,목요일,인천광역시 미추홀구 주안동,경상사고,0,0,2,0,차대차 - 측면충돌,안전운전불이행,건조,맑음,기타 - 기타,승용,여,25세,상해없음,승용,남,49세,경상
2021081900100198,2021년 8월 19일 11시,목요일,인천광역시 서구 가정동,중상사고,0,1,1,0,차대차 - 측면충돌,안전운전불이행,건조,맑음,교차로 - 교차로안,승용,여,57세,경상,화물,남,64세,중상
2021081900100230,2021년 8월 19일 12시,목요일,인천광역시 남동구 구월동,경상사고,0,0,1,0,차대차 - 추돌,안전운전불이행,건조,맑음,단일로 - 기타,이륜,남,52세,상해없음,승용,남,34세,상해없음
2021081900100231,2021년 8월 19일 12시,목요일,인천광역시 서구 청라동,경상사고,0,0,1,0,차대사람 - 횡단중,신호위반,건조,맑음,교차로 - 교차로횡단보도내,이륜,남,20세,상해없음,보행자,여,68세,경상
2021081900100295,2021년 8월 19일 14시,목요일,인천광역시 남동구 구월동,중상사고,0,1,0,0,차대차 - 측면충돌,안전운전불이행,건조,맑음,기타 - 기타,승용,남,46세,상해없음,이륜,남,31세,중상
2021081900100334,2021년 8월 19일 15시,목요일,인천광역시 남동구 구월동,경상사고,0,0,1,0,차대차 - 측면충돌,신호위반,건조,맑음,단일로 - 기타,승용,여,53세,상해없음,승용,남,73세,상해없음
2021081900100335,2021년 8월 19일 15시,목요일,인천광역시 부평구 부평동,경상사고,0,0,2,0,차대사람 - 차도통행중,안전운전불이행,기타,기타,단일로 - 기타,자전거,여,44세,경상,보행자,여,10세,경상
2021081900100370,2021년 8월 19일 16시,목요일,인천광역시 남동구 만수동,경상사고,0,0,1,0,차대차 - 측면충돌,차로위반,건조,맑음,단일로 - 교량,화물,남,54세,상해없음,승용,남,27세,경상
2021081900100460,2021년 8월 19일 18시,목요일,인천광역시 남동구 구월동,경상사고,0,0,1,0,차대차 - 측면충돌,직진우회전진행방해,건조,맑음,교차로 - 교차로안,승용,여,41세,기타불명,승용,여,33세,경상
2021081900100550,2021년 8월 19일 21시,목요일,인천광역시 미추홀구 학익동,중상사고,0,1,0,0,차대차 - 측면충돌,안전운전불이행,건조,맑음,단일로 - 기타,승용,남,51세,상해없음,이륜,남,41세,중상
2021081900100573,2021년 8월 19일 22시,목요일,인천광역시 중구 운남동,중상사고,0,1,0,0,차대차 - 추돌,안전운전불이행,젖음/습기,비,단일로 - 기타,승용,남,33세,상해없음,승용,남,53세,중상
2021081900100574,2021년 8월 19일 22시,목요일,인천광역시 남동구 구월동,중상사고,0,1,0,0,차대사람 - 보도통행중,안전운전불이행,건조,맑음,단일로 - 기타,개인형이동수단(PM),여,20세,상해없음,보행자,남,55세,중상
2021082000100056,2021년 8월 20일 07시,금요일,인천광역시 남동구 서창동,경상사고,0,0,1,0,차대차 - 추돌,안전거리미확보,건조,맑음,단일로 - 기타,승용,여,44세,상해없음,승용,남,47세,경상
2021082000100078,2021년 8월 20일 08시,금요일,인천광역시 부평구 십정동,경상사고,0,0,1,0,차대차 - 추돌,안전운전불이행,건조,맑음,교차로 - 교차로부근,승용,여,42세,상해없음,승용,남,35세,경상
2021082000100079,2021년 8월 20일 08시,금요일,인천광역시 서구 가좌동,경상사고,0,0,1,0,차대사람 - 횡단중,안전운전불이행,건조,맑음,교차로 - 교차로안,화물,남,40세,상해없음,보행자,남,18세,경상
2021082000100106,2021년 8월 20일 09시,금요일,인천광역시 서구 불로동,경상사고,0,0,1,0,차대차 - 추돌,안전운전불이행,건조,맑음,단일로 - 기타,승용,여,51세,상해없음,승용,여,44세,경상
2021082000100167,2021년 8월 20일 11시,금요일,인천광역시 서구 석남동,중상사고,0,1,0,0,차대사람 - 기타,안전운전불이행,건조,맑음,단일로 - 기타,승용,남,27세,상해없음,보행자,남,77세,중상
2021082000100168,2021년 8월 20일 11시,금요일,인천광역시 부평구 부평동,경상사고,0,0,2,0,차대차 - 측면충돌,안전운전불이행,건조,맑음,교차로 - 교차로안,승용,남,24세,기타불명,승용,여,83세,경상
2021082000100169,2021년 8월 20일 11시,금요일,인천광역시 중구 중산동,중상사고,0,1,4,0,차대차 - 측면충돌,안전거리미확보,건조,맑음,단일로 - 교량,승용,남,73세,경상,승용,남,30세,중상
2021082000100215,2021년 8월 20일 12시,금요일,인천광역시 부평구 부평동,중상사고,0,1,1,0,차대차 - 측면충돌,중앙선침범,건조,맑음,교차로 - 교차로부근,이륜,남,39세,중상,승용,남,55세,경상
2021082000100250,2021년 8월 20일 13시,금요일,인천광역시 서구 심곡동,중상사고,0,1,0,0,차대차 - 후진중충돌,안전운전불이행,건조,맑음,단일로 - 기타,화물,남,52세,상해없음,이륜,남,46세,중상
2021082000100370,2021년 8월 20일 16시,금요일,인천광역시 서구 왕길동,경상사고,0,0,1,0,차대차 - 추돌,안전운전불이행,건조,맑음,주차장 - 주차장,승용,여,34세,상해없음,승용,남,45세,경상