사고번호,사고일시,요일,시군구,사고내용,사망자수,중상자수,경상자수,부상신고자수,사고유형,법규위반,노면상태,기상상태,도로형태,가해운전자 차종,가해운전자 성별,가해운전자 연령,가해운전자 상해정도,피해운전자 차종,피해운전자 성별,피해운전자 연령,피해운전자 상해정도
2021082000100425,2021년 8월 20일 17시,금요일,인천광역시 동구 송림동,중상사고,0,1,0,0,차대사람 - 횡단중,보행자보호의무위반,건조,맑음,교차로 - 교차로횡단보도내,화물,남,52세,상해없음,보행자,여,69세,중상
2021082000100426,2021년 8월 20일 17시,금요일,인천광역시 미추홀구 주안동,경상사고,0,0,1,0,차대차 - 기타,안전운전불이행,건조,기타,단일로 - 기타,승용,여,53세,상해없음,승용,남,40세,경상
2021082000100427,2021년 8월 20일 17시,금요일,인천광역시 미추홀구 용현동,경상사고,0,0,1,0,차대차 - 측면충돌,교차로운행방법위반,건조,맑음,교차로 - 교차로부근,승용,여,29세,상해없음,승용,여,39세,경상
2021082000100428,2021년 8월 20일 17시,금요일,인천광역시 서구 신현동,중상사고,0,1,0,0,차대사람 - 기타,신호위반,건조,맑음,단일로 - 기타,승용,여,42세,상해없음,보행자,남,7세,중상
2021082000100477,2021년 8월 20일 18시,금요일,인천광역시 미추홀구 도화동,경상사고,0,0,1,0,차대차 - 측면충돌,안전거리미확보,건조,맑음,단일로 - 기타,승용,남,39세,기타불명,승용,여,49세,경상
2021082000100478,2021년 8월 20일 18시,금요일,인천광역시 연수구 청학동,경상사고,0,0,1,0,차대차 - 측면충돌,안전운전불이행,건조,맑음,단일로 - 기타,승용,여,30세,상해없음,승용,여,53세,경상
2021082000100479,2021년 8월 20일 18시,금요일,인천광역시 부평구 부평동,부상신고사고,0,0,0,2,차대차 - 측면충돌,직진우회전진행방해,기타,맑음,교차로 - 교차로안,이륜,남,24세,부상신고,이륜,남,50세,부상신고
2021082000100480,2021년 8월 20일 18시,금요일,인천광역시 남동구 운연동,경상사고,0,0,3,0,차대차 - 측면충돌,교차로운행방법위반,젖음/습기,맑음,교차로 - 교차로안,승용,여,61세,경상,승용,여,36세,경상
2021082000100551,2021년 8월 20일 20시,금요일,인천광역시 미추홀구 학익동,경상사고,0,0,1,0,차대차 - 정면충돌,안전운전불이행,건조,맑음,교차로 - 교차로안,이륜,남,17세,상해없음,개인형이동수단(PM),남,33세,경상
2021082000100590,2021년 8월 20일 21시,금요일,인천광역시 서구 가정동,경상사고,0,0,1,0,차대차 - 기타,안전운전불이행,건조,맑음,교차로 - 교차로부근,승용,남,67세,상해없음,승용,여,29세,경상
2021082000100591,2021년 8월 20일 21시,금요일,인천광역시 부평구 구산동,경상사고,0,0,1,0,차대차 - 측면충돌,안전운전불이행,건조,맑음,단일로 - 기타,승용,남,59세,기타불명,이륜,남,29세,경상
2021082000100643,2021년 8월 20일 23시,금요일,인천광역시 서구 당하동,경상사고,0,0,1,0,차대차 - 기타,안전운전불이행,건조,맑음,교차로 - 교차로안,승합,남,32세,기타불명,승용,여,51세,경상
2021082100100018,2021년 8월 21일 02시,토요일,인천광역시 부평구 부개동,경상사고,0,0,2,0,차대차 - 측면충돌,안전운전불이행,기타,기타,교차로 - 교차로부근,승용,남,32세,상해없음,승용,남,48세,기타불명
2021082100100040,2021년 8월 21일 06시,토요일,인천광역시 남동구 만수동,경상사고,0,0,1,0,차대차 - 추돌,안전거리미확보,건조,맑음,교차로 - 교차로부근,화물,남,54세,상해없음,승용,남,38세,상해없음
2021082100100083,2021년 8월 21일 09시,토요일,인천광역시 남동구 만수동,경상사고,0,0,1,0,차대차 - 측면충돌,신호위반,젖음/습기,비,교차로 - 교차로안,승용,남,29세,상해없음,승합,남,63세,상해없음
2021082100100181,2021년 8월 21일 12시,토요일,인천광역시 부평구 청천동,경상사고,0,0,2,0,차대차 - 측면충돌,안전운전불이행,젖음/습기,비,교차로 - 교차로부근,승용,남,63세,상해없음,승용,남,40세,경상
2021082100100223,2021년 8월 21일 13시,토요일,인천광역시 부평구 청천동,경상사고,0,0,1,0,차대차 - 추돌,안전거리미확보,건조,맑음,단일로 - 교량,승용,남,63세,상해없음,승용,남,29세,경상
2021082100100297,2021년 8월 21일 15시,토요일,인천광역시 부평구 일신동,경상사고,0,0,2,0,차대차 - 기타,안전운전불이행,건조,맑음,단일로 - 기타,승용,여,43세,상해없음,승용,남,29세,경상
2021082100100357,2021년 8월 21일 17시,토요일,인천광역시 부평구 부평동,경상사고,0,0,1,0,차대차 - 추돌,안전운전불이행,건조,맑음,교차로 - 교차로부근,화물,남,52세,상해없음,이륜,남,21세,경상
2021082100100383,2021년 8월 21일 18시,토요일,인천광역시 미추홀구 용현동,경상사고,0,0,1,0,차대차 - 기타,안전운전불이행,건조,흐림,교차로 - 교차로안,승용,여,31세,상해없음,원동기,남,34세,경상
2021082100100442,2021년 8월 21일 20시,토요일,인천광역시 서구 마전동,경상사고,0,0,1,0,차대사람 - 횡단중,보행자보호의무위반,젖음/습기,비,교차로 - 교차로안,이륜,남,50세,상해없음,보행자,남,48세,경상
2021082100100443,2021년 8월 21일 20시,토요일,인천광역시 남동구 논현동,경상사고,0,0,3,0,차대차 - 측면충돌,안전거리미확보,건조,맑음,교차로 - 교차로부근,승용,남,44세,상해없음,승용,여,35세,경상
2021082100100470,2021년 8월 21일 21시,토요일,인천광역시 서구 마전동,경상사고,0,0,1,0,차대차 - 기타,안전운전불이행,건조,맑음,단일로 - 기타,승용,남,40세,상해없음,화물,남,65세,기타불명
2021082100100503,2021년 8월 21일 22시,토요일,인천광역시 미추홀구 용현동,중상사고,0,1,0,0,차대사람 - 횡단중,보행자보호의무위반,건조,맑음,교차로 - 교차로안,승용,남,57세,상해없음,보행자,여,82세,중상
2021082100100504,2021년 8월 21일 22시,토요일,인천광역시 부평구 십정동,경상사고,0,0,1,0,차대차 - 측면충돌,안전운전불이행,건조,맑음,교차로 - 교차로부근,승용,여,34세,상해없음,이륜,남,27세,기타불명
2021082100100505,2021년 8월 21일 22시,토요일,인천광역시 남동구 구월동,중상사고,0,1,0,0,차대차 - 측면충돌,교차로운행방법위반,건조,맑음,교차로 - 교차로안,승용,남,60세,상해없음,이륜,남,35세,중상
2021082100100506,2021년 8월 21일 22시,토요일,인천광역시 강화군 선원면,중상사고,0,1,0,0,차대차 - 측면충돌,신호위반,건조,맑음,교차로 - 교차로안,이륜,남,20세,중상,승용,남,34세,상해없음
2021082100100507,2021년 8월 21일 22시,토요일,인천광역시 연수구 동춘동,경상사고,0,0,1,0,차대사람 - 차도통행중,안전운전불이행,건조,맑음,교차로 - 교차로부근,승용,여,52세,상해없음,보행자,남,39세,경상
2021082100100508,2021년 8월 21일 22시,토요일,인천광역시 부평구 부평동,경상사고,0,0,1,0,차대사람 - 기타,안전운전불이행,건조,맑음,교차로 - 교차로안,승용,남,28세,상해없음,보행자,남,25세,경상
2021082100100509,2021년 8월 21일 22시,토요일,인천광역시 부평구 부평동,경상사고,0,0,1,0,차대차 - 기타,안전운전불이행,건조,맑음,단일로 - 기타,승용,남,37세,기타불명,이륜,남,25세,상해없음
2021082200100036,2021년 8월 22일 06시,일요일,인천광역시 남동구 구월동,중상사고,0,1,0,0,차대사람 - 횡단중,신호위반,건조,맑음,교차로 - 교차로안,화물,남,72세,상해없음,보행자,여,54세,중상
2021082200100045,2021년 8월 22일 07시,일요일,인천광역시 미추홀구 도화동,중상사고,0,1,0,0,차대사람 - 횡단중,신호위반,건조,맑음,교차로 - 교차로안,승용,남,46세,상해없음,보행자,여,77세,중상
2021082200100078,2021년 8월 22일 10시,일요일,인천광역시 부평구 구산동,경상사고,0,0,2,0,차대차 - 후진중충돌,안전운전불이행,건조,맑음,단일로 - 기타,승용,여,63세,상해없음,승용,남,36세,경상
2021082200100100,2021년 8월 22일 11시,일요일,인천광역시 부평구 십정동,경상사고,0,0,1,0,차대차 - 기타,차로위반,건조,맑음,단일로 - 기타,승용,남,29세,상해없음,승용,남,26세,경상
2021082200100123,2021년 8월 22일 12시,일요일,인천광역시 연수구 연수동,경상사고,0,0,1,0,차대차 - 기타,안전거리미확보,건조,맑음,단일로 - 기타,승용,남,56세,상해없음,승용,남,45세,상해없음
2021082200100188,2021년 8월 22일 14시,일요일,인천광역시 중구 남북동,중상사고,0,1,0,0,차대차 - 측면충돌,차로위반,건조,맑음,교차로 - 교차로안,승용,여,53세,상해없음,화물,남,62세,중상
2021082200100218,2021년 8월 22일 15시,일요일,인천광역시 서구 백석동,경상사고,0,0,2,0,차대차 - 추돌,안전운전불이행,건조,맑음,단일로 - 기타,승용,남,34세,상해없음,승용,여,29세,경상
2021082200100219,2021년 8월 22일 15시,일요일,인천광역시 강화군 화도면,경상사고,0,0,2,0,차대차 - 기타,중앙선침범,건조,맑음,단일로 - 지하차도(도로)내,승용,남,61세,상해없음,승용,남,28세,경상
2021082200100253,2021년 8월 22일 16시,일요일,인천광역시 동구 송현동,경상사고,0,0,3,0,차대차 - 측면충돌,안전운전불이행,건조,맑음,교차로 - 교차로부근,승용,여,47세,상해없음,승용,남,39세,경상
2021082200100303,2021년 8월 22일 18시,일요일,인천광역시 미추홀구 용현동,중상사고,0,1,0,0,차대차 - 측면충돌,안전운전불이행,건조,맑음,단일로 - 기타,승용,남,39세,상해없음,이륜,남,32세,중상
2021082200100336,2021년 8월 22일 20시,일요일,인천광역시 남동구 간석동,경상사고,0,0,1,0,차대차 - 측면충돌,신호위반,건조,흐림,단일로 - 기타,승용,남,64세,상해없음,승용,남,34세,경상
2021082200100337,2021년 8월 22일 20시,일요일,인천광역시 서구 청라동,경상사고,0,0,2,0,차대차 - 측면충돌,신호위반,건조,맑음,교차로 - 교차로안,승용,여,29세,상해없음,승용,여,31세,경상
2021082200100354,2021년 8월 22일 21시,일요일,인천광역시 중구 북성동1가,경상사고,0,0,5,0,차대차 - 정면충돌,중앙선침범,건조,맑음,교차로 - 교차로안,이륜,남,24세,상해없음,승용,남,66세,경상
2021082300100005,2021년 8월 23일 01시,월요일,인천광역시 미추홀구 주안동,경상사고,0,0,1,0,차대차 - 측면충돌,안전운전불이행,건조,맑음,교차로 - 교차로안,승용,남,57세,상해없음,승용,남,21세,상해없음
2021082300100070,2021년 8월 23일 08시,월요일,인천광역시 계양구 작전동,경상사고,0,0,2,0,차대차 - 추돌,안전운전불이행,건조,맑음,단일로 - 기타,승용,남,57세,상해없음,승용,남,27세,경상
2021082300100208,2021년 8월 23일 12시,월요일,인천광역시 남동구 남촌동,경상사고,0,0,1,0,차대사람 - 횡단중,보행자보호의무위반,건조,맑음,교차로 - 교차로안,화물,남,71세,상해없음,보행자,여,76세,경상
2021082300100251,2021년 8월 23일 13시,월요일,인천광역시 남동구 간석동,경상사고,0,0,1,0,차대차 - 후진중충돌,안전운전불이행,젖음/습기,맑음,단일로 - 기타,승용,남,59세,상해없음,승용,남,27세,경상
2021082300100252,2021년 8월 23일 13시,월요일,인천광역시 연수구 송도동,경상사고,0,0,2,0,차대차 - 측면충돌,안전운전불이행,젖음/습기,비,단일로 - 지하차도(도로)내,승용,남,35세,경상,건설기계,남,42세,경상
2021082300100286,2021년 8월 23일 14시,월요일,인천광역시 부평구 부평동,경상사고,0,0,1,0,차대차 - 측면충돌,교차로운행방법위반,젖음/습기,비,교차로 - 교차로안,승용,남,58세,상해없음,승용,여,50세,경상
2021082300100343,2021년 8월 23일 16시,월요일,인천광역시 남동구 구월동,경상사고,0,0,1,0,차대사람 - 길가장자리구역통행중,안전운전불이행,젖음/습기,비,단일로 - 기타,화물,남,53세,기타불명,보행자,남,39세,경상
2021082300100344,2021년 8월 23일 16시,월요일,인천광역시 서구 검암동,중상사고,0,1,1,0,차대차 - 정면충돌,신호위반,젖음/습기,비,교차로 - 교차로안,승용,남,39세,경상,이륜,남,21세,중상
2021082300100345,2021년 8월 23일 16시,월요일,인천광역시 부평구 삼산동,경상사고,0,0,1,1,차대차 - 측면충돌,안전운전불이행,젖음/습기,비,단일로 - 기타,화물,남,59세,상해없음,승용,여,43세,경상
2021082300100386,2021년 8월 23일 17시,월요일,인천광역시 중구 운북동,경상사고,0,0,1,0,차대차 - 추돌,안전운전불이행,젖음/습기,비,단일로 - 기타,승용,여,57세,상해없음,이륜,남,37세,경상
2021082300100387,2021년 8월 23일 17시,월요일,인천광역시 서구 가좌동,경상사고,0,0,4,0,차대차 - 측면충돌,안전운전불이행,젖음/습기,비,교차로 - 교차로안,승용,남,55세,경상,승용,남,37세,경상
2021082300100422,2021년 8월 23일 18시,월요일,인천광역시 동구 송현동,경상사고,0,0,1,0,차대차 - 추돌,안전운전불이행,건조,맑음,단일로 - 기타,승용,남,61세,상해없음,승용,남,31세,경상
2021082300100423,2021년 8월 23일 18시,월요일,인천광역시 부평구 부개동,중상사고,0,1,0,0,차대사람 - 횡단중,보행자보호의무위반,젖음/습기,비,교차로 - 교차로안,승합,남,45세,상해없음,보행자,여,76세,중상
2021082300100424,2021년 8월 23일 18시,월요일,인천광역시 남동구 장수동,경상사고,0,0,1,0,차대차 - 측면충돌,안전운전불이행,건조,맑음,단일로 - 기타,승용,남,55세,상해없음,승용,남,33세,경상
2021082300100472,2021년 8월 23일 19시,월요일,인천광역시 서구 검암동,경상사고,0,0,1,0,차대차 - 추돌,안전운전불이행,건조,맑음,교차로 - 교차로안,승용,여,52세,상해없음,승용,남,46세,경상
2021082300100473,2021년 8월 23일 19시,월요일,인천광역시 부평구 부평동,경상사고,0,0,1,0,차대차 - 정면충돌,중앙선침범,젖음/습기,비,단일로 - 기타,이륜,남,45세,상해없음,이륜,남,27세,경상
2021082300100519,2021년 8월 23일 20시,월요일,인천광역시 남동구 간석동,경상사고,0,0,2,0,차대차 - 측면충돌,안전운전불이행,젖음/습기,흐림,교차로 - 교차로안,화물,남,65세,상해없음,승용,남,25세,경상
2021082300100520,2021년 8월 23일 20시,월요일,인천광역시 연수구 청학동,경상사고,0,0,1,0,차대차 - 측면충돌,안전거리미확보,젖음/습기,비,교차로 - 교차로안,승용,여,55세,상해없음,승용,남,32세,경상
2021082300100555,2021년 8월 23일 21시,월요일,인천광역시 서구 마전동,경상사고,0,0,3,0,차대사람 - 횡단중,신호위반,젖음/습기,비,교차로 - 교차로안,이륜,남,51세,상해없음,보행자,여,13세,경상
2021082400100090,2021년 8월 24일 08시,화요일,인천광역시 부평구 삼산동,경상사고,0,0,1,0,차대차 - 추돌,안전운전불이행,젖음/습기,흐림,교차로 - 교차로안,승용,남,64세,상해없음,승용,여,51세,경상
2021082400100154,2021년 8월 24일 11시,화요일,인천광역시 계양구 계산동,중상사고,0,1,0,0,차대차 - 추돌,안전운전불이행,건조,맑음,단일로 - 기타,승용,여,39세,상해없음,특수,남,43세,중상
2021082400100186,2021년 8월 24일 12시,화요일,인천광역시 서구 검암동,경상사고,0,0,1,0,차대차 - 기타,안전운전불이행,건조,맑음,교차로 - 교차로부근,승용,여,42세,상해없음,화물,남,61세,경상
2021082400100187,2021년 8월 24일 12시,화요일,인천광역시 남동구 논현동,경상사고,0,0,2,0,차대차 - 측면충돌,안전운전불이행,젖음/습기,비,교차로 - 교차로안,승용,여,36세,경상,승용,여,31세,경상
2021082400100222,2021년 8월 24일 13시,화요일,인천광역시 미추홀구 도화동,경상사고,0,0,3,0,차대차 - 측면충돌,안전거리미확보,건조,맑음,단일로 - 지하차도(도로)내,승용,남,77세,경상,승용,남,50세,경상
2021082400100223,2021년 8월 24일 13시,화요일,인천광역시 부평구 일신동,경상사고,0,0,1,0,차대차 - 측면충돌,안전운전불이행,건조,맑음,단일로 - 기타,승용,남,69세,상해없음,승용,남,25세,경상
2021082400100255,2021년 8월 24일 14시,화요일,인천광역시 미추홀구 주안동,경상사고,0,0,1,0,차대차 - 측면충돌,안전운전불이행,건조,맑음,단일로 - 기타,화물,남,50세,상해없음,승용,남,34세,경상
2021082400100364,2021년 8월 24일 17시,화요일,인천광역시 남동구 간석동,경상사고,0,0,1,0,차대사람 - 횡단중,보행자보호의무위반,건조,맑음,교차로 - 교차로부근,승용,남,60세,상해없음,보행자,여,68세,경상
2021082400100436,2021년 8월 24일 19시,화요일,인천광역시 강화군 강화읍,중상사고,0,1,0,0,차대사람 - 횡단중,안전운전불이행,젖음/습기,비,단일로 - 지하차도(도로)내,이륜,남,79세,상해없음,보행자,남,85세,중상
2021082400100437,2021년 8월 24일 19시,화요일,인천광역시 강화군 강화읍,경상사고,0,0,1,0,차대차 - 측면충돌,교차로운행방법위반,건조,맑음,교차로 - 교차로안,승용,여,71세,상해없음,승용,여,52세,경상
2021082400100473,2021년 8월 24일 20시,화요일,인천광역시 남동구 구월동,경상사고,0,0,1,0,차대차 - 측면충돌,교차로운행방법위반,젖음/습기,맑음,교차로 - 교차로안,이륜,남,30세,경상,이륜,남,51세,상해없음
2021082400100501,2021년 8월 24일 21시,화요일,인천광역시 서구 가좌동,경상사고,0,0,1,0,차대차 - 추돌,안전운전불이행,건조,맑음,교차로 - 교차로부근,이륜,남,34세,기타불명,승합,남,56세,경상
2021082400100502,2021년 8월 24일 21시,화요일,인천광역시 서구 심곡동,경상사고,0,0,1,0,차대차 - 추돌,안전운전불이행,건조,맑음,교차로 - 교차로부근,화물,남,49세,상해없음,승용,남,63세,경상
2021082400100535,2021년 8월 24일 22시,화요일,인천광역시 연수구 동춘동,중상사고,0,1,1,0,차대차 - 측면충돌,안전거리미확보,건조,맑음,교차로 - 교차로부근,승용,남,31세,상해없음,승용,남,30세,중상
2021082500100014,2021년 8월 25일 01시,수요일,인천광역시 계양구 계산동,경상사고,0,0,1,0,차대차 - 기타,안전운전불이행,건조,맑음,단일로 - 기타,승용,남,52세,상해없음,승용,여,30세,경상
2021082500100044,2021년 8월 25일 06시,수요일,인천광역시 부평구 부평동,경상사고,0,0,2,0,차대차 - 측면충돌,신호위반,건조,맑음,교차로 - 교차로안,원동기,여,46세,경상,승용,남,34세,경상
2021082500100060,2021년 8월 25일 07시,수요일,인천광역시 부평구 청천동,경상사고,0,0,1,0,차대차 - 추돌,안전거리미확보,건조,맑음,교차로 - 교차로부근,승용,남,30세,상해없음,승용,남,36세,경상
2021082500100092,2021년 8월 25일 08시,수요일,인천광역시 미추홀구 도화동,경상사고,0,0,2,0,차대차 - 측면충돌,안전운전불이행,건조,맑음,단일로 - 기타,승용,남,31세,상해없음,승용,남,29세,경상
2021082500100093,2021년 8월 25일 08시,수요일,인천광역시 남동구 간석동,경상사고,0,0,1,0,차대차 - 측면충돌,안전운전불이행,건조,맑음,단일로 - 기타,승용,남,48세,상해없음,승용,여,72세,경상
2021082500100094,2021년 8월 25일 08시,수요일,인천광역시 남동구 만수동,경상사고,0,0,1,0,차대사람 - 횡단중,기타,건조,맑음,단일로 - 기타,자전거,여,50세,상해없음,보행자,여,21세,경상
2021082500100150,2021년 8월 25일 10시,수요일,인천광역시 남동구 간석동,경상사고,0,0,1,0,차대차 - 측면충돌,차로위반,건조,맑음,단일로 - 기타,화물,남,56세,상해없음,승용,남,62세,경상
2021082500100151,2021년 8월 25일 10시,수요일,인천광역시 남동구 구월동,경상사고,0,0,1,0,차대차 - 추돌,안전운전불이행,건조,맑음,교차로 - 교차로안,승용,여,41세,상해없음,승용,남,49세,경상
2021082500100205,2021년 8월 25일 12시,수요일,인천광역시 부평구 산곡동,중상사고,0,2,0,0,차대차 - 측면충돌,중앙선침범,건조,맑음,교차로 - 교차로안,이륜,남,53세,중상,이륜,남,32세,중상
2021082500100206,2021년 8월 25일 12시,수요일,인천광역시 남동구 구월동,중상사고,0,1,0,1,차대차 - 추돌,안전거리미확보,건조,맑음,단일로 - 기타,승용,여,38세,부상신고,이륜,남,45세,중상
2021082500100207,2021년 8월 25일 12시,수요일,인천광역시 남동구 남촌동,경상사고,0,0,1,0,차대차 - 측면충돌,신호위반,건조,맑음,교차로 - 교차로안,승용,남,49세,상해없음,자전거,남,18세,경상
2021082500100242,2021년 8월 25일 13시,수요일,인천광역시 중구 운서동,경상사고,0,0,1,0,차대사람 - 횡단중,보행자보호의무위반,건조,맑음,교차로 - 교차로횡단보도내,이륜,남,46세,상해없음,보행자,여,30세,경상
2021082500100243,2021년 8월 25일 13시,수요일,인천광역시 계양구 작전동,경상사고,0,0,1,0,차대차 - 측면충돌,차로위반,건조,맑음,교차로 - 교차로부근,승용,남,59세,상해없음,승용,남,60세,경상
2021082500100276,2021년 8월 25일 14시,수요일,인천광역시 남동구 남촌동,중상사고,0,1,0,0,차대차 - 측면충돌,안전거리미확보,건조,맑음,단일로 - 기타,화물,남,45세,상해없음,이륜,남,52세,중상
2021082500100318,2021년 8월 25일 15시,수요일,인천광역시 부평구 청천동,경상사고,0,0,1,0,차대차 - 측면충돌,안전운전불이행,건조,맑음,단일로 - 기타,승용,남,41세,상해없음,승용,남,57세,경상
2021082500100349,2021년 8월 25일 16시,수요일,인천광역시 부평구 부평동,중상사고,0,1,0,0,차대차 - 측면충돌,안전운전불이행,건조,맑음,교차로 - 교차로부근,이륜,남,22세,중상,승용,남,19세,상해없음
2021082500100350,2021년 8월 25일 16시,수요일,인천광역시 연수구 송도동,경상사고,0,0,1,0,차대차 - 추돌,안전운전불이행,젖음/습기,흐림,단일로 - 교량,화물,남,35세,상해없음,승용,남,50세,경상
2021082500100386,2021년 8월 25일 17시,수요일,인천광역시 남동구 구월동,경상사고,0,0,1,0,차대차 - 추돌,안전운전불이행,건조,맑음,단일로 - 기타,승용,남,58세,상해없음,승용,남,37세,경상
2021082500100387,2021년 8월 25일 17시,수요일,인천광역시 부평구 삼산동,경상사고,0,0,1,0,차대사람 - 기타,안전운전불이행,건조,맑음,교차로 - 교차로부근,화물,남,50세,상해없음,보행자,여,76세,경상
2021082500100472,2021년 8월 25일 19시,수요일,인천광역시 남동구 논현동,경상사고,0,0,1,0,차대차 - 측면충돌,안전운전불이행,건조,맑음,교차로 - 교차로부근,승용,여,38세,상해없음,승용,여,53세,경상
2021082500100506,2021년 8월 25일 20시,수요일,인천광역시 부평구 부개동,경상사고,0,0,2,0,차대차 - 측면충돌,안전운전불이행,건조,맑음,기타 - 기타,승용,여,26세,상해없음,승용,남,31세,경상
2021082500100531,2021년 8월 25일 21시,수요일,인천광역시 부평구 청천동,경상사고,0,0,1,0,차대차 - 측면충돌,안전운전불이행,건조,맑음,교차로 - 교차로부근,화물,남,37세,상해없음,승용,남,56세,경상
2021082500100552,2021년 8월 25일 22시,수요일,인천광역시 부평구 갈산동,경상사고,0,0,1,0,차대차 - 정면충돌,신호위반,건조,맑음,교차로 - 교차로안,승용,남,50세,상해없음,승용,남,28세,경상
2021082600100012,2021년 8월 26일 01시,목요일,인천광역시 미추홀구 주안동,경상사고,0,0,1,0,차대차 - 측면충돌,안전운전불이행,건조,맑음,단일로 - 기타,승용,남,19세,상해없음,승용,남,48세,경상
2021082600100017,2021년 8월 26일 02시,목요일,인천광역시 미추홀구 관교동,중상사고,0,1,0,0,차대사람 - 기타,안전운전불이행,건조,맑음,단일로 - 기타,승용,남,22세,상해없음,보행자,남,36세,중상
2021082600100018,2021년 8월 26일 02시,목요일,인천광역시 계양구 효성동,중상사고,0,1,0,0,차대차 - 측면충돌,신호위반,건조,맑음,교차로 - 교차로안,이륜,남,37세,기타불명,승용,여,55세,중상
2021082600100025,2021년 8월 26일 04시,목요일,인천광역시 부평구 삼산동,부상신고사고,0,0,0,1,차대차 - 측면충돌,안전거리미확보,건조,맑음,단일로 - 교량,기타불명,기타불명,미분류,기타불명,승용,남,29세,부상신고
2021082600100046,2021년 8월 26일 06시,목요일,인천광역시 서구 연희동,사망사고,1,0,0,0,차대차 - 기타,안전운전불이행,건조,흐림,단일로 - 기타,승용,남,40세,상해없음,승용,남,27세,사망
2021082600100071,2021년 8월 26일 07시,목요일,인천광역시 서구 가좌동,경상사고,0,0,1,0,차대차 - 추돌,안전운전불이행,건조,맑음,기타 - 기타,자전거,남,72세,경상,승용,남,39세,기타불명
2021082600100193,2021년 8월 26일 11시,목요일,인천광역시 남동구 간석동,경상사고,0,0,3,0,차대차 - 측면충돌,안전운전불이행,건조,맑음,교차로 - 교차로안,승용,남,71세,경상,화물,남,54세,경상
2021082600100230,2021년 8월 26일 12시,목요일,인천광역시 부평구 갈산동,경상사고,0,0,2,0,차대차 - 후진중충돌,안전운전불이행,건조,맑음,단일로 - 기타,화물,남,54세,상해없음,승용,남,25세,경상
2021082600100231,2021년 8월 26일 12시,목요일,인천광역시 부평구 일신동,경상사고,0,0,3,0,차대차 - 측면충돌,안전거리미확보,건조,맑음,단일로 - 기타,화물,남,57세,상해없음,승용,남,25세,경상
2021082600100258,2021년 8월 26일 13시,목요일,인천광역시 미추홀구 주안동,경상사고,0,0,1,0,차대차 - 추돌,불법유턴,건조,맑음,교차로 - 교차로부근,승용,여,49세,상해없음,이륜,남,40세,경상
2021082600100300,2021년 8월 26일 14시,목요일,인천광역시 미추홀구 주안동,경상사고,0,0,2,0,차대차 - 정면충돌,안전운전불이행,건조,맑음,교차로 - 교차로안,승용,남,51세,상해없음,승용,남,38세,경상
2021082600100301,2021년 8월 26일 14시,목요일,인천광역시 연수구 동춘동,경상사고,0,0,1,0,차대사람 - 기타,안전운전불이행,건조,맑음,단일로 - 기타,개인형이동수단(PM),남,17세,상해없음,보행자,여,66세,경상
2021082600100337,2021년 8월 26일 15시,목요일,인천광역시 미추홀구 주안동,경상사고,0,0,2,0,차대차 - 기타,안전운전불이행,건조,맑음,교차로 - 교차로부근,승용,남,67세,경상,자전거,여,64세,경상
2021082600100338,2021년 8월 26일 15시,목요일,인천광역시 서구 가정동,경상사고,0,0,1,0,차대차 - 기타,안전운전불이행,젖음/습기,흐림,교차로 - 교차로안,화물,남,47세,상해없음,승용,여,27세,경상
2021082600100339,2021년 8월 26일 15시,목요일,인천광역시 서구 가정동,경상사고,0,0,1,0,차대차 - 기타,안전운전불이행,건조,맑음,단일로 - 기타,화물,남,37세,상해없음,승용,남,55세,경상
2021082600100340,2021년 8월 26일 15시,목요일,인천광역시 부평구 갈산동,경상사고,0,0,1,0,차대차 - 측면충돌,차로위반,건조,맑음,단일로 - 고가도로위,승용,여,59세,기타불명,승용,여,38세,경상
2021082600100377,2021년 8월 26일 16시,목요일,인천광역시 중구 항동7가,경상사고,0,0,1,0,차대차 - 측면충돌,안전거리미확보,건조,맑음,교차로 - 교차로부근,승용,여,19세,상해없음,화물,남,51세,경상
2021082600100378,2021년 8월 26일 16시,목요일,인천광역시 부평구 청천동,경상사고,0,0,1,0,차대차 - 측면충돌,교차로운행방법위반,건조,맑음,교차로 - 교차로부근,승용,기타불명,미분류,기타불명,특수,남,43세,경상
2021082600100379,2021년 8월 26일 16시,목요일,인천광역시 부평구 부평동,경상사고,0,0,1,0,차대사람 - 기타,안전운전불이행,건조,맑음,단일로 - 기타,승용,여,57세,상해없음,보행자,남,30세,경상
2021082600100415,2021년 8월 26일 17시,목요일,인천광역시 미추홀구 학익동,중상사고,0,1,0,0,차대차 - 측면충돌,안전거리미확보,건조,맑음,단일로 - 지하차도(도로)내,화물,남,33세,상해없음,승용,남,31세,중상
2021082600100416,2021년 8월 26일 17시,목요일,인천광역시 미추홀구 용현동,경상사고,0,0,2,0,차대차 - 측면충돌,안전운전불이행,건조,맑음,교차로 - 교차로안,승용,여,29세,상해없음,화물,남,74세,경상
2021082600100417,2021년 8월 26일 17시,목요일,인천광역시 남동구 논현동,중상사고,0,1,0,0,차대차 - 측면충돌,교차로운행방법위반,건조,흐림,교차로 - 교차로횡단보도내,승용,여,65세,상해없음,자전거,남,12세,중상
2021082600100457,2021년 8월 26일 18시,목요일,인천광역시 미추홀구 숭의동,경상사고,0,0,1,0,차대사람 - 횡단중,안전운전불이행,건조,기타,단일로 - 기타,기타불명,기타불명,미분류,기타불명,보행자,여,21세,경상