사고번호,사고일시,요일,시군구,사고내용,사망자수,중상자수,경상자수,부상신고자수,사고유형,법규위반,노면상태,기상상태,도로형태,가해운전자 차종,가해운전자 성별,가해운전자 연령,가해운전자 상해정도,피해운전자 차종,피해운전자 성별,피해운전자 연령,피해운전자 상해정도
2021082600100458,2021년 8월 26일 18시,목요일,인천광역시 남동구 고잔동,경상사고,0,0,1,0,차대차 - 측면충돌,차로위반,건조,맑음,교차로 - 교차로부근,승용,여,28세,상해없음,승용,남,41세,경상
2021082600100487,2021년 8월 26일 19시,목요일,인천광역시 남동구 구월동,경상사고,0,0,1,0,차대차 - 추돌,안전운전불이행,건조,맑음,교차로 - 교차로부근,승합,남,52세,상해없음,승용,남,28세,경상
2021082600100488,2021년 8월 26일 19시,목요일,인천광역시 서구 가좌동,경상사고,0,0,2,0,차대차 - 기타,안전운전불이행,건조,맑음,교차로 - 교차로안,승용,남,64세,상해없음,승용,남,58세,경상
2021082600100489,2021년 8월 26일 19시,목요일,인천광역시 남동구 남촌동,경상사고,0,0,1,0,차대차 - 후진중충돌,불법유턴,건조,맑음,단일로 - 기타,승용,남,39세,상해없음,승용,남,40세,경상
2021082600100516,2021년 8월 26일 20시,목요일,인천광역시 동구 송림동,경상사고,0,0,1,0,차대차 - 추돌,안전운전불이행,건조,맑음,교차로 - 교차로부근,승용,남,53세,상해없음,승용,남,40세,경상
2021082600100517,2021년 8월 26일 20시,목요일,인천광역시 남동구 간석동,경상사고,0,0,1,0,차대차 - 측면충돌,신호위반,건조,맑음,단일로 - 기타,승용,남,64세,상해없음,이륜,남,21세,경상
2021082600100518,2021년 8월 26일 20시,목요일,인천광역시 부평구 부개동,경상사고,0,0,1,0,차대차 - 기타,안전운전불이행,건조,맑음,교차로 - 교차로안,승용,남,33세,기타불명,자전거,남,13세,경상
2021082600100519,2021년 8월 26일 20시,목요일,인천광역시 남동구 남촌동,경상사고,0,0,1,0,차대차 - 추돌,안전운전불이행,건조,맑음,단일로 - 기타,승용,남,68세,상해없음,승용,남,52세,경상
2021082700100041,2021년 8월 27일 06시,금요일,인천광역시 미추홀구 용현동,경상사고,0,0,1,0,차대차 - 기타,안전거리미확보,건조,맑음,단일로 - 지하차도(도로)내,승용,남,42세,상해없음,화물,남,43세,경상
2021082700100087,2021년 8월 27일 08시,금요일,인천광역시 계양구 계산동,경상사고,0,0,1,0,차대차 - 후진중충돌,안전운전불이행,젖음/습기,비,교차로 - 교차로부근,화물,남,56세,상해없음,화물,남,56세,경상
2021082700100133,2021년 8월 27일 10시,금요일,인천광역시 서구 원창동,경상사고,0,0,2,0,차대차 - 추돌,안전운전불이행,건조,맑음,단일로 - 기타,승용,남,46세,상해없음,승용,남,55세,경상
2021082700100161,2021년 8월 27일 11시,금요일,인천광역시 계양구 방축동,경상사고,0,0,1,0,차대차 - 후진중충돌,안전운전불이행,건조,맑음,주차장 - 주차장,화물,남,73세,상해없음,승용,여,45세,경상
2021082700100162,2021년 8월 27일 11시,금요일,인천광역시 부평구 삼산동,중상사고,0,1,1,0,차대차 - 추돌,안전운전불이행,건조,맑음,단일로 - 기타,승용,여,60세,상해없음,승용,남,49세,중상
2021082700100232,2021년 8월 27일 13시,금요일,인천광역시 계양구 계산동,사망사고,1,0,0,0,차대차 - 측면충돌,안전거리미확보,건조,맑음,교차로 - 교차로안,승합,남,46세,상해없음,자전거,남,74세,사망
2021082700100269,2021년 8월 27일 14시,금요일,인천광역시 미추홀구 학익동,중상사고,0,1,1,0,차대차 - 정면충돌,신호위반,건조,맑음,단일로 - 기타,승용,남,29세,상해없음,승용,남,66세,중상
2021082700100308,2021년 8월 27일 15시,금요일,인천광역시 미추홀구 주안동,중상사고,0,1,0,0,차대차 - 기타,안전운전불이행,젖음/습기,비,단일로 - 기타,승용,여,66세,상해없음,이륜,남,21세,중상
2021082700100309,2021년 8월 27일 15시,금요일,인천광역시 연수구 동춘동,중상사고,0,1,0,0,차량단독 - 기타,기타,건조,맑음,단일로 - 기타,승합,남,54세,상해없음,,,,
2021082700100310,2021년 8월 27일 15시,금요일,인천광역시 부평구 갈산동,부상신고사고,0,0,0,1,차대사람 - 횡단중,보행자보호의무위반,기타,기타,단일로 - 기타,화물,남,69세,상해없음,보행자,남,35세,부상신고
2021082700100311,2021년 8월 27일 15시,금요일,인천광역시 남동구 서창동,경상사고,0,0,1,0,차대차 - 추돌,안전운전불이행,젖음/습기,비,교차로 - 교차로부근,승용,여,48세,기타불명,승용,남,68세,경상
2021082700100379,2021년 8월 27일 17시,금요일,인천광역시 계양구 계산동,경상사고,0,0,1,0,차대사람 - 차도통행중,안전운전불이행,건조,맑음,교차로 - 교차로부근,화물,남,60세,상해없음,보행자,남,73세,경상
2021082700100380,2021년 8월 27일 17시,금요일,인천광역시 남동구 만수동,경상사고,0,0,1,0,차대사람 - 보도통행중,기타,건조,맑음,단일로 - 기타,개인형이동수단(PM),남,17세,상해없음,보행자,남,26세,경상
2021082700100381,2021년 8월 27일 17시,금요일,인천광역시 남동구 도림동,중상사고,0,1,0,0,차대차 - 측면충돌,안전운전불이행,건조,맑음,교차로 - 교차로부근,승용,여,44세,상해없음,이륜,남,43세,중상
2021082700100427,2021년 8월 27일 18시,금요일,인천광역시 서구 심곡동,경상사고,0,0,1,0,차량단독 - 기타,안전운전불이행,건조,맑음,단일로 - 기타,승합,남,64세,기타불명,,,,
2021082700100468,2021년 8월 27일 19시,금요일,인천광역시 서구 청라동,경상사고,0,0,1,0,차대차 - 후진중충돌,안전운전불이행,건조,맑음,단일로 - 기타,승용,여,25세,상해없음,이륜,남,18세,경상
2021082700100469,2021년 8월 27일 19시,금요일,인천광역시 부평구 갈산동,경상사고,0,0,1,0,차대사람 - 기타,안전운전불이행,건조,맑음,단일로 - 기타,승용,남,64세,상해없음,보행자,여,27세,경상
2021082700100550,2021년 8월 27일 21시,금요일,인천광역시 부평구 삼산동,경상사고,0,0,1,0,차대사람 - 기타,안전운전불이행,건조,맑음,단일로 - 기타,승용,남,31세,기타불명,보행자,여,42세,경상
2021082700100551,2021년 8월 27일 21시,금요일,인천광역시 부평구 구산동,경상사고,0,0,4,0,차대차 - 추돌,안전운전불이행,건조,맑음,단일로 - 교량,승용,남,29세,상해없음,승용,남,23세,경상
2021082700100578,2021년 8월 27일 22시,금요일,인천광역시 남동구 간석동,경상사고,0,0,1,0,차대차 - 측면충돌,안전운전불이행,건조,맑음,단일로 - 기타,승용,남,50세,상해없음,승용,남,26세,경상
2021082700100579,2021년 8월 27일 22시,금요일,인천광역시 계양구 병방동,경상사고,0,0,1,0,차대차 - 측면충돌,안전운전불이행,젖음/습기,흐림,교차로 - 교차로안,승용,남,49세,상해없음,이륜,남,22세,경상
2021082800100010,2021년 8월 28일 00시,토요일,인천광역시 서구 가정동,중상사고,0,1,0,0,차대사람 - 횡단중,안전운전불이행,건조,맑음,교차로 - 교차로안,승용,남,40세,상해없음,보행자,남,32세,중상
2021082800100049,2021년 8월 28일 06시,토요일,인천광역시 강화군 교동면,중상사고,0,2,0,0,차대차 - 측면충돌,교차로운행방법위반,건조,맑음,교차로 - 교차로안,화물,남,62세,상해없음,승용,여,46세,중상
2021082800100152,2021년 8월 28일 11시,토요일,인천광역시 서구 가정동,경상사고,0,0,2,0,차대차 - 측면충돌,안전운전불이행,건조,맑음,단일로 - 기타,승용,남,25세,상해없음,승용,남,50세,경상
2021082800100197,2021년 8월 28일 12시,토요일,인천광역시 계양구 둑실동,경상사고,0,0,1,0,차대차 - 측면충돌,직진우회전진행방해,건조,맑음,교차로 - 교차로안,승용,여,65세,상해없음,이륜,남,24세,경상
2021082800100227,2021년 8월 28일 13시,토요일,인천광역시 서구 청라동,경상사고,0,0,1,0,차대차 - 측면충돌,신호위반,건조,맑음,기타 - 기타,이륜,남,21세,상해없음,자전거,여,57세,경상
2021082800100228,2021년 8월 28일 13시,토요일,인천광역시 계양구 작전동,경상사고,0,0,2,0,차대차 - 측면충돌,안전거리미확보,건조,맑음,단일로 - 기타,승용,여,61세,경상,승용,남,52세,경상
2021082800100344,2021년 8월 28일 16시,토요일,인천광역시 미추홀구 용현동,부상신고사고,0,0,0,1,차대사람 - 보도통행중,보행자보호의무위반,건조,맑음,교차로 - 교차로부근,기타불명,기타불명,미분류,기타불명,보행자,여,58세,부상신고
2021082800100345,2021년 8월 28일 16시,토요일,인천광역시 강화군 강화읍,경상사고,0,0,1,0,차대차 - 후진중충돌,불법유턴,건조,맑음,단일로 - 지하차도(도로)내,승용,남,72세,상해없음,승용,여,29세,경상
2021082800100376,2021년 8월 28일 17시,토요일,인천광역시 부평구 청천동,중상사고,0,1,0,0,차대사람 - 기타,안전운전불이행,건조,맑음,교차로 - 교차로안,승용,남,70세,상해없음,보행자,여,70세,중상
2021082800100378,2021년 8월 28일 17시,토요일,인천광역시 강화군 강화읍,중상사고,0,2,0,0,차대차 - 추돌,안전운전불이행,건조,맑음,단일로 - 교량,승합,남,61세,상해없음,승용,남,47세,중상
2021082800100445,2021년 8월 28일 19시,토요일,인천광역시 서구 마전동,중상사고,0,1,0,0,차대차 - 정면충돌,안전운전불이행,건조,맑음,교차로 - 교차로안,승용,남,40세,상해없음,이륜,남,45세,중상
2021082800100446,2021년 8월 28일 19시,토요일,인천광역시 계양구 계산동,경상사고,0,0,2,0,차대차 - 기타,안전운전불이행,건조,맑음,교차로 - 교차로안,승용,여,36세,상해없음,승용,남,56세,경상
2021082800100447,2021년 8월 28일 19시,토요일,인천광역시 연수구 동춘동,경상사고,0,0,3,0,차대차 - 추돌,안전운전불이행,건조,맑음,교차로 - 교차로안,승용,여,32세,기타불명,승용,남,59세,경상
2021082800100504,2021년 8월 28일 21시,토요일,인천광역시 미추홀구 도화동,경상사고,0,0,1,0,차대사람 - 기타,안전운전불이행,건조,맑음,단일로 - 기타,승용,남,66세,상해없음,보행자,남,50세,경상
2021082800100541,2021년 8월 28일 23시,토요일,인천광역시 미추홀구 학익동,경상사고,0,0,2,0,차대차 - 정면충돌,안전운전불이행,건조,맑음,단일로 - 지하차도(도로)내,승용,여,32세,상해없음,승용,남,40세,경상
2021082800100542,2021년 8월 28일 23시,토요일,인천광역시 남동구 간석동,경상사고,0,0,1,0,차대차 - 추돌,안전운전불이행,건조,맑음,단일로 - 기타,승용,남,40세,상해없음,이륜,남,37세,경상
2021082900100106,2021년 8월 29일 12시,일요일,인천광역시 미추홀구 주안동,경상사고,0,0,1,0,차대차 - 측면충돌,안전운전불이행,건조,맑음,단일로 - 기타,승용,남,61세,상해없음,이륜,남,42세,경상
2021082900100135,2021년 8월 29일 13시,일요일,인천광역시 중구 운서동,중상사고,0,4,0,0,차대차 - 추돌,안전운전불이행,건조,맑음,교차로 - 교차로횡단보도내,승용,남,50세,상해없음,승용,여,41세,중상
2021082900100136,2021년 8월 29일 13시,일요일,인천광역시 서구 청라동,경상사고,0,0,2,0,차대차 - 기타,안전운전불이행,건조,맑음,단일로 - 기타,화물,남,36세,기타불명,승용,남,38세,경상
2021082900100137,2021년 8월 29일 13시,일요일,인천광역시 계양구 동양동,경상사고,0,0,2,0,차대차 - 추돌,안전운전불이행,건조,맑음,교차로 - 교차로부근,승용,남,40세,상해없음,승용,남,30세,경상
2021082900100172,2021년 8월 29일 14시,일요일,인천광역시 동구 화평동,중상사고,0,1,0,0,차대차 - 측면충돌,안전운전불이행,건조,맑음,교차로 - 교차로안,승용,남,53세,상해없음,자전거,남,84세,중상
2021082900100173,2021년 8월 29일 14시,일요일,인천광역시 서구 청라동,경상사고,0,0,2,0,차대차 - 기타,안전운전불이행,건조,맑음,단일로 - 기타,화물,남,32세,경상,승용,여,29세,경상
2021082900100207,2021년 8월 29일 15시,일요일,인천광역시 동구 송림동,경상사고,0,0,1,0,차대사람 - 횡단중,보행자보호의무위반,건조,맑음,교차로 - 교차로횡단보도내,승용,남,43세,상해없음,보행자,여,41세,경상
2021082900100240,2021년 8월 29일 16시,일요일,인천광역시 계양구 다남동,중상사고,0,1,0,0,차대차 - 측면충돌,안전운전불이행,건조,맑음,단일로 - 기타,자전거,남,41세,중상,자전거,여,48세,상해없음
2021082900100241,2021년 8월 29일 16시,일요일,인천광역시 남동구 논현동,경상사고,0,0,1,0,차대차 - 추돌,안전운전불이행,건조,맑음,단일로 - 기타,승용,남,76세,상해없음,승용,여,64세,경상
2021082900100274,2021년 8월 29일 17시,일요일,인천광역시 부평구 산곡동,경상사고,0,0,1,0,차대차 - 추돌,안전운전불이행,건조,맑음,교차로 - 교차로안,이륜,남,36세,상해없음,승용,남,51세,경상
2021082900100275,2021년 8월 29일 17시,일요일,인천광역시 계양구 평동,부상신고사고,0,0,0,2,차대차 - 추돌,안전운전불이행,건조,맑음,단일로 - 기타,자전거,남,66세,부상신고,자전거,남,40세,부상신고
2021082900100276,2021년 8월 29일 17시,일요일,인천광역시 계양구 임학동,중상사고,0,1,0,0,차대차 - 측면충돌,안전거리미확보,건조,맑음,단일로 - 기타,승용,남,25세,상해없음,이륜,남,21세,중상
2021082900100277,2021년 8월 29일 17시,일요일,인천광역시 강화군 강화읍,중상사고,0,1,1,0,차대차 - 추돌,안전운전불이행,건조,맑음,단일로 - 지하차도(도로)내,승용,남,25세,상해없음,승용,남,59세,경상
2021082900100312,2021년 8월 29일 18시,일요일,인천광역시 부평구 산곡동,경상사고,0,0,3,0,차대차 - 측면충돌,안전운전불이행,건조,맑음,교차로 - 교차로부근,승용,남,48세,상해없음,승용,남,23세,경상
2021082900100313,2021년 8월 29일 18시,일요일,인천광역시 부평구 부개동,경상사고,0,0,1,0,차대차 - 측면충돌,안전운전불이행,건조,맑음,교차로 - 교차로안,승용,남,30세,경상,승합,여,59세,상해없음
2021082900100337,2021년 8월 29일 19시,일요일,인천광역시 미추홀구 용현동,경상사고,0,0,1,0,차대차 - 측면충돌,안전운전불이행,건조,맑음,교차로 - 교차로안,승용,남,56세,상해없음,승용,여,37세,상해없음
2021082900100417,2021년 8월 29일 22시,일요일,인천광역시 남동구 논현동,경상사고,0,0,1,0,차대차 - 측면충돌,안전운전불이행,건조,맑음,단일로 - 기타,승용,남,42세,상해없음,승용,여,53세,경상
2021083000100034,2021년 8월 30일 06시,월요일,인천광역시 남동구 논현동,경상사고,0,0,2,0,차대차 - 측면충돌,안전운전불이행,건조,맑음,단일로 - 기타,승용,남,28세,상해없음,승용,남,49세,경상
2021083000100052,2021년 8월 30일 07시,월요일,인천광역시 서구 당하동,경상사고,0,0,1,0,차대차 - 기타,안전운전불이행,건조,맑음,교차로 - 교차로부근,기타불명,기타불명,미분류,기타불명,자전거,남,53세,경상
2021083000100053,2021년 8월 30일 07시,월요일,인천광역시 남동구 고잔동,경상사고,0,0,1,0,차대차 - 측면충돌,안전운전불이행,건조,맑음,단일로 - 기타,승용,남,61세,상해없음,승용,남,47세,경상
2021083000100072,2021년 8월 30일 08시,월요일,인천광역시 남동구 간석동,경상사고,0,0,1,0,차대차 - 측면충돌,교차로운행방법위반,건조,맑음,교차로 - 교차로안,승용,여,55세,상해없음,승합,남,47세,경상
2021083000100073,2021년 8월 30일 08시,월요일,인천광역시 남동구 수산동,경상사고,0,0,1,0,차대차 - 정면충돌,신호위반,건조,맑음,단일로 - 기타,승용,남,72세,상해없음,승용,남,30세,경상
2021083000100108,2021년 8월 30일 09시,월요일,인천광역시 중구 중산동,중상사고,0,1,0,0,차대차 - 측면충돌,안전운전불이행,건조,맑음,단일로 - 기타,승용,남,37세,상해없음,승용,여,30세,중상
2021083000100109,2021년 8월 30일 09시,월요일,인천광역시 서구 가좌동,중상사고,0,1,0,0,차대사람 - 횡단중,안전운전불이행,건조,맑음,교차로 - 교차로횡단보도내,기타불명,기타불명,미분류,기타불명,보행자,남,56세,중상
2021083000100138,2021년 8월 30일 10시,월요일,인천광역시 남동구 구월동,중상사고,0,1,0,0,차대차 - 측면충돌,안전운전불이행,건조,맑음,교차로 - 교차로안,승용,남,56세,상해없음,승용,남,74세,중상
2021083000100139,2021년 8월 30일 10시,월요일,인천광역시 부평구 삼산동,부상신고사고,0,0,0,1,차대차 - 후진중충돌,안전운전불이행,건조,맑음,기타 - 기타,승용,여,64세,기타불명,자전거,남,42세,부상신고
2021083000100216,2021년 8월 30일 12시,월요일,인천광역시 강화군 강화읍,중상사고,0,1,0,0,차대차 - 측면충돌,안전운전불이행,건조,맑음,교차로 - 교차로안,승용,남,27세,상해없음,승용,여,63세,중상
2021083000100217,2021년 8월 30일 12시,월요일,인천광역시 부평구 삼산동,중상사고,0,1,0,0,차대차 - 정면충돌,안전운전불이행,건조,맑음,단일로 - 기타,승합,남,46세,상해없음,승용,여,46세,중상
2021083000100240,2021년 8월 30일 13시,월요일,인천광역시 부평구 부개동,경상사고,0,0,1,0,차대차 - 추돌,안전운전불이행,건조,맑음,교차로 - 교차로안,승합,남,69세,상해없음,승용,여,64세,경상
2021083000100241,2021년 8월 30일 13시,월요일,인천광역시 남동구 수산동,경상사고,0,0,1,0,차대사람 - 길가장자리구역통행중,안전운전불이행,건조,맑음,단일로 - 기타,승용,여,37세,상해없음,보행자,여,71세,경상
2021083000100270,2021년 8월 30일 14시,월요일,인천광역시 서구 마전동,중상사고,0,1,0,0,차량단독 - 기타,안전운전불이행,건조,맑음,단일로 - 기타,이륜,남,66세,중상,,,,
2021083000100345,2021년 8월 30일 16시,월요일,인천광역시 남동구 구월동,경상사고,0,0,2,0,차대차 - 측면충돌,교차로운행방법위반,건조,맑음,교차로 - 교차로안,승용,여,30세,상해없음,승용,남,57세,경상
2021083000100346,2021년 8월 30일 16시,월요일,인천광역시 남동구 간석동,경상사고,0,0,2,0,차대차 - 추돌,안전거리미확보,건조,맑음,단일로 - 기타,승용,남,62세,기타불명,승용,남,63세,경상
2021083000100383,2021년 8월 30일 17시,월요일,인천광역시 미추홀구 도화동,중상사고,0,1,0,0,차대차 - 측면충돌,안전거리미확보,건조,맑음,단일로 - 기타,승용,남,59세,상해없음,이륜,남,43세,중상
2021083000100385,2021년 8월 30일 17시,월요일,인천광역시 남동구 논현동,중상사고,0,1,1,1,차대차 - 추돌,안전거리미확보,건조,흐림,단일로 - 교량,화물,남,58세,중상,승용,남,27세,부상신고
2021083000100424,2021년 8월 30일 18시,월요일,인천광역시 미추홀구 주안동,경상사고,0,0,1,0,차대차 - 측면충돌,안전거리미확보,건조,맑음,단일로 - 기타,승용,남,36세,상해없음,승용,남,31세,경상
2021083000100425,2021년 8월 30일 18시,월요일,인천광역시 서구 경서동,중상사고,0,1,0,0,차대차 - 정면충돌,안전운전불이행,건조,맑음,교차로 - 교차로안,화물,남,45세,상해없음,이륜,남,33세,중상
2021083000100426,2021년 8월 30일 18시,월요일,인천광역시 남동구 논현동,경상사고,0,0,5,0,차대차 - 추돌,안전운전불이행,건조,맑음,단일로 - 기타,승용,남,36세,상해없음,승용,여,39세,경상
2021083000100468,2021년 8월 30일 19시,월요일,인천광역시 중구 전동,경상사고,0,0,1,0,차대차 - 정면충돌,안전운전불이행,건조,맑음,교차로 - 교차로안,승용,남,34세,상해없음,승용,남,66세,경상
2021083000100469,2021년 8월 30일 19시,월요일,인천광역시 남동구 고잔동,경상사고,0,0,1,0,차대차 - 기타,안전거리미확보,건조,맑음,단일로 - 기타,화물,남,57세,상해없음,승용,남,39세,경상
2021083000100500,2021년 8월 30일 20시,월요일,인천광역시 부평구 일신동,경상사고,0,0,1,0,차대차 - 추돌,안전운전불이행,건조,맑음,단일로 - 기타,승용,남,57세,상해없음,승용,여,53세,경상
2021083000100547,2021년 8월 30일 22시,월요일,인천광역시 부평구 부평동,중상사고,0,1,0,0,차대차 - 기타,신호위반,건조,맑음,교차로 - 교차로안,승용,여,21세,상해없음,승용,여,60세,중상
2021083000100563,2021년 8월 30일 23시,월요일,인천광역시 남동구 도림동,부상신고사고,0,0,0,1,차대차 - 추돌,안전운전불이행,건조,맑음,교차로 - 교차로부근,기타불명,기타불명,미분류,기타불명,승용,남,42세,부상신고
2021083100100086,2021년 8월 31일 08시,화요일,인천광역시 서구 가정동,경상사고,0,0,3,0,차대차 - 추돌,안전운전불이행,건조,맑음,단일로 - 기타,승용,남,20세,상해없음,승합,남,27세,경상
2021083100100087,2021년 8월 31일 08시,화요일,인천광역시 서구 검암동,경상사고,0,0,1,0,차대차 - 측면충돌,안전운전불이행,건조,맑음,단일로 - 기타,건설기계,남,60세,상해없음,승용,남,40세,경상
2021083100100157,2021년 8월 31일 10시,화요일,인천광역시 미추홀구 도화동,경상사고,0,0,2,0,차대차 - 기타,중앙선침범,젖음/습기,흐림,단일로 - 기타,승용,남,19세,상해없음,승합,남,64세,상해없음
2021083100100185,2021년 8월 31일 11시,화요일,인천광역시 부평구 부평동,경상사고,0,0,1,0,차대차 - 측면충돌,교차로운행방법위반,젖음/습기,맑음,교차로 - 교차로안,승용,남,32세,기타불명,승용,남,66세,경상
2021083100100224,2021년 8월 31일 12시,화요일,인천광역시 남동구 구월동,경상사고,0,0,1,0,차대차 - 정면충돌,신호위반,젖음/습기,비,교차로 - 교차로안,이륜,남,43세,상해없음,승용,여,42세,경상
2021083100100262,2021년 8월 31일 13시,화요일,인천광역시 계양구 방축동,중상사고,0,1,0,0,차대차 - 정면충돌,안전운전불이행,건조,맑음,교차로 - 교차로안,승용,여,36세,상해없음,이륜,남,44세,중상
2021083100100306,2021년 8월 31일 14시,화요일,인천광역시 남동구 구월동,경상사고,0,0,1,0,차대차 - 추돌,안전운전불이행,젖음/습기,비,단일로 - 기타,승용,남,47세,상해없음,승용,여,46세,경상
2021083100100307,2021년 8월 31일 14시,화요일,인천광역시 남동구 간석동,경상사고,0,0,3,0,차대차 - 추돌,안전운전불이행,젖음/습기,맑음,단일로 - 기타,승용,남,64세,상해없음,승용,남,24세,경상
2021083100100308,2021년 8월 31일 14시,화요일,인천광역시 남동구 간석동,경상사고,0,0,1,0,차대차 - 추돌,안전운전불이행,젖음/습기,비,교차로 - 교차로부근,승용,남,49세,상해없음,승용,남,31세,경상
2021083100100309,2021년 8월 31일 14시,화요일,인천광역시 남동구 구월동,경상사고,0,0,1,0,차대차 - 측면충돌,교차로운행방법위반,건조,맑음,교차로 - 교차로안,승용,여,40세,상해없음,승용,남,57세,경상
2021083100100310,2021년 8월 31일 14시,화요일,인천광역시 부평구 갈산동,경상사고,0,0,3,0,차대차 - 추돌,안전운전불이행,젖음/습기,맑음,단일로 - 기타,이륜,남,28세,기타불명,승용,남,62세,경상
2021083100100356,2021년 8월 31일 15시,화요일,인천광역시 미추홀구 도화동,경상사고,0,0,1,0,차대차 - 측면충돌,안전운전불이행,건조,맑음,단일로 - 기타,승용,여,61세,상해없음,승용,여,43세,상해없음
2021083100100357,2021년 8월 31일 15시,화요일,인천광역시 미추홀구 용현동,경상사고,0,0,2,0,차대차 - 정면충돌,중앙선침범,젖음/습기,비,단일로 - 기타,승용,남,61세,상해없음,승용,여,45세,경상
2021083100100358,2021년 8월 31일 15시,화요일,인천광역시 서구 석남동,경상사고,0,0,1,0,차대사람 - 기타,안전운전불이행,건조,맑음,교차로 - 교차로안,화물,남,71세,상해없음,보행자,남,65세,경상
2021083100100360,2021년 8월 31일 15시,화요일,인천광역시 계양구 계산동,경상사고,0,0,1,0,차대차 - 기타,안전운전불이행,젖음/습기,비,단일로 - 기타,화물,남,53세,상해없음,이륜,남,61세,경상
2021083100100429,2021년 8월 31일 17시,화요일,인천광역시 중구 항동7가,경상사고,0,0,2,0,차대차 - 측면충돌,안전운전불이행,젖음/습기,비,단일로 - 기타,승용,남,54세,상해없음,승용,남,45세,경상
2021083100100430,2021년 8월 31일 17시,화요일,인천광역시 남동구 만수동,경상사고,0,0,2,0,차대차 - 측면충돌,안전운전불이행,젖음/습기,맑음,교차로 - 교차로안,이륜,남,30세,기타불명,승용,남,38세,경상
2021083100100431,2021년 8월 31일 17시,화요일,인천광역시 계양구 계산동,경상사고,0,0,1,0,차대차 - 측면충돌,안전운전불이행,젖음/습기,비,단일로 - 기타,승용,남,51세,상해없음,이륜,남,60세,경상
2021083100100432,2021년 8월 31일 17시,화요일,인천광역시 계양구 계산동,경상사고,0,0,2,0,차대차 - 측면충돌,신호위반,젖음/습기,비,교차로 - 교차로부근,승용,남,63세,상해없음,승용,여,61세,경상
2021083100100433,2021년 8월 31일 17시,화요일,인천광역시 부평구 부평동,경상사고,0,0,1,0,차대사람 - 길가장자리구역통행중,안전운전불이행,젖음/습기,비,단일로 - 기타,이륜,남,30세,상해없음,보행자,여,27세,경상
2021083100100479,2021년 8월 31일 18시,화요일,인천광역시 미추홀구 주안동,경상사고,0,0,1,0,차대차 - 정면충돌,안전운전불이행,젖음/습기,비,교차로 - 교차로부근,화물,남,54세,상해없음,승용,여,68세,경상
2021083100100480,2021년 8월 31일 18시,화요일,인천광역시 계양구 작전동,경상사고,0,0,1,0,차대차 - 측면충돌,안전거리미확보,젖음/습기,비,교차로 - 교차로부근,승용,남,24세,상해없음,이륜,남,46세,경상
2021083100100529,2021년 8월 31일 19시,화요일,인천광역시 남동구 만수동,경상사고,0,0,1,0,차대차 - 후진중충돌,안전운전불이행,젖음/습기,비,교차로 - 교차로부근,승용,남,26세,기타불명,이륜,여,28세,경상
2021083100100530,2021년 8월 31일 19시,화요일,인천광역시 서구 가좌동,경상사고,0,0,1,0,차대차 - 추돌,안전운전불이행,젖음/습기,비,단일로 - 기타,화물,남,37세,상해없음,승용,남,40세,경상
2021083100100531,2021년 8월 31일 19시,화요일,인천광역시 서구 가좌동,경상사고,0,0,2,0,차대차 - 추돌,안전운전불이행,젖음/습기,비,단일로 - 기타,승용,남,31세,상해없음,승용,남,19세,경상
2021083100100532,2021년 8월 31일 19시,화요일,인천광역시 계양구 계산동,경상사고,0,0,2,0,차대차 - 측면충돌,안전운전불이행,젖음/습기,비,교차로 - 교차로부근,승용,남,46세,상해없음,승용,여,39세,경상
2021083100100583,2021년 8월 31일 20시,화요일,인천광역시 미추홀구 학익동,중상사고,0,1,1,0,차대차 - 측면충돌,안전운전불이행,젖음/습기,비,교차로 - 교차로부근,승용,남,66세,상해없음,승용,남,38세,경상
2021083100100584,2021년 8월 31일 20시,화요일,인천광역시 계양구 계산동,경상사고,0,0,2,0,차대차 - 측면충돌,안전운전불이행,젖음/습기,비,단일로 - 기타,승용,남,67세,상해없음,승용,남,26세,경상
2021083100100623,2021년 8월 31일 21시,화요일,인천광역시 중구 인현동,경상사고,0,0,1,0,차대차 - 측면충돌,기타,젖음/습기,비,단일로 - 기타,승용,남,25세,기타불명,이륜,남,39세,경상
2021083100100624,2021년 8월 31일 21시,화요일,인천광역시 미추홀구 용현동,부상신고사고,0,0,0,2,차대사람 - 기타,안전운전불이행,젖음/습기,비,교차로 - 교차로안,승용,남,39세,상해없음,보행자,여,43세,부상신고
2021083100100625,2021년 8월 31일 21시,화요일,인천광역시 부평구 부평동,중상사고,0,1,0,0,차대차 - 측면충돌,신호위반,젖음/습기,비,교차로 - 교차로안,승용,남,27세,상해없음,승용,여,57세,중상
2021083100100626,2021년 8월 31일 21시,화요일,인천광역시 남동구 만수동,경상사고,0,0,2,0,차대차 - 추돌,안전운전불이행,젖음/습기,비,교차로 - 교차로부근,승용,남,21세,상해없음,승용,남,28세,경상
2021083100100627,2021년 8월 31일 21시,화요일,인천광역시 계양구 용종동,부상신고사고,0,0,0,1,차대차 - 추돌,안전운전불이행,젖음/습기,비,단일로 - 기타,기타불명,기타불명,미분류,기타불명,승용,여,29세,부상신고