사고번호,사고일시,요일,시군구,사고내용,사망자수,중상자수,경상자수,부상신고자수,사고유형,법규위반,노면상태,기상상태,도로형태,가해운전자 차종,가해운전자 성별,가해운전자 연령,가해운전자 상해정도,피해운전자 차종,피해운전자 성별,피해운전자 연령,피해운전자 상해정도
2021091600100697,2021년 9월 16일 23시,목요일,인천광역시 서구 검암동,중상사고,0,1,0,0,차대차 - 기타,직진우회전진행방해,건조,맑음,교차로 - 교차로안,기타불명,기타불명,미분류,기타불명,개인형이동수단(PM),남,44세,중상
2021091700100006,2021년 9월 17일 00시,금요일,인천광역시 미추홀구 관교동,중상사고,0,1,0,0,차대사람 - 보도통행중,기타,건조,맑음,단일로 - 기타,개인형이동수단(PM),남,21세,상해없음,보행자,여,66세,중상
2021091700100007,2021년 9월 17일 00시,금요일,인천광역시 계양구 계산동,경상사고,0,0,1,0,차대차 - 기타,교차로운행방법위반,건조,맑음,교차로 - 교차로부근,승용,남,56세,상해없음,이륜,남,42세,경상
2021091700100018,2021년 9월 17일 01시,금요일,인천광역시 미추홀구 주안동,경상사고,0,0,1,0,차대차 - 정면충돌,안전운전불이행,건조,맑음,단일로 - 기타,화물,남,41세,상해없음,승용,남,21세,경상
2021091700100051,2021년 9월 17일 06시,금요일,인천광역시 미추홀구 주안동,경상사고,0,0,1,0,차대차 - 측면충돌,기타,건조,맑음,단일로 - 기타,승용,남,26세,경상,승용,남,41세,상해없음
2021091700100052,2021년 9월 17일 06시,금요일,인천광역시 연수구 옥련동,중상사고,0,1,0,0,차대차 - 정면충돌,신호위반,건조,맑음,교차로 - 교차로안,승용,남,63세,상해없음,이륜,남,83세,중상
2021091700100071,2021년 9월 17일 07시,금요일,인천광역시 동구 송현동,중상사고,0,1,0,0,차대차 - 측면충돌,안전거리미확보,건조,맑음,단일로 - 기타,화물,남,61세,상해없음,이륜,남,78세,중상
2021091700100111,2021년 9월 17일 08시,금요일,인천광역시 서구 가좌동,경상사고,0,0,1,0,차대차 - 추돌,신호위반,건조,맑음,교차로 - 교차로부근,승용,남,56세,상해없음,승용,남,40세,경상
2021091700100155,2021년 9월 17일 09시,금요일,인천광역시 계양구 작전동,중상사고,0,1,0,0,차량단독 - 기타,안전운전불이행,건조,맑음,교차로 - 교차로부근,승합,남,59세,상해없음,,,,
2021091700100156,2021년 9월 17일 09시,금요일,인천광역시 연수구 동춘동,경상사고,0,0,2,0,차대차 - 추돌,안전운전불이행,건조,맑음,단일로 - 기타,승용,남,70세,상해없음,승용,남,63세,경상
2021091700100192,2021년 9월 17일 10시,금요일,인천광역시 남동구 간석동,중상사고,0,1,0,0,차대사람 - 횡단중,보행자보호의무위반,건조,맑음,교차로 - 교차로안,승용,남,55세,기타불명,보행자,남,21세,중상
2021091700100193,2021년 9월 17일 10시,금요일,인천광역시 부평구 청천동,경상사고,0,0,1,0,차대차 - 추돌,안전운전불이행,건조,맑음,단일로 - 기타,승용,남,41세,상해없음,승용,여,53세,경상
2021091700100239,2021년 9월 17일 11시,금요일,인천광역시 중구 항동7가,경상사고,0,0,1,0,차대차 - 측면충돌,교차로운행방법위반,건조,맑음,교차로 - 교차로부근,승용,여,73세,기타불명,승용,남,40세,경상
2021091700100240,2021년 9월 17일 11시,금요일,인천광역시 서구 연희동,경상사고,0,0,2,0,차대차 - 추돌,안전운전불이행,건조,맑음,교차로 - 교차로안,승용,여,35세,상해없음,승용,남,21세,경상
2021091700100296,2021년 9월 17일 12시,금요일,인천광역시 부평구 십정동,경상사고,0,0,1,0,차대차 - 측면충돌,신호위반,건조,맑음,교차로 - 교차로부근,승용,남,55세,상해없음,승용,남,43세,상해없음
2021091700100342,2021년 9월 17일 13시,금요일,인천광역시 부평구 십정동,경상사고,0,0,1,0,차대사람 - 차도통행중,신호위반,건조,맑음,교차로 - 교차로안,화물,남,49세,상해없음,보행자,여,63세,경상
2021091700100396,2021년 9월 17일 14시,금요일,인천광역시 미추홀구 학익동,경상사고,0,0,1,0,차대차 - 추돌,안전운전불이행,건조,맑음,단일로 - 기타,승용,여,58세,상해없음,승용,여,39세,경상
2021091700100397,2021년 9월 17일 14시,금요일,인천광역시 남동구 간석동,경상사고,0,0,1,0,차대차 - 측면충돌,안전거리미확보,건조,맑음,교차로 - 교차로안,승용,여,33세,상해없음,승용,남,66세,상해없음
2021091700100398,2021년 9월 17일 14시,금요일,인천광역시 서구 청라동,경상사고,0,0,1,0,차대차 - 측면충돌,안전운전불이행,건조,맑음,교차로 - 교차로안,화물,남,58세,상해없음,승용,여,27세,경상
2021091700100504,2021년 9월 17일 16시,금요일,인천광역시 남동구 구월동,경상사고,0,0,1,0,차대사람 - 기타,안전운전불이행,건조,맑음,단일로 - 기타,자전거,남,11세,기타불명,보행자,남,3세,경상
2021091700100505,2021년 9월 17일 16시,금요일,인천광역시 서구 가좌동,경상사고,0,0,1,0,차대차 - 기타,안전운전불이행,건조,맑음,단일로 - 기타,승용,남,46세,상해없음,승용,남,60세,경상
2021091700100506,2021년 9월 17일 16시,금요일,인천광역시 서구 가정동,경상사고,0,0,1,0,차대차 - 측면충돌,안전운전불이행,건조,맑음,단일로 - 기타,승용,여,44세,상해없음,화물,남,25세,경상
2021091700100576,2021년 9월 17일 17시,금요일,인천광역시 서구 가정동,부상신고사고,0,0,0,1,차대차 - 측면충돌,안전운전불이행,건조,맑음,교차로 - 교차로부근,승용,남,55세,상해없음,승용,남,30세,부상신고
2021091700100577,2021년 9월 17일 17시,금요일,인천광역시 연수구 청학동,중상사고,0,1,0,0,차대차 - 측면충돌,차로위반,건조,맑음,단일로 - 기타,승용,여,43세,상해없음,승용,남,33세,중상
2021091700100628,2021년 9월 17일 18시,금요일,인천광역시 서구 청라동,경상사고,0,0,1,0,차대차 - 기타,신호위반,건조,맑음,교차로 - 교차로횡단보도내,이륜,남,28세,상해없음,자전거,남,7세,경상
2021091700100629,2021년 9월 17일 18시,금요일,인천광역시 서구 석남동,경상사고,0,0,1,0,차대차 - 정면충돌,교차로운행방법위반,건조,맑음,교차로 - 교차로안,승용,여,36세,상해없음,승용,남,33세,경상
2021091700100689,2021년 9월 17일 19시,금요일,인천광역시 남동구 논현동,중상사고,0,1,1,0,차대차 - 측면충돌,안전거리미확보,건조,맑음,단일로 - 지하차도(도로)내,승용,남,32세,상해없음,이륜,남,23세,중상
2021091700100730,2021년 9월 17일 20시,금요일,인천광역시 남동구 만수동,경상사고,0,0,1,0,차대차 - 측면충돌,안전운전불이행,건조,맑음,교차로 - 교차로부근,승용,여,44세,상해없음,이륜,여,24세,경상
2021091700100761,2021년 9월 17일 21시,금요일,인천광역시 미추홀구 용현동,경상사고,0,0,3,0,차대차 - 추돌,안전운전불이행,건조,흐림,교차로 - 교차로안,승용,남,37세,상해없음,승용,남,43세,경상
2021091700100762,2021년 9월 17일 21시,금요일,인천광역시 미추홀구 용현동,경상사고,0,0,2,0,차대차 - 추돌,안전운전불이행,건조,맑음,교차로 - 교차로부근,승용,남,27세,상해없음,승용,남,32세,경상
2021091700100763,2021년 9월 17일 21시,금요일,인천광역시 부평구 산곡동,경상사고,0,0,1,0,차대사람 - 보도통행중,신호위반,건조,맑음,단일로 - 기타,이륜,남,16세,상해없음,보행자,남,12세,경상
2021091700100795,2021년 9월 17일 22시,금요일,인천광역시 남동구 수산동,중상사고,0,1,0,0,차대차 - 측면충돌,안전운전불이행,건조,맑음,단일로 - 지하차도(도로)내,승용,남,64세,상해없음,승용,남,42세,상해없음
2021091700100811,2021년 9월 17일 23시,금요일,인천광역시 미추홀구 용현동,부상신고사고,0,0,0,1,차대차 - 추돌,안전운전불이행,건조,맑음,단일로 - 기타,승용,남,30세,상해없음,승용,남,50세,부상신고
2021091700100812,2021년 9월 17일 23시,금요일,인천광역시 남동구 구월동,경상사고,0,0,4,0,차대차 - 측면충돌,직진우회전진행방해,건조,맑음,교차로 - 교차로안,승용,여,33세,상해없음,승용,남,53세,경상
2021091800100042,2021년 9월 18일 06시,토요일,인천광역시 계양구 작전동,중상사고,0,1,0,0,차대사람 - 보도통행중,안전운전불이행,건조,맑음,단일로 - 기타,승용,남,56세,상해없음,보행자,여,62세,중상
2021091800100055,2021년 9월 18일 07시,토요일,인천광역시 서구 석남동,경상사고,0,0,4,0,차대차 - 추돌,안전운전불이행,건조,맑음,단일로 - 기타,승용,남,67세,상해없음,승용,남,36세,경상
2021091800100077,2021년 9월 18일 08시,토요일,인천광역시 서구 원창동,경상사고,0,0,2,0,차대차 - 기타,신호위반,건조,맑음,교차로 - 교차로안,화물,남,60세,경상,화물,남,44세,경상
2021091800100110,2021년 9월 18일 09시,토요일,인천광역시 중구 운북동,경상사고,0,0,2,0,차대차 - 측면충돌,신호위반,건조,맑음,교차로 - 교차로안,화물,남,32세,상해없음,승용,남,73세,경상
2021091800100111,2021년 9월 18일 09시,토요일,인천광역시 미추홀구 숭의동,경상사고,0,0,2,0,차대차 - 측면충돌,교차로운행방법위반,건조,맑음,교차로 - 교차로안,승용,남,74세,상해없음,승용,남,73세,경상
2021091800100112,2021년 9월 18일 09시,토요일,인천광역시 서구 불로동,경상사고,0,0,1,0,차대차 - 기타,안전운전불이행,건조,맑음,단일로 - 기타,승용,여,26세,경상,승합,남,64세,상해없음
2021091800100113,2021년 9월 18일 09시,토요일,인천광역시 서구 경서동,경상사고,0,0,2,0,차대차 - 정면충돌,안전운전불이행,건조,맑음,교차로 - 교차로안,승용,남,49세,상해없음,승용,남,42세,경상
2021091800100221,2021년 9월 18일 11시,토요일,인천광역시 동구 송림동,경상사고,0,0,1,0,차대차 - 측면충돌,신호위반,건조,맑음,교차로 - 교차로안,승용,남,53세,상해없음,이륜,남,80세,경상
2021091800100222,2021년 9월 18일 11시,토요일,인천광역시 남동구 구월동,경상사고,0,0,1,0,차대차 - 측면충돌,안전운전불이행,건조,맑음,단일로 - 기타,화물,남,72세,상해없음,이륜,남,70세,경상
2021091800100223,2021년 9월 18일 11시,토요일,인천광역시 서구 심곡동,경상사고,0,0,3,0,차대차 - 기타,안전운전불이행,건조,맑음,교차로 - 교차로안,화물,남,51세,경상,승용,여,42세,경상
2021091800100268,2021년 9월 18일 12시,토요일,인천광역시 옹진군 영흥면,중상사고,0,1,0,0,차대차 - 측면충돌,안전운전불이행,건조,맑음,단일로 - 기타,화물,남,59세,상해없음,자전거,남,4세,중상
2021091800100269,2021년 9월 18일 12시,토요일,인천광역시 서구 가좌동,경상사고,0,0,3,0,차대차 - 측면충돌,교차로운행방법위반,건조,맑음,교차로 - 교차로안,승용,남,63세,상해없음,승용,여,29세,경상
2021091800100270,2021년 9월 18일 12시,토요일,인천광역시 계양구 계산동,경상사고,0,0,1,0,차대차 - 후진중충돌,안전운전불이행,건조,맑음,단일로 - 기타,화물,남,54세,상해없음,이륜,남,44세,경상
2021091800100271,2021년 9월 18일 12시,토요일,인천광역시 계양구 임학동,경상사고,0,0,1,0,차대차 - 추돌,안전운전불이행,건조,맑음,교차로 - 교차로안,승용,남,39세,상해없음,승용,남,22세,경상
2021091800100272,2021년 9월 18일 12시,토요일,인천광역시 부평구 부평동,경상사고,0,0,1,0,차대차 - 기타,안전운전불이행,건조,맑음,교차로 - 교차로안,승용,남,38세,상해없음,이륜,남,52세,경상
2021091800100320,2021년 9월 18일 13시,토요일,인천광역시 서구 가좌동,중상사고,0,1,0,0,차대차 - 추돌,안전운전불이행,건조,맑음,단일로 - 기타,승용,남,69세,상해없음,이륜,남,42세,중상
2021091800100321,2021년 9월 18일 13시,토요일,인천광역시 계양구 효성동,경상사고,0,0,1,0,차대차 - 추돌,안전운전불이행,건조,맑음,기타 - 기타,승용,남,55세,상해없음,승용,남,44세,경상
2021091800100440,2021년 9월 18일 16시,토요일,인천광역시 부평구 청천동,경상사고,0,0,3,0,차대차 - 측면충돌,신호위반,건조,맑음,교차로 - 교차로안,승용,남,53세,상해없음,화물,여,40세,경상
2021091800100542,2021년 9월 18일 18시,토요일,인천광역시 동구 화수동,중상사고,0,1,1,0,차대차 - 측면충돌,안전거리미확보,건조,맑음,교차로 - 교차로부근,승용,남,77세,상해없음,승용,남,58세,경상
2021091800100543,2021년 9월 18일 18시,토요일,인천광역시 부평구 갈산동,중상사고,0,1,0,0,차대차 - 측면충돌,안전운전불이행,건조,맑음,기타 - 기타,승용,여,47세,기타불명,화물,남,69세,중상
2021091800100544,2021년 9월 18일 18시,토요일,인천광역시 부평구 일신동,경상사고,0,0,1,0,차대차 - 추돌,안전운전불이행,건조,맑음,단일로 - 기타,승합,남,61세,상해없음,승용,남,42세,경상
2021091800100613,2021년 9월 18일 20시,토요일,인천광역시 연수구 옥련동,경상사고,0,0,1,0,차대차 - 측면충돌,안전운전불이행,건조,맑음,교차로 - 교차로부근,승용,남,63세,상해없음,승용,남,39세,경상
2021091800100674,2021년 9월 18일 22시,토요일,인천광역시 미추홀구 도화동,경상사고,0,0,2,0,차대차 - 측면충돌,교차로운행방법위반,건조,맑음,교차로 - 교차로안,승용,남,23세,상해없음,승용,여,32세,경상
2021091800100675,2021년 9월 18일 22시,토요일,인천광역시 남동구 구월동,경상사고,0,0,1,0,차대차 - 측면충돌,안전운전불이행,건조,맑음,교차로 - 교차로부근,승용,남,44세,상해없음,이륜,남,47세,경상
2021091900100028,2021년 9월 19일 04시,일요일,인천광역시 중구 신흥동3가,중상사고,0,1,0,0,차대차 - 측면충돌,안전운전불이행,건조,맑음,단일로 - 기타,승용,남,63세,상해없음,승합,남,79세,중상
2021091900100040,2021년 9월 19일 06시,일요일,인천광역시 계양구 장기동,중상사고,0,1,0,0,차량단독 - 전도전복 - 전도,안전운전불이행,건조,맑음,교차로 - 교차로부근,이륜,남,65세,중상,,,,
2021091900100041,2021년 9월 19일 06시,일요일,인천광역시 남동구 남촌동,경상사고,0,0,1,0,차대차 - 기타,신호위반,건조,맑음,교차로 - 교차로안,승용,남,73세,상해없음,승용,남,25세,경상
2021091900100103,2021년 9월 19일 10시,일요일,인천광역시 연수구 송도동,경상사고,0,0,1,0,차대차 - 추돌,안전운전불이행,건조,맑음,단일로 - 기타,승용,남,49세,상해없음,승용,여,36세,경상
2021091900100134,2021년 9월 19일 11시,일요일,인천광역시 부평구 부평동,부상신고사고,0,0,0,1,차대사람 - 기타,안전운전불이행,건조,맑음,단일로 - 기타,자전거,기타불명,미분류,기타불명,보행자,남,44세,부상신고
2021091900100153,2021년 9월 19일 12시,일요일,인천광역시 부평구 부평동,경상사고,0,0,1,0,차대차 - 측면충돌,안전운전불이행,건조,맑음,교차로 - 교차로부근,승용,여,66세,상해없음,자전거,남,69세,경상
2021091900100186,2021년 9월 19일 13시,일요일,인천광역시 남동구 간석동,경상사고,0,0,1,0,차대차 - 기타,기타,건조,맑음,교차로 - 교차로안,승용,여,64세,상해없음,이륜,남,26세,경상
2021091900100187,2021년 9월 19일 13시,일요일,인천광역시 서구 청라동,경상사고,0,0,1,0,차대차 - 기타,신호위반,건조,맑음,교차로 - 교차로안,승용,여,54세,상해없음,자전거,여,68세,경상
2021091900100188,2021년 9월 19일 13시,일요일,인천광역시 부평구 삼산동,경상사고,0,0,1,0,차대차 - 측면충돌,안전운전불이행,건조,맑음,단일로 - 기타,승용,여,62세,상해없음,승용,남,25세,경상
2021091900100219,2021년 9월 19일 14시,일요일,인천광역시 서구 가정동,경상사고,0,0,4,0,차대차 - 추돌,안전운전불이행,건조,맑음,교차로 - 교차로부근,이륜,남,43세,경상,화물,남,69세,경상
2021091900100283,2021년 9월 19일 16시,일요일,인천광역시 서구 왕길동,경상사고,0,0,1,0,차대차 - 기타,기타,건조,맑음,단일로 - 기타,승용,남,59세,상해없음,이륜,남,51세,상해없음
2021091900100330,2021년 9월 19일 17시,일요일,인천광역시 중구 운서동,경상사고,0,0,3,0,차대차 - 측면충돌,신호위반,건조,맑음,교차로 - 교차로안,승용,남,42세,상해없음,승용,남,49세,경상
2021091900100331,2021년 9월 19일 17시,일요일,인천광역시 미추홀구 도화동,중상사고,0,1,0,0,차대사람 - 횡단중,신호위반,건조,맑음,단일로 - 기타,화물,남,72세,상해없음,보행자,여,66세,중상
2021091900100332,2021년 9월 19일 17시,일요일,인천광역시 서구 청라동,경상사고,0,0,1,0,차대사람 - 기타,안전운전불이행,건조,맑음,단일로 - 기타,자전거,남,62세,상해없음,보행자,남,76세,경상
2021091900100333,2021년 9월 19일 17시,일요일,인천광역시 서구 왕길동,중상사고,0,1,0,0,차대차 - 정면충돌,중앙선침범,건조,맑음,단일로 - 기타,개인형이동수단(PM),남,21세,상해없음,자전거,남,12세,중상
2021091900100334,2021년 9월 19일 17시,일요일,인천광역시 미추홀구 학익동,경상사고,0,0,2,0,차대차 - 추돌,안전운전불이행,건조,맑음,단일로 - 기타,승용,남,30세,상해없음,승용,남,48세,경상
2021091900100335,2021년 9월 19일 17시,일요일,인천광역시 연수구 청학동,경상사고,0,0,1,0,차대차 - 측면충돌,안전거리미확보,건조,맑음,교차로 - 교차로부근,승용,여,36세,상해없음,승용,남,40세,경상
2021091900100361,2021년 9월 19일 18시,일요일,인천광역시 옹진군 영흥면,경상사고,0,0,5,0,차대차 - 측면충돌,안전운전불이행,건조,맑음,단일로 - 교량,승용,남,31세,경상,승용,남,41세,경상
2021091900100362,2021년 9월 19일 18시,일요일,인천광역시 미추홀구 주안동,중상사고,0,1,0,0,차대차 - 측면충돌,중앙선침범,건조,맑음,단일로 - 기타,화물,남,66세,상해없음,이륜,남,46세,중상
2021091900100414,2021년 9월 19일 20시,일요일,인천광역시 서구 가정동,경상사고,0,0,1,0,차대차 - 기타,안전운전불이행,건조,맑음,기타 - 기타,승용,남,54세,상해없음,승용,남,62세,경상
2021091900100433,2021년 9월 19일 21시,일요일,인천광역시 미추홀구 주안동,부상신고사고,0,0,0,1,차대차 - 측면충돌,안전운전불이행,건조,기타,단일로 - 기타,기타불명,기타불명,미분류,기타불명,승용,여,47세,부상신고
2021091900100434,2021년 9월 19일 21시,일요일,인천광역시 미추홀구 관교동,경상사고,0,0,1,0,차대차 - 측면충돌,안전운전불이행,건조,맑음,교차로 - 교차로부근,승용,남,63세,상해없음,승용,여,30세,경상
2021091900100453,2021년 9월 19일 22시,일요일,인천광역시 부평구 부평동,부상신고사고,0,0,0,1,차대사람 - 기타,안전운전불이행,건조,맑음,단일로 - 기타,기타불명,기타불명,미분류,기타불명,보행자,여,80세,부상신고
2021092000100047,2021년 9월 20일 07시,월요일,인천광역시 미추홀구 주안동,중상사고,0,1,2,0,차대차 - 추돌,안전운전불이행,건조,맑음,단일로 - 기타,승용,남,47세,상해없음,승용,남,42세,중상
2021092000100072,2021년 9월 20일 09시,월요일,인천광역시 부평구 부평동,경상사고,0,0,2,0,차대차 - 기타,안전운전불이행,건조,맑음,교차로 - 교차로안,승용,여,21세,상해없음,승용,남,57세,경상
2021092000100096,2021년 9월 20일 10시,월요일,인천광역시 서구 검암동,경상사고,0,0,1,0,차대차 - 측면충돌,신호위반,건조,맑음,교차로 - 교차로안,승용,남,48세,상해없음,자전거,남,74세,경상
2021092000100097,2021년 9월 20일 10시,월요일,인천광역시 남동구 서창동,경상사고,0,0,1,0,차대사람 - 횡단중,보행자보호의무위반,건조,맑음,교차로 - 교차로횡단보도내,승용,남,57세,상해없음,보행자,남,65세,경상
2021092000100126,2021년 9월 20일 11시,월요일,인천광역시 남동구 간석동,경상사고,0,0,2,0,차대차 - 측면충돌,신호위반,건조,맑음,교차로 - 교차로안,이륜,남,75세,경상,승용,남,33세,경상
2021092000100127,2021년 9월 20일 11시,월요일,인천광역시 부평구 갈산동,경상사고,0,0,1,0,차대차 - 기타,안전운전불이행,건조,맑음,단일로 - 기타,승용,남,27세,상해없음,승용,여,45세,경상
2021092000100165,2021년 9월 20일 12시,월요일,인천광역시 남동구 만수동,경상사고,0,0,1,0,차대차 - 정면충돌,안전운전불이행,건조,맑음,교차로 - 교차로부근,이륜,남,46세,상해없음,승용,남,22세,경상
2021092000100200,2021년 9월 20일 13시,월요일,인천광역시 남동구 간석동,경상사고,0,0,2,0,차대차 - 후진중충돌,안전운전불이행,건조,맑음,교차로 - 교차로부근,승용,남,55세,상해없음,승용,남,36세,경상
2021092000100234,2021년 9월 20일 14시,월요일,인천광역시 남동구 구월동,중상사고,0,1,0,0,차대사람 - 횡단중,안전운전불이행,건조,맑음,단일로 - 기타,승용,남,62세,상해없음,보행자,여,69세,중상
2021092000100235,2021년 9월 20일 14시,월요일,인천광역시 연수구 송도동,경상사고,0,0,1,0,차대차 - 측면충돌,차로위반,건조,맑음,단일로 - 지하차도(도로)내,승용,남,68세,기타불명,승용,여,33세,경상
2021092000100296,2021년 9월 20일 16시,월요일,인천광역시 부평구 부개동,부상신고사고,0,0,0,1,차대사람 - 차도통행중,안전운전불이행,건조,맑음,교차로 - 교차로부근,이륜,남,21세,상해없음,보행자,여,81세,부상신고
2021092000100297,2021년 9월 20일 16시,월요일,인천광역시 부평구 부평동,부상신고사고,0,0,0,1,차대사람 - 기타,안전운전불이행,건조,맑음,교차로 - 교차로부근,승용,남,29세,상해없음,보행자,여,52세,부상신고
2021092000100328,2021년 9월 20일 17시,월요일,인천광역시 남동구 구월동,경상사고,0,0,3,0,차대차 - 측면충돌,안전거리미확보,건조,맑음,단일로 - 기타,승용,여,50세,상해없음,승용,여,41세,경상
2021092000100329,2021년 9월 20일 17시,월요일,인천광역시 서구 석남동,경상사고,0,0,1,0,차대차 - 추돌,안전운전불이행,건조,맑음,단일로 - 기타,승용,남,61세,상해없음,승용,남,59세,경상
2021092000100427,2021년 9월 20일 21시,월요일,인천광역시 미추홀구 용현동,경상사고,0,0,2,0,차대차 - 측면충돌,안전운전불이행,건조,맑음,교차로 - 교차로안,승용,남,51세,기타불명,승용,남,28세,경상
2021092000100428,2021년 9월 20일 21시,월요일,인천광역시 서구 청라동,경상사고,0,0,1,0,차대차 - 측면충돌,안전운전불이행,건조,맑음,교차로 - 교차로안,승용,여,29세,상해없음,승용,여,64세,경상
2021092000100459,2021년 9월 20일 23시,월요일,인천광역시 미추홀구 도화동,부상신고사고,0,0,0,1,차대사람 - 기타,안전운전불이행,젖음/습기,비,단일로 - 기타,승용,남,73세,상해없음,보행자,남,25세,부상신고
2021092100100008,2021년 9월 21일 01시,화요일,인천광역시 부평구 삼산동,중상사고,0,2,0,0,차대차 - 추돌,안전운전불이행,젖음/습기,비,단일로 - 교량,승용,남,49세,중상,승용,여,50세,중상
2021092100100026,2021년 9월 21일 06시,화요일,인천광역시 남동구 만수동,사망사고,1,0,0,1,차대사람 - 횡단중,기타,젖음/습기,비,교차로 - 교차로부근,승용,남,70세,부상신고,보행자,여,78세,사망
2021092100100036,2021년 9월 21일 08시,화요일,인천광역시 연수구 송도동,경상사고,0,0,1,0,차대차 - 정면충돌,교차로운행방법위반,건조,맑음,교차로 - 교차로안,승용,여,48세,상해없음,승용,남,31세,경상
2021092100100048,2021년 9월 21일 09시,화요일,인천광역시 계양구 계산동,경상사고,0,0,1,0,차대차 - 후진중충돌,안전운전불이행,건조,맑음,단일로 - 기타,화물,남,58세,상해없음,승용,남,34세,경상
2021092100100101,2021년 9월 21일 12시,화요일,인천광역시 남동구 구월동,경상사고,0,0,1,0,차대사람 - 횡단중,보행자보호의무위반,건조,맑음,단일로 - 기타,승용,남,22세,상해없음,보행자,남,26세,경상
2021092100100102,2021년 9월 21일 12시,화요일,인천광역시 강화군 교동면,경상사고,0,0,1,0,차량단독 - 전도전복 - 전복,안전운전불이행,건조,맑음,단일로 - 지하차도(도로)내,승용,남,43세,상해없음,,,,
2021092100100122,2021년 9월 21일 13시,화요일,인천광역시 강화군 내가면,중상사고,0,2,1,0,차대차 - 측면충돌,중앙선침범,건조,맑음,단일로 - 지하차도(도로)내,승합,여,40세,상해없음,승용,여,63세,중상
2021092100100158,2021년 9월 21일 14시,화요일,인천광역시 미추홀구 도화동,경상사고,0,0,2,0,차대차 - 기타,안전운전불이행,건조,맑음,단일로 - 기타,승용,남,50세,상해없음,승용,남,45세,경상
2021092100100159,2021년 9월 21일 14시,화요일,인천광역시 강화군 화도면,중상사고,0,1,0,0,차대사람 - 기타,안전운전불이행,건조,맑음,단일로 - 지하차도(도로)내,승용,남,39세,상해없음,보행자,남,10세,중상
2021092100100217,2021년 9월 21일 16시,화요일,인천광역시 미추홀구 도화동,경상사고,0,0,1,0,차대차 - 후진중충돌,안전운전불이행,건조,맑음,교차로 - 교차로부근,승용,남,47세,상해없음,승용,남,66세,경상
2021092100100251,2021년 9월 21일 17시,화요일,인천광역시 미추홀구 주안동,경상사고,0,0,4,0,차대차 - 측면충돌,교차로운행방법위반,건조,맑음,교차로 - 교차로부근,승용,여,60세,상해없음,승용,여,58세,경상
2021092100100311,2021년 9월 21일 20시,화요일,인천광역시 서구 연희동,경상사고,0,0,1,0,차대차 - 추돌,안전운전불이행,건조,맑음,교차로 - 교차로부근,승용,여,44세,상해없음,승용,남,35세,경상
2021092100100337,2021년 9월 21일 21시,화요일,인천광역시 부평구 부평동,경상사고,0,0,1,0,차대사람 - 기타,안전운전불이행,기타,맑음,단일로 - 기타,승용,남,41세,상해없음,보행자,남,26세,경상
2021092100100370,2021년 9월 21일 23시,화요일,인천광역시 미추홀구 문학동,경상사고,0,0,2,0,차대사람 - 길가장자리구역통행중,안전운전불이행,건조,맑음,교차로 - 교차로안,승용,남,73세,기타불명,보행자,남,59세,경상
2021092200100011,2021년 9월 22일 00시,수요일,인천광역시 미추홀구 용현동,경상사고,0,0,1,0,차대사람 - 기타,안전운전불이행,젖음/습기,비,교차로 - 교차로안,기타불명,기타불명,미분류,기타불명,보행자,남,57세,경상
2021092200100012,2021년 9월 22일 00시,수요일,인천광역시 연수구 연수동,중상사고,0,1,0,0,차대사람 - 차도통행중,안전운전불이행,젖음/습기,흐림,교차로 - 교차로안,승용,남,36세,상해없음,보행자,남,71세,중상
2021092200100059,2021년 9월 22일 08시,수요일,인천광역시 중구 운서동,경상사고,0,0,1,0,차대차 - 측면충돌,신호위반,건조,맑음,교차로 - 교차로안,승용,남,22세,상해없음,승용,남,54세,경상
2021092200100097,2021년 9월 22일 11시,수요일,인천광역시 서구 가좌동,중상사고,0,1,4,0,차대차 - 측면충돌,중앙선침범,건조,맑음,교차로 - 교차로부근,이륜,남,42세,중상,승용,남,42세,경상
2021092200100127,2021년 9월 22일 12시,수요일,인천광역시 옹진군 영흥면,경상사고,0,0,4,0,차대차 - 측면충돌,교차로운행방법위반,건조,맑음,교차로 - 교차로안,승용,남,23세,상해없음,승용,남,40세,경상
2021092200100128,2021년 9월 22일 12시,수요일,인천광역시 서구 연희동,경상사고,0,0,1,0,차대차 - 추돌,안전운전불이행,건조,맑음,교차로 - 교차로안,승용,남,64세,상해없음,승용,남,51세,상해없음
2021092200100160,2021년 9월 22일 13시,수요일,인천광역시 서구 가정동,경상사고,0,0,1,0,차대차 - 추돌,안전운전불이행,건조,맑음,교차로 - 교차로부근,이륜,남,17세,상해없음,승용,남,25세,경상
2021092200100161,2021년 9월 22일 13시,수요일,인천광역시 부평구 부개동,경상사고,0,0,1,0,차대차 - 측면충돌,안전운전불이행,건조,맑음,단일로 - 기타,기타불명,기타불명,미분류,기타불명,자전거,남,10세,경상
2021092200100194,2021년 9월 22일 14시,수요일,인천광역시 서구 청라동,경상사고,0,0,2,0,차대차 - 후진중충돌,안전운전불이행,건조,맑음,단일로 - 기타,승용,남,41세,상해없음,승용,남,28세,경상