사고번호,사고일시,요일,시군구,사고내용,사망자수,중상자수,경상자수,부상신고자수,사고유형,법규위반,노면상태,기상상태,도로형태,가해운전자 차종,가해운전자 성별,가해운전자 연령,가해운전자 상해정도,피해운전자 차종,피해운전자 성별,피해운전자 연령,피해운전자 상해정도
2021092200100226,2021년 9월 22일 15시,수요일,인천광역시 남동구 구월동,경상사고,0,0,1,0,차대사람 - 보도통행중,안전운전불이행,건조,맑음,단일로 - 기타,승용,남,36세,상해없음,보행자,남,17세,경상
2021092200100287,2021년 9월 22일 17시,수요일,인천광역시 서구 신현동,중상사고,0,1,0,0,차대사람 - 횡단중,안전운전불이행,건조,맑음,교차로 - 교차로안,화물,남,59세,상해없음,보행자,남,47세,중상
2021092200100332,2021년 9월 22일 19시,수요일,인천광역시 옹진군 영흥면,중상사고,0,1,1,0,차대차 - 추돌,안전운전불이행,건조,맑음,단일로 - 기타,승용,남,56세,상해없음,승용,남,41세,경상
2021092200100333,2021년 9월 22일 19시,수요일,인천광역시 중구 항동7가,중상사고,0,2,0,0,차대차 - 정면충돌,안전운전불이행,건조,맑음,교차로 - 교차로안,승용,남,51세,상해없음,화물,남,57세,중상
2021092200100380,2021년 9월 22일 21시,수요일,인천광역시 부평구 부평동,중상사고,0,1,0,0,차대차 - 측면충돌,신호위반,건조,맑음,교차로 - 교차로부근,이륜,남,21세,상해없음,자전거,남,13세,중상
2021092200100381,2021년 9월 22일 21시,수요일,인천광역시 부평구 구산동,경상사고,0,0,1,0,차대차 - 측면충돌,안전운전불이행,건조,맑음,기타 - 기타,화물,남,60세,상해없음,승용,남,40세,경상
2021092300100021,2021년 9월 23일 05시,목요일,인천광역시 연수구 연수동,경상사고,0,0,1,0,차대차 - 측면충돌,안전운전불이행,건조,맑음,교차로 - 교차로횡단보도내,화물,남,56세,상해없음,승용,남,40세,경상
2021092300100036,2021년 9월 23일 06시,목요일,인천광역시 남동구 구월동,경상사고,0,0,1,0,차대차 - 측면충돌,안전운전불이행,건조,맑음,단일로 - 기타,승용,남,68세,기타불명,이륜,남,35세,경상
2021092300100129,2021년 9월 23일 09시,목요일,인천광역시 남동구 구월동,경상사고,0,0,1,0,차대사람 - 길가장자리구역통행중,안전운전불이행,건조,맑음,단일로 - 기타,승용,남,66세,기타불명,보행자,남,24세,경상
2021092300100130,2021년 9월 23일 09시,목요일,인천광역시 서구 가정동,경상사고,0,0,2,0,차대차 - 기타,안전운전불이행,건조,맑음,단일로 - 기타,승용,여,63세,기타불명,승용,여,39세,경상
2021092300100131,2021년 9월 23일 09시,목요일,인천광역시 강화군 교동면,중상사고,0,1,0,0,차대차 - 기타,기타,건조,맑음,단일로 - 지하차도(도로)내,승용,남,54세,상해없음,이륜,남,78세,중상
2021092300100164,2021년 9월 23일 10시,목요일,인천광역시 중구 운남동,경상사고,0,0,1,0,차대사람 - 보도통행중,보행자보호의무위반,건조,맑음,교차로 - 교차로횡단보도내,화물,남,67세,상해없음,보행자,여,24세,경상
2021092300100201,2021년 9월 23일 11시,목요일,인천광역시 서구 가좌동,경상사고,0,0,1,0,차대차 - 기타,안전운전불이행,건조,맑음,단일로 - 기타,화물,남,50세,기타불명,승용,남,31세,경상
2021092300100202,2021년 9월 23일 11시,목요일,인천광역시 부평구 부평동,경상사고,0,0,1,0,차대차 - 기타,안전운전불이행,건조,맑음,교차로 - 교차로안,화물,남,34세,경상,승용,남,47세,상해없음
2021092300100227,2021년 9월 23일 12시,목요일,인천광역시 동구 송현동,경상사고,0,0,1,0,차대차 - 추돌,안전거리미확보,건조,맑음,단일로 - 지하차도(도로)내,승용,여,40세,상해없음,화물,남,49세,경상
2021092300100305,2021년 9월 23일 14시,목요일,인천광역시 미추홀구 숭의동,경상사고,0,0,3,0,차대차 - 추돌,안전운전불이행,건조,맑음,단일로 - 기타,승용,남,42세,상해없음,승용,여,42세,경상
2021092300100306,2021년 9월 23일 14시,목요일,인천광역시 미추홀구 용현동,부상신고사고,0,0,0,1,차대차 - 측면충돌,안전운전불이행,건조,맑음,단일로 - 기타,승용,남,69세,상해없음,승용,여,39세,부상신고
2021092300100307,2021년 9월 23일 14시,목요일,인천광역시 서구 당하동,경상사고,0,0,2,0,차대차 - 측면충돌,안전운전불이행,건조,맑음,교차로 - 교차로안,승용,남,39세,경상,화물,남,61세,경상
2021092300100308,2021년 9월 23일 14시,목요일,인천광역시 서구 백석동,경상사고,0,0,1,0,차대차 - 측면충돌,안전거리미확보,건조,맑음,단일로 - 기타,승용,남,64세,상해없음,화물,남,32세,경상
2021092300100345,2021년 9월 23일 15시,목요일,인천광역시 미추홀구 주안동,경상사고,0,0,1,0,차대사람 - 길가장자리구역통행중,안전운전불이행,건조,맑음,단일로 - 기타,승용,남,38세,상해없음,보행자,남,28세,경상
2021092300100346,2021년 9월 23일 15시,목요일,인천광역시 계양구 효성동,경상사고,0,0,2,0,차대차 - 후진중충돌,안전운전불이행,건조,맑음,교차로 - 교차로부근,화물,여,63세,상해없음,승용,여,28세,경상
2021092300100389,2021년 9월 23일 16시,목요일,인천광역시 부평구 산곡동,경상사고,0,0,1,0,차대사람 - 기타,안전운전불이행,건조,맑음,기타 - 기타,승용,남,61세,상해없음,보행자,여,82세,경상
2021092300100390,2021년 9월 23일 16시,목요일,인천광역시 남동구 고잔동,중상사고,0,1,0,0,차대차 - 측면충돌,안전운전불이행,건조,맑음,단일로 - 기타,건설기계,남,44세,상해없음,승용,여,50세,중상
2021092300100431,2021년 9월 23일 17시,목요일,인천광역시 남동구 남촌동,경상사고,0,0,1,0,차대차 - 측면충돌,안전거리미확보,건조,맑음,단일로 - 기타,승용,여,23세,상해없음,승용,남,35세,경상
2021092300100475,2021년 9월 23일 18시,목요일,인천광역시 남동구 장수동,경상사고,0,0,1,0,차대차 - 측면충돌,안전거리미확보,건조,맑음,단일로 - 기타,승용,여,26세,상해없음,승용,여,50세,경상
2021092300100523,2021년 9월 23일 19시,목요일,인천광역시 서구 신현동,경상사고,0,0,1,0,차대사람 - 길가장자리구역통행중,안전운전불이행,건조,맑음,교차로 - 교차로부근,승용,남,78세,상해없음,보행자,남,61세,경상
2021092300100524,2021년 9월 23일 19시,목요일,인천광역시 서구 청라동,경상사고,0,0,1,0,차대차 - 측면충돌,안전운전불이행,건조,맑음,교차로 - 교차로횡단보도내,승용,남,28세,상해없음,자전거,여,18세,경상
2021092300100548,2021년 9월 23일 20시,목요일,인천광역시 서구 원창동,경상사고,0,0,2,0,차대차 - 추돌,신호위반,건조,맑음,교차로 - 교차로안,승용,여,44세,상해없음,승합,남,58세,경상
2021092300100549,2021년 9월 23일 20시,목요일,인천광역시 서구 석남동,경상사고,0,0,4,0,차대차 - 측면충돌,안전운전불이행,건조,맑음,교차로 - 교차로안,승용,남,57세,상해없음,승용,남,21세,경상
2021092300100608,2021년 9월 23일 23시,목요일,인천광역시 서구 신현동,중상사고,0,1,0,0,차량단독 - 전도전복 - 전도,안전운전불이행,건조,맑음,교차로 - 교차로안,이륜,남,31세,중상,,,,
2021092400100014,2021년 9월 24일 04시,금요일,인천광역시 서구 청라동,경상사고,0,0,1,0,차대차 - 기타,신호위반,건조,맑음,교차로 - 교차로부근,승용,여,54세,상해없음,자전거,남,63세,경상
2021092400100032,2021년 9월 24일 06시,금요일,인천광역시 동구 송현동,경상사고,0,0,1,0,차대차 - 추돌,안전운전불이행,건조,맑음,단일로 - 기타,승용,남,73세,상해없음,승용,남,62세,경상
2021092400100033,2021년 9월 24일 06시,금요일,인천광역시 부평구 구산동,경상사고,0,0,3,0,차대차 - 추돌,안전운전불이행,건조,맑음,단일로 - 기타,승합,여,57세,상해없음,승합,남,60세,경상
2021092400100056,2021년 9월 24일 07시,금요일,인천광역시 강화군 송해면,경상사고,0,0,1,0,차대차 - 측면충돌,교차로운행방법위반,건조,맑음,교차로 - 교차로안,화물,남,28세,상해없음,승용,남,23세,경상
2021092400100096,2021년 9월 24일 08시,금요일,인천광역시 연수구 연수동,경상사고,0,0,1,0,차대차 - 후진중충돌,안전운전불이행,건조,맑음,단일로 - 기타,승용,남,53세,상해없음,승용,여,50세,경상
2021092400100117,2021년 9월 24일 09시,금요일,인천광역시 남동구 장수동,경상사고,0,0,1,0,차대차 - 측면충돌,안전운전불이행,건조,맑음,교차로 - 교차로안,화물,남,61세,상해없음,승용,남,54세,경상
2021092400100184,2021년 9월 24일 11시,금요일,인천광역시 미추홀구 용현동,중상사고,0,1,1,0,차대차 - 정면충돌,안전운전불이행,건조,맑음,교차로 - 교차로안,화물,남,37세,상해없음,승용,여,50세,중상
2021092400100213,2021년 9월 24일 12시,금요일,인천광역시 부평구 부평동,경상사고,0,0,1,0,차대차 - 측면충돌,불법유턴,건조,맑음,교차로 - 교차로안,자전거,남,71세,경상,이륜,남,31세,상해없음
2021092400100249,2021년 9월 24일 13시,금요일,인천광역시 서구 연희동,중상사고,0,1,0,0,차대차 - 측면충돌,안전운전불이행,건조,맑음,교차로 - 교차로안,자전거,남,69세,중상,승합,남,52세,상해없음
2021092400100357,2021년 9월 24일 16시,금요일,인천광역시 중구 사동,경상사고,0,0,1,0,차대차 - 추돌,안전거리미확보,건조,맑음,교차로 - 교차로안,승용,남,42세,상해없음,승용,남,32세,경상
2021092400100358,2021년 9월 24일 16시,금요일,인천광역시 서구 가좌동,경상사고,0,0,1,0,차량단독 - 기타,안전운전불이행,건조,맑음,단일로 - 기타,승합,남,53세,상해없음,,,,
2021092400100359,2021년 9월 24일 16시,금요일,인천광역시 연수구 동춘동,중상사고,0,1,0,0,차대차 - 추돌,안전운전불이행,건조,맑음,단일로 - 기타,특수,남,59세,상해없음,승용,남,63세,중상
2021092400100408,2021년 9월 24일 17시,금요일,인천광역시 서구 석남동,중상사고,0,1,4,0,차대차 - 추돌,안전운전불이행,건조,맑음,교차로 - 교차로부근,승용,남,45세,상해없음,화물,남,66세,중상
2021092400100409,2021년 9월 24일 17시,금요일,인천광역시 서구 청라동,중상사고,0,1,0,0,차대사람 - 횡단중,신호위반,건조,맑음,교차로 - 교차로안,이륜,남,32세,상해없음,보행자,남,39세,중상
2021092400100410,2021년 9월 24일 17시,금요일,인천광역시 서구 경서동,경상사고,0,0,1,0,차대차 - 측면충돌,안전운전불이행,건조,맑음,단일로 - 기타,승용,남,51세,상해없음,승용,남,32세,경상
2021092400100498,2021년 9월 24일 19시,금요일,인천광역시 부평구 부평동,경상사고,0,0,1,0,차대차 - 측면충돌,신호위반,건조,맑음,교차로 - 교차로안,승용,남,48세,상해없음,승용,남,22세,경상
2021092400100545,2021년 9월 24일 21시,금요일,인천광역시 서구 당하동,경상사고,0,0,1,0,차대사람 - 기타,안전운전불이행,건조,맑음,단일로 - 기타,승용,남,27세,상해없음,보행자,남,26세,경상
2021092400100583,2021년 9월 24일 23시,금요일,인천광역시 남동구 구월동,중상사고,0,1,0,0,차대차 - 추돌,안전운전불이행,건조,맑음,교차로 - 교차로부근,승용,남,38세,상해없음,이륜,남,51세,중상
2021092500100070,2021년 9월 25일 09시,토요일,인천광역시 미추홀구 도화동,경상사고,0,0,2,0,차대차 - 측면충돌,안전운전불이행,건조,맑음,단일로 - 기타,화물,남,42세,상해없음,승용,남,64세,경상
2021092500100136,2021년 9월 25일 11시,토요일,인천광역시 중구 신흥동3가,경상사고,0,0,4,0,차대차 - 추돌,안전운전불이행,건조,맑음,단일로 - 기타,승용,남,30세,상해없음,승용,남,44세,경상
2021092500100137,2021년 9월 25일 11시,토요일,인천광역시 남동구 간석동,중상사고,0,1,0,0,차대사람 - 횡단중,보행자보호의무위반,건조,맑음,단일로 - 기타,화물,남,43세,상해없음,보행자,여,74세,중상
2021092500100260,2021년 9월 25일 15시,토요일,인천광역시 계양구 용종동,경상사고,0,0,2,0,차대차 - 후진중충돌,안전운전불이행,건조,맑음,단일로 - 기타,승용,남,48세,상해없음,승용,남,41세,경상
2021092500100261,2021년 9월 25일 15시,토요일,인천광역시 부평구 부평동,중상사고,0,1,0,0,차대차 - 기타,신호위반,건조,맑음,교차로 - 교차로안,승용,남,58세,상해없음,이륜,남,43세,중상
2021092500100290,2021년 9월 25일 16시,토요일,인천광역시 남동구 구월동,경상사고,0,0,1,0,차대차 - 측면충돌,안전운전불이행,건조,맑음,단일로 - 기타,자전거,남,24세,기타불명,이륜,남,34세,경상
2021092500100325,2021년 9월 25일 17시,토요일,인천광역시 남동구 만수동,중상사고,0,1,0,0,차대차 - 측면충돌,신호위반,건조,흐림,교차로 - 교차로안,승용,남,60세,상해없음,자전거,남,71세,중상
2021092500100326,2021년 9월 25일 17시,토요일,인천광역시 남동구 서창동,경상사고,0,0,1,0,차대사람 - 횡단중,보행자보호의무위반,건조,맑음,교차로 - 교차로부근,승용,남,31세,상해없음,보행자,남,33세,경상
2021092500100388,2021년 9월 25일 19시,토요일,인천광역시 남동구 서창동,경상사고,0,0,1,0,차대차 - 측면충돌,교차로운행방법위반,건조,흐림,교차로 - 교차로안,승용,여,57세,상해없음,승용,여,30세,경상
2021092500100412,2021년 9월 25일 20시,토요일,인천광역시 서구 원창동,경상사고,0,0,3,0,차대차 - 후진중충돌,안전운전불이행,건조,맑음,단일로 - 기타,기타불명,남,29세,상해없음,승용,여,56세,경상
2021092500100436,2021년 9월 25일 21시,토요일,인천광역시 서구 석남동,경상사고,0,0,2,0,차대차 - 추돌,안전운전불이행,건조,맑음,교차로 - 교차로부근,승용,남,57세,상해없음,승용,여,40세,경상
2021092500100468,2021년 9월 25일 22시,토요일,인천광역시 미추홀구 용현동,중상사고,0,1,3,0,차대차 - 추돌,안전운전불이행,건조,맑음,단일로 - 기타,승용,남,39세,상해없음,이륜,남,36세,중상
2021092500100485,2021년 9월 25일 23시,토요일,인천광역시 중구 신흥동3가,중상사고,0,2,1,0,차대차 - 측면충돌,신호위반,건조,맑음,교차로 - 교차로안,승용,남,49세,상해없음,승용,남,55세,경상
2021092500100486,2021년 9월 25일 23시,토요일,인천광역시 서구 시천동,경상사고,0,0,2,0,차대차 - 기타,안전운전불이행,건조,맑음,교차로 - 교차로안,승용,남,19세,상해없음,승용,남,24세,경상
2021092600100063,2021년 9월 26일 09시,일요일,인천광역시 연수구 옥련동,경상사고,0,0,1,0,차대사람 - 횡단중,보행자보호의무위반,건조,맑음,교차로 - 교차로횡단보도내,승용,남,39세,상해없음,보행자,남,57세,경상
2021092600100085,2021년 9월 26일 10시,일요일,인천광역시 남동구 도림동,경상사고,0,0,1,0,차대차 - 정면충돌,중앙선침범,건조,맑음,단일로 - 기타,승용,여,71세,상해없음,승용,여,38세,경상
2021092600100135,2021년 9월 26일 12시,일요일,인천광역시 부평구 부평동,경상사고,0,0,1,0,차대차 - 후진중충돌,안전운전불이행,건조,맑음,기타 - 기타,승용,남,58세,상해없음,이륜,남,30세,경상
2021092600100136,2021년 9월 26일 12시,일요일,인천광역시 서구 청라동,경상사고,0,0,1,0,차대차 - 측면충돌,안전운전불이행,건조,맑음,교차로 - 교차로안,승용,여,49세,상해없음,화물,남,48세,경상
2021092600100137,2021년 9월 26일 12시,일요일,인천광역시 남동구 논현동,경상사고,0,0,2,0,차대차 - 측면충돌,신호위반,건조,맑음,교차로 - 교차로안,화물,남,45세,상해없음,승용,남,67세,경상
2021092600100160,2021년 9월 26일 13시,일요일,인천광역시 남동구 운연동,경상사고,0,0,1,0,차대차 - 후진중충돌,교차로운행방법위반,건조,맑음,교차로 - 교차로횡단보도내,화물,남,58세,상해없음,자전거,남,55세,경상
2021092600100193,2021년 9월 26일 14시,일요일,인천광역시 미추홀구 주안동,부상신고사고,0,0,0,2,차대차 - 측면충돌,안전운전불이행,건조,기타,기타 - 기타,승합,남,52세,기타불명,승용,남,31세,부상신고
2021092600100194,2021년 9월 26일 14시,일요일,인천광역시 강화군 송해면,경상사고,0,0,3,0,차대차 - 측면충돌,교차로운행방법위반,건조,맑음,교차로 - 교차로안,화물,남,67세,기타불명,승용,여,44세,경상
2021092600100223,2021년 9월 26일 15시,일요일,인천광역시 부평구 부개동,경상사고,0,0,1,0,차대차 - 기타,안전운전불이행,건조,맑음,교차로 - 교차로부근,이륜,남,44세,상해없음,자전거,남,40세,경상
2021092600100253,2021년 9월 26일 16시,일요일,인천광역시 부평구 부평동,경상사고,0,0,1,0,차대차 - 측면충돌,안전운전불이행,건조,맑음,교차로 - 교차로부근,자전거,여,74세,경상,승합,남,60세,상해없음
2021092600100254,2021년 9월 26일 16시,일요일,인천광역시 남동구 간석동,경상사고,0,0,1,0,차대사람 - 횡단중,안전운전불이행,건조,맑음,교차로 - 교차로안,승용,남,68세,상해없음,보행자,남,37세,경상
2021092600100342,2021년 9월 26일 19시,일요일,인천광역시 연수구 송도동,경상사고,0,0,1,0,차대사람 - 횡단중,안전운전불이행,건조,맑음,단일로 - 기타,승용,남,36세,상해없음,보행자,남,25세,경상
2021092600100343,2021년 9월 26일 19시,일요일,인천광역시 연수구 송도동,경상사고,0,0,2,0,차대차 - 측면충돌,안전운전불이행,건조,맑음,단일로 - 기타,승용,여,24세,상해없음,승용,남,28세,경상
2021092600100402,2021년 9월 26일 23시,일요일,인천광역시 서구 마전동,경상사고,0,0,1,0,차대사람 - 횡단중,신호위반,건조,맑음,교차로 - 교차로안,승합,남,56세,상해없음,보행자,여,19세,경상
2021092600100403,2021년 9월 26일 23시,일요일,인천광역시 남동구 논현동,경상사고,0,0,1,0,차대차 - 정면충돌,신호위반,건조,맑음,교차로 - 교차로안,이륜,남,21세,상해없음,승용,남,40세,경상
2021092700100009,2021년 9월 27일 01시,월요일,인천광역시 남동구 구월동,경상사고,0,0,1,0,차량단독 - 공작물충돌,안전운전불이행,건조,맑음,단일로 - 기타,승용,남,22세,상해없음,,,,
2021092700100074,2021년 9월 27일 07시,월요일,인천광역시 연수구 동춘동,중상사고,0,2,0,0,차대차 - 기타,안전운전불이행,건조,맑음,단일로 - 기타,승용,남,38세,상해없음,승용,남,38세,상해없음
2021092700100155,2021년 9월 27일 10시,월요일,인천광역시 중구 도원동,경상사고,0,0,1,0,차대차 - 측면충돌,안전운전불이행,건조,맑음,교차로 - 교차로안,승용,남,60세,상해없음,승용,남,66세,경상
2021092700100156,2021년 9월 27일 10시,월요일,인천광역시 남동구 고잔동,경상사고,0,0,1,0,차대차 - 측면충돌,교차로운행방법위반,건조,맑음,교차로 - 교차로부근,화물,남,74세,상해없음,이륜,남,52세,경상
2021092700100187,2021년 9월 27일 11시,월요일,인천광역시 서구 석남동,경상사고,0,0,2,0,차대차 - 측면충돌,안전운전불이행,건조,맑음,단일로 - 기타,승용,여,36세,상해없음,승용,남,31세,경상
2021092700100188,2021년 9월 27일 11시,월요일,인천광역시 부평구 삼산동,부상신고사고,0,0,0,1,차대차 - 측면충돌,안전운전불이행,건조,맑음,교차로 - 교차로횡단보도내,승용,남,80세,상해없음,자전거,남,60세,부상신고
2021092700100254,2021년 9월 27일 13시,월요일,인천광역시 부평구 산곡동,경상사고,0,0,1,0,차량단독 - 공작물충돌,안전운전불이행,건조,맑음,교차로 - 교차로안,승합,남,63세,상해없음,,,,
2021092700100318,2021년 9월 27일 15시,월요일,인천광역시 중구 운서동,경상사고,0,0,1,0,차대차 - 측면충돌,안전운전불이행,건조,맑음,단일로 - 기타,승용,여,29세,기타불명,승용,남,40세,경상
2021092700100319,2021년 9월 27일 15시,월요일,인천광역시 미추홀구 용현동,경상사고,0,0,1,0,차대사람 - 횡단중,보행자보호의무위반,건조,흐림,교차로 - 교차로횡단보도내,승용,여,33세,상해없음,보행자,여,48세,경상
2021092700100320,2021년 9월 27일 15시,월요일,인천광역시 미추홀구 용현동,중상사고,0,1,2,0,차대차 - 측면충돌,신호위반,건조,맑음,교차로 - 교차로안,이륜,남,52세,경상,승용,여,61세,중상
2021092700100321,2021년 9월 27일 15시,월요일,인천광역시 남동구 간석동,중상사고,0,1,1,0,차대사람 - 차도통행중,안전운전불이행,건조,맑음,교차로 - 교차로부근,승합,남,67세,상해없음,보행자,남,69세,경상
2021092700100356,2021년 9월 27일 16시,월요일,인천광역시 서구 마전동,사망사고,1,0,1,0,차대차 - 측면충돌,신호위반,건조,맑음,교차로 - 교차로안,이륜,남,42세,사망,승용,남,46세,경상
2021092700100357,2021년 9월 27일 16시,월요일,인천광역시 서구 오류동,경상사고,0,0,1,0,차대차 - 측면충돌,안전운전불이행,건조,맑음,교차로 - 교차로안,화물,남,67세,상해없음,승용,여,59세,경상
2021092700100396,2021년 9월 27일 17시,월요일,인천광역시 계양구 계산동,경상사고,0,0,1,0,차대차 - 측면충돌,안전운전불이행,건조,맑음,교차로 - 교차로부근,승용,여,49세,상해없음,승용,여,36세,경상
2021092700100435,2021년 9월 27일 18시,월요일,인천광역시 부평구 청천동,중상사고,0,1,0,0,차대차 - 기타,중앙선침범,건조,맑음,단일로 - 기타,승용,남,35세,상해없음,이륜,남,66세,중상
2021092700100436,2021년 9월 27일 18시,월요일,인천광역시 부평구 산곡동,경상사고,0,0,1,0,차대사람 - 보도통행중,안전운전불이행,건조,맑음,단일로 - 지하차도(도로)내,개인형이동수단(PM),남,15세,기타불명,보행자,여,14세,경상
2021092700100437,2021년 9월 27일 18시,월요일,인천광역시 부평구 부평동,경상사고,0,0,1,0,차대차 - 측면충돌,안전운전불이행,건조,맑음,교차로 - 교차로안,승용,여,47세,상해없음,승용,남,23세,경상
2021092700100523,2021년 9월 27일 21시,월요일,인천광역시 미추홀구 도화동,경상사고,0,0,1,0,차대차 - 정면충돌,중앙선침범,건조,맑음,단일로 - 기타,승용,남,38세,상해없음,승합,남,60세,경상
2021092700100524,2021년 9월 27일 21시,월요일,인천광역시 미추홀구 도화동,경상사고,0,0,1,0,차대차 - 기타,안전운전불이행,건조,맑음,단일로 - 기타,승용,남,38세,상해없음,이륜,남,41세,경상
2021092700100525,2021년 9월 27일 21시,월요일,인천광역시 부평구 산곡동,경상사고,0,0,1,0,차대사람 - 길가장자리구역통행중,안전운전불이행,건조,맑음,교차로 - 교차로부근,기타불명,기타불명,미분류,기타불명,보행자,남,58세,경상
2021092700100557,2021년 9월 27일 23시,월요일,인천광역시 서구 마전동,경상사고,0,0,2,0,차대차 - 추돌,안전운전불이행,건조,맑음,교차로 - 교차로안,이륜,남,17세,상해없음,이륜,남,16세,경상
2021092800100053,2021년 9월 28일 07시,화요일,인천광역시 중구 운서동,경상사고,0,0,1,0,차대차 - 정면충돌,신호위반,젖음/습기,비,교차로 - 교차로안,승용,남,49세,상해없음,승용,남,22세,경상
2021092800100054,2021년 9월 28일 07시,화요일,인천광역시 서구 가정동,경상사고,0,0,1,0,차대차 - 측면충돌,안전운전불이행,건조,맑음,교차로 - 교차로안,승합,남,72세,상해없음,승용,남,25세,경상
2021092800100151,2021년 9월 28일 10시,화요일,인천광역시 미추홀구 숭의동,경상사고,0,0,1,0,차대차 - 추돌,안전운전불이행,건조,맑음,단일로 - 기타,승용,여,39세,상해없음,화물,여,41세,경상
2021092800100181,2021년 9월 28일 11시,화요일,인천광역시 강화군 하점면,중상사고,0,3,0,0,차대차 - 정면충돌,안전운전불이행,건조,맑음,교차로 - 교차로안,승용,여,65세,중상,승용,남,62세,중상
2021092800100241,2021년 9월 28일 13시,화요일,인천광역시 남동구 구월동,경상사고,0,0,1,0,차대차 - 측면충돌,안전운전불이행,건조,맑음,단일로 - 기타,승합,남,46세,상해없음,승용,여,38세,경상
2021092800100242,2021년 9월 28일 13시,화요일,인천광역시 부평구 부평동,경상사고,0,0,1,0,차대사람 - 보도통행중,보행자보호의무위반,건조,맑음,단일로 - 기타,화물,남,50세,상해없음,보행자,여,65세,경상
2021092800100301,2021년 9월 28일 15시,화요일,인천광역시 서구 가정동,경상사고,0,0,1,0,차대차 - 기타,신호위반,건조,맑음,교차로 - 교차로안,승용,여,40세,기타불명,승용,남,49세,경상
2021092800100334,2021년 9월 28일 16시,화요일,인천광역시 남동구 간석동,경상사고,0,0,1,0,차대차 - 측면충돌,안전운전불이행,건조,맑음,교차로 - 교차로부근,자전거,남,9세,경상,승용,남,55세,상해없음
2021092800100335,2021년 9월 28일 16시,화요일,인천광역시 부평구 부평동,경상사고,0,0,2,0,차대차 - 측면충돌,신호위반,건조,맑음,교차로 - 교차로안,승용,남,53세,상해없음,승용,남,29세,경상
2021092800100435,2021년 9월 28일 18시,화요일,인천광역시 계양구 장기동,경상사고,0,0,1,0,차대차 - 기타,교차로운행방법위반,건조,맑음,교차로 - 교차로부근,승용,여,59세,상해없음,승합,남,52세,상해없음
2021092800100436,2021년 9월 28일 18시,화요일,인천광역시 강화군 강화읍,경상사고,0,0,1,0,차대차 - 추돌,신호위반,건조,맑음,교차로 - 교차로안,승용,여,46세,상해없음,승용,남,49세,경상
2021092800100437,2021년 9월 28일 18시,화요일,인천광역시 부평구 삼산동,경상사고,0,0,1,0,차대차 - 정면충돌,안전운전불이행,젖음/습기,비,교차로 - 교차로부근,승용,남,66세,상해없음,승용,남,55세,경상
2021092800100491,2021년 9월 28일 19시,화요일,인천광역시 부평구 청천동,경상사고,0,0,2,0,차대차 - 측면충돌,안전운전불이행,젖음/습기,비,교차로 - 교차로안,승용,남,31세,상해없음,승용,남,25세,경상
2021092800100492,2021년 9월 28일 19시,화요일,인천광역시 계양구 계산동,경상사고,0,0,5,0,차대차 - 측면충돌,안전운전불이행,젖음/습기,비,단일로 - 기타,승용,남,46세,상해없음,승용,남,47세,경상
2021092800100493,2021년 9월 28일 19시,화요일,인천광역시 부평구 부평동,경상사고,0,0,1,0,차대사람 - 횡단중,보행자보호의무위반,젖음/습기,비,교차로 - 교차로부근,이륜,남,46세,상해없음,보행자,여,29세,경상
2021092800100494,2021년 9월 28일 19시,화요일,인천광역시 남동구 논현동,경상사고,0,0,1,0,차대차 - 측면충돌,차로위반,젖음/습기,비,단일로 - 교량,화물,남,49세,상해없음,승용,여,51세,경상
2021092800100495,2021년 9월 28일 19시,화요일,인천광역시 부평구 구산동,경상사고,0,0,2,0,차대차 - 기타,안전운전불이행,젖음/습기,비,기타 - 기타,승합,남,57세,상해없음,승용,여,23세,경상
2021092800100560,2021년 9월 28일 21시,화요일,인천광역시 남동구 간석동,중상사고,0,1,0,0,차대차 - 정면충돌,중앙선침범,젖음/습기,비,교차로 - 교차로부근,승용,여,44세,상해없음,이륜,남,46세,중상
2021092800100561,2021년 9월 28일 21시,화요일,인천광역시 서구 가정동,경상사고,0,0,1,0,차대차 - 측면충돌,안전운전불이행,젖음/습기,비,단일로 - 기타,승용,남,57세,기타불명,승용,남,51세,경상
2021092800100562,2021년 9월 28일 21시,화요일,인천광역시 서구 공촌동,경상사고,0,0,4,0,차대차 - 후진중충돌,안전운전불이행,젖음/습기,비,단일로 - 기타,승용,남,60세,상해없음,승용,남,40세,경상
2021092800100563,2021년 9월 28일 21시,화요일,인천광역시 서구 심곡동,경상사고,0,0,1,0,차대차 - 추돌,안전운전불이행,건조,맑음,교차로 - 교차로부근,승용,여,23세,상해없음,승용,남,58세,경상
2021092800100593,2021년 9월 28일 22시,화요일,인천광역시 남동구 만수동,경상사고,0,0,1,0,차대차 - 측면충돌,차로위반,젖음/습기,비,단일로 - 기타,특수,남,38세,상해없음,승용,남,29세,경상
2021092800100594,2021년 9월 28일 22시,화요일,인천광역시 서구 마전동,경상사고,0,0,1,0,차대차 - 기타,안전운전불이행,젖음/습기,비,단일로 - 기타,승합,남,51세,상해없음,이륜,남,41세,경상
2021092800100595,2021년 9월 28일 22시,화요일,인천광역시 부평구 일신동,경상사고,0,0,1,0,차대차 - 측면충돌,신호위반,젖음/습기,비,단일로 - 교량,승용,남,27세,상해없음,승용,남,26세,경상