사고번호,사고일시,요일,시군구,사고내용,사망자수,중상자수,경상자수,부상신고자수,사고유형,법규위반,노면상태,기상상태,도로형태,가해운전자 차종,가해운전자 성별,가해운전자 연령,가해운전자 상해정도,피해운전자 차종,피해운전자 성별,피해운전자 연령,피해운전자 상해정도
2021092800100618,2021년 9월 28일 23시,화요일,인천광역시 계양구 임학동,경상사고,0,0,1,0,차대사람 - 기타,기타,건조,맑음,단일로 - 기타,승용,남,59세,상해없음,보행자,남,43세,경상
2021092800100619,2021년 9월 28일 23시,화요일,인천광역시 연수구 동춘동,경상사고,0,0,1,0,차대차 - 추돌,안전운전불이행,건조,맑음,교차로 - 교차로안,승용,여,38세,상해없음,승용,남,30세,경상
2021092900100009,2021년 9월 29일 00시,수요일,인천광역시 서구 청라동,경상사고,0,0,1,0,차대차 - 추돌,안전운전불이행,건조,맑음,단일로 - 기타,승용,여,27세,상해없음,승용,남,29세,경상
2021092900100014,2021년 9월 29일 01시,수요일,인천광역시 연수구 송도동,경상사고,0,0,2,0,차대차 - 측면충돌,신호위반,젖음/습기,흐림,교차로 - 교차로횡단보도내,승용,남,21세,상해없음,승용,남,23세,경상
2021092900100041,2021년 9월 29일 05시,수요일,인천광역시 연수구 동춘동,중상사고,0,1,0,0,차대차 - 측면충돌,안전운전불이행,젖음/습기,비,교차로 - 교차로부근,화물,남,71세,상해없음,화물,남,72세,중상
2021092900100064,2021년 9월 29일 07시,수요일,인천광역시 미추홀구 숭의동,중상사고,0,1,0,0,차대차 - 정면충돌,신호위반,젖음/습기,비,교차로 - 교차로안,승용,여,45세,상해없음,승용,여,63세,중상
2021092900100101,2021년 9월 29일 08시,수요일,인천광역시 남동구 고잔동,경상사고,0,0,1,0,차대차 - 추돌,안전운전불이행,젖음/습기,비,단일로 - 지하차도(도로)내,승용,여,29세,상해없음,승용,여,50세,경상
2021092900100102,2021년 9월 29일 08시,수요일,인천광역시 남동구 논현동,경상사고,0,0,1,0,차대차 - 추돌,안전운전불이행,젖음/습기,비,교차로 - 교차로부근,승용,남,46세,상해없음,승용,여,45세,경상
2021092900100103,2021년 9월 29일 08시,수요일,인천광역시 부평구 삼산동,경상사고,0,0,1,0,차대차 - 측면충돌,안전운전불이행,젖음/습기,비,단일로 - 기타,승용,남,65세,상해없음,화물,남,50세,경상
2021092900100135,2021년 9월 29일 09시,수요일,인천광역시 서구 왕길동,경상사고,0,0,2,0,차대차 - 추돌,안전운전불이행,건조,맑음,교차로 - 교차로부근,승용,남,29세,상해없음,화물,남,44세,경상
2021092900100227,2021년 9월 29일 12시,수요일,인천광역시 남동구 간석동,경상사고,0,0,1,0,차대차 - 측면충돌,안전운전불이행,젖음/습기,비,교차로 - 교차로안,승용,남,61세,기타불명,승용,남,23세,경상
2021092900100228,2021년 9월 29일 12시,수요일,인천광역시 남동구 구월동,경상사고,0,0,1,0,차대차 - 측면충돌,안전운전불이행,젖음/습기,비,단일로 - 기타,승용,남,67세,상해없음,승용,남,34세,경상
2021092900100292,2021년 9월 29일 14시,수요일,인천광역시 미추홀구 주안동,중상사고,0,1,0,0,차대차 - 측면충돌,교차로운행방법위반,건조,맑음,교차로 - 교차로안,승용,남,49세,상해없음,이륜,남,45세,중상
2021092900100328,2021년 9월 29일 15시,수요일,인천광역시 서구 가좌동,경상사고,0,0,1,0,차대차 - 기타,안전운전불이행,건조,맑음,단일로 - 기타,승용,남,55세,상해없음,화물,남,47세,경상
2021092900100516,2021년 9월 29일 19시,수요일,인천광역시 서구 마전동,경상사고,0,0,1,0,차대차 - 후진중충돌,안전운전불이행,건조,맑음,단일로 - 기타,승용,여,78세,상해없음,이륜,남,24세,경상
2021092900100546,2021년 9월 29일 20시,수요일,인천광역시 서구 마전동,경상사고,0,0,1,0,차대차 - 측면충돌,안전운전불이행,건조,맑음,단일로 - 기타,승합,남,55세,상해없음,승용,남,43세,경상
2021092900100578,2021년 9월 29일 21시,수요일,인천광역시 남동구 만수동,경상사고,0,0,2,0,차대차 - 측면충돌,안전운전불이행,건조,맑음,교차로 - 교차로안,이륜,남,19세,경상,승용,남,30세,경상
2021092900100615,2021년 9월 29일 22시,수요일,인천광역시 서구 청라동,경상사고,0,0,2,0,차대차 - 추돌,안전운전불이행,건조,맑음,교차로 - 교차로안,승용,남,40세,상해없음,승용,남,38세,경상
2021092900100616,2021년 9월 29일 22시,수요일,인천광역시 서구 청라동,경상사고,0,0,2,0,차대차 - 추돌,안전운전불이행,건조,맑음,단일로 - 기타,승용,여,28세,상해없음,승용,여,24세,경상
2021092900100640,2021년 9월 29일 23시,수요일,인천광역시 계양구 작전동,경상사고,0,0,2,0,차대차 - 측면충돌,안전운전불이행,건조,기타,교차로 - 교차로안,승용,남,47세,상해없음,승용,남,56세,경상
2021093000100027,2021년 9월 30일 03시,목요일,인천광역시 미추홀구 숭의동,경상사고,0,0,1,0,차대차 - 추돌,안전운전불이행,건조,맑음,단일로 - 기타,승합,여,63세,상해없음,건설기계,남,44세,경상
2021093000100052,2021년 9월 30일 06시,목요일,인천광역시 미추홀구 용현동,부상신고사고,0,0,0,1,차대차 - 기타,안전운전불이행,건조,맑음,단일로 - 기타,승합,남,64세,상해없음,화물,남,24세,부상신고
2021093000100119,2021년 9월 30일 08시,목요일,인천광역시 연수구 송도동,사망사고,1,0,0,0,차대차 - 측면충돌,안전운전불이행,건조,맑음,교차로 - 교차로횡단보도내,개인형이동수단(PM),남,19세,사망,승용,남,35세,상해없음
2021093000100212,2021년 9월 30일 11시,목요일,인천광역시 계양구 작전동,경상사고,0,0,1,0,차대차 - 측면충돌,안전운전불이행,건조,맑음,교차로 - 교차로부근,승용,남,58세,상해없음,화물,남,43세,경상
2021093000100213,2021년 9월 30일 11시,목요일,인천광역시 부평구 갈산동,경상사고,0,0,1,0,차대차 - 기타,안전운전불이행,건조,맑음,교차로 - 교차로안,승용,남,75세,상해없음,이륜,남,42세,경상
2021093000100251,2021년 9월 30일 12시,목요일,인천광역시 강화군 강화읍,경상사고,0,0,1,0,차대차 - 측면충돌,직진우회전진행방해,건조,맑음,교차로 - 교차로안,승용,남,79세,상해없음,승용,여,41세,경상
2021093000100252,2021년 9월 30일 12시,목요일,인천광역시 강화군 교동면,경상사고,0,0,1,0,차대차 - 측면충돌,안전운전불이행,건조,맑음,교차로 - 교차로안,화물,남,72세,상해없음,승용,남,67세,상해없음
2021093000100330,2021년 9월 30일 14시,목요일,인천광역시 서구 청라동,경상사고,0,0,1,0,차대차 - 추돌,안전운전불이행,건조,맑음,교차로 - 교차로안,개인형이동수단(PM),여,16세,경상,승용,남,37세,상해없음
2021093000100331,2021년 9월 30일 14시,목요일,인천광역시 동구 송현동,경상사고,0,0,2,0,차대차 - 추돌,안전거리미확보,건조,맑음,단일로 - 터널,특수,남,47세,상해없음,승용,여,45세,경상
2021093000100369,2021년 9월 30일 15시,목요일,인천광역시 부평구 산곡동,경상사고,0,0,1,0,차대사람 - 횡단중,보행자보호의무위반,건조,맑음,교차로 - 교차로안,승용,여,57세,상해없음,보행자,여,52세,경상
2021093000100370,2021년 9월 30일 15시,목요일,인천광역시 부평구 삼산동,경상사고,0,0,1,0,차대차 - 측면충돌,안전운전불이행,건조,맑음,교차로 - 교차로안,승용,여,46세,상해없음,승용,남,61세,경상
2021093000100417,2021년 9월 30일 16시,목요일,인천광역시 중구 운서동,경상사고,0,0,1,0,차대차 - 추돌,신호위반,건조,맑음,단일로 - 기타,승합,남,60세,상해없음,승용,여,34세,경상
2021093000100418,2021년 9월 30일 16시,목요일,인천광역시 부평구 부평동,경상사고,0,0,1,0,차대차 - 측면충돌,안전운전불이행,건조,맑음,교차로 - 교차로부근,승용,여,56세,상해없음,승용,남,40세,경상
2021093000100419,2021년 9월 30일 16시,목요일,인천광역시 남동구 간석동,경상사고,0,0,4,0,차대차 - 추돌,안전운전불이행,건조,맑음,단일로 - 기타,화물,남,39세,상해없음,화물,남,42세,경상
2021093000100420,2021년 9월 30일 16시,목요일,인천광역시 서구 왕길동,경상사고,0,0,1,0,차대차 - 기타,안전운전불이행,기타,맑음,단일로 - 기타,승용,남,59세,상해없음,이륜,남,63세,경상
2021093000100421,2021년 9월 30일 16시,목요일,인천광역시 연수구 송도동,경상사고,0,0,2,0,차대차 - 정면충돌,안전운전불이행,건조,맑음,주차장 - 주차장,승용,여,35세,경상,승용,여,44세,경상
2021093000100483,2021년 9월 30일 17시,목요일,인천광역시 미추홀구 주안동,경상사고,0,0,1,0,차대차 - 측면충돌,안전운전불이행,건조,맑음,기타 - 기타,승용,여,54세,상해없음,승용,남,54세,경상
2021093000100621,2021년 9월 30일 21시,목요일,인천광역시 서구 석남동,중상사고,0,1,0,0,차대차 - 기타,신호위반,건조,맑음,교차로 - 교차로안,승용,남,59세,상해없음,이륜,남,42세,중상
2021093000100667,2021년 9월 30일 23시,목요일,인천광역시 미추홀구 학익동,경상사고,0,0,1,0,차대차 - 기타,직진우회전진행방해,건조,맑음,교차로 - 교차로안,승용,남,18세,상해없음,이륜,남,45세,경상
2021100100100007,2021년 10월 1일 00시,금요일,인천광역시 미추홀구 용현동,경상사고,0,0,1,0,차대차 - 추돌,안전운전불이행,젖음/습기,흐림,교차로 - 교차로안,이륜,남,24세,상해없음,이륜,남,31세,경상
2021100100100045,2021년 10월 1일 06시,금요일,인천광역시 서구 가정동,경상사고,0,0,1,0,차대차 - 측면충돌,신호위반,건조,맑음,교차로 - 교차로부근,승용,남,64세,상해없음,승합,남,47세,경상
2021100100100065,2021년 10월 1일 07시,금요일,인천광역시 서구 오류동,경상사고,0,0,3,0,차대차 - 추돌,안전운전불이행,젖음/습기,맑음,교차로 - 교차로부근,건설기계,남,62세,상해없음,승용,남,66세,경상
2021100100100100,2021년 10월 1일 08시,금요일,인천광역시 연수구 송도동,경상사고,0,0,1,0,차대차 - 측면충돌,교차로운행방법위반,건조,맑음,교차로 - 교차로횡단보도내,승용,남,63세,상해없음,자전거,남,63세,경상
2021100100100166,2021년 10월 1일 10시,금요일,인천광역시 중구 송월동2가,경상사고,0,0,2,0,차대차 - 측면충돌,안전거리미확보,건조,맑음,교차로 - 교차로안,승합,남,59세,상해없음,화물,남,55세,경상
2021100100100167,2021년 10월 1일 10시,금요일,인천광역시 계양구 계산동,경상사고,0,0,2,0,차대차 - 측면충돌,안전거리미확보,건조,맑음,교차로 - 교차로부근,승용,남,39세,경상,승용,남,63세,경상
2021100100100248,2021년 10월 1일 12시,금요일,인천광역시 옹진군 백령면,부상신고사고,0,0,0,1,차대사람 - 기타,안전운전불이행,건조,맑음,단일로 - 기타,이륜,남,68세,상해없음,보행자,남,60세,부상신고
2021100100100249,2021년 10월 1일 12시,금요일,인천광역시 서구 마전동,경상사고,0,0,1,0,차대차 - 기타,신호위반,건조,맑음,교차로 - 교차로안,승용,여,48세,상해없음,승합,남,34세,상해없음
2021100100100250,2021년 10월 1일 12시,금요일,인천광역시 계양구 계산동,경상사고,0,0,1,0,차대사람 - 횡단중,보행자보호의무위반,건조,맑음,교차로 - 교차로횡단보도내,화물,남,65세,상해없음,보행자,여,64세,경상
2021100100100292,2021년 10월 1일 13시,금요일,인천광역시 중구 덕교동,경상사고,0,0,2,0,차대차 - 후진중충돌,안전운전불이행,건조,맑음,단일로 - 기타,승용,여,35세,상해없음,승용,남,39세,경상
2021100100100370,2021년 10월 1일 15시,금요일,인천광역시 서구 석남동,경상사고,0,0,1,0,차대차 - 후진중충돌,안전운전불이행,건조,맑음,단일로 - 기타,화물,남,44세,상해없음,승용,남,59세,경상
2021100100100371,2021년 10월 1일 15시,금요일,인천광역시 강화군 강화읍,경상사고,0,0,1,0,차대차 - 기타,안전운전불이행,건조,맑음,교차로 - 교차로횡단보도내,승용,남,75세,상해없음,자전거,남,12세,경상
2021100100100372,2021년 10월 1일 15시,금요일,인천광역시 남동구 고잔동,경상사고,0,0,1,0,차대차 - 추돌,불법유턴,건조,맑음,단일로 - 기타,화물,남,55세,상해없음,승합,남,53세,상해없음
2021100100100468,2021년 10월 1일 17시,금요일,인천광역시 서구 가좌동,부상신고사고,0,0,0,1,차대차 - 기타,안전운전불이행,건조,맑음,단일로 - 기타,승용,남,29세,부상신고,승용,남,59세,상해없음
2021100100100529,2021년 10월 1일 18시,금요일,인천광역시 서구 연희동,경상사고,0,0,3,0,차대차 - 추돌,신호위반,건조,맑음,교차로 - 교차로안,승용,남,40세,경상,승용,남,23세,경상
2021100100100530,2021년 10월 1일 18시,금요일,인천광역시 부평구 삼산동,경상사고,0,0,1,0,차량단독 - 기타,안전운전불이행,건조,맑음,단일로 - 기타,승합,남,62세,기타불명,,,,
2021100100100531,2021년 10월 1일 18시,금요일,인천광역시 남동구 남촌동,경상사고,0,0,1,0,차대차 - 측면충돌,차로위반,건조,맑음,단일로 - 기타,승용,남,64세,상해없음,승용,여,39세,경상
2021100100100576,2021년 10월 1일 19시,금요일,인천광역시 서구 마전동,경상사고,0,0,1,0,차대차 - 측면충돌,안전운전불이행,건조,맑음,교차로 - 교차로부근,승용,여,48세,상해없음,이륜,남,51세,경상
2021100100100577,2021년 10월 1일 19시,금요일,인천광역시 연수구 연수동,경상사고,0,0,2,0,차대차 - 측면충돌,안전거리미확보,건조,맑음,단일로 - 기타,승용,남,23세,상해없음,승용,남,57세,경상
2021100100100578,2021년 10월 1일 19시,금요일,인천광역시 부평구 삼산동,경상사고,0,0,1,0,차대차 - 측면충돌,안전운전불이행,건조,맑음,단일로 - 기타,승용,여,62세,상해없음,승용,남,45세,경상
2021100100100610,2021년 10월 1일 20시,금요일,인천광역시 남동구 만수동,경상사고,0,0,1,0,차대차 - 기타,차로위반,건조,맑음,단일로 - 기타,이륜,남,36세,경상,승용,남,59세,상해없음
2021100100100626,2021년 10월 1일 21시,금요일,인천광역시 중구 운서동,중상사고,0,1,0,0,차대차 - 측면충돌,신호위반,젖음/습기,비,교차로 - 교차로안,이륜,남,27세,상해없음,자전거,남,14세,중상
2021100100100627,2021년 10월 1일 21시,금요일,인천광역시 남동구 구월동,중상사고,0,1,0,0,차대사람 - 기타,안전운전불이행,젖음/습기,비,단일로 - 기타,승용,남,55세,상해없음,보행자,남,52세,중상
2021100100100628,2021년 10월 1일 21시,금요일,인천광역시 서구 가좌동,경상사고,0,0,1,0,차대차 - 측면충돌,안전운전불이행,젖음/습기,비,단일로 - 기타,승용,남,23세,상해없음,승용,남,30세,경상
2021100100100629,2021년 10월 1일 21시,금요일,인천광역시 계양구 동양동,경상사고,0,0,1,0,차대차 - 추돌,안전운전불이행,젖음/습기,비,단일로 - 기타,승용,남,52세,상해없음,승용,남,62세,경상
2021100100100678,2021년 10월 1일 22시,금요일,인천광역시 서구 연희동,중상사고,0,1,2,0,차대차 - 기타,안전운전불이행,젖음/습기,비,교차로 - 교차로부근,승용,남,46세,상해없음,승용,남,38세,중상
2021100100100679,2021년 10월 1일 22시,금요일,인천광역시 부평구 부평동,중상사고,0,1,0,0,차대사람 - 횡단중,보행자보호의무위반,건조,맑음,단일로 - 기타,이륜,남,48세,상해없음,보행자,여,55세,중상
2021100100100680,2021년 10월 1일 22시,금요일,인천광역시 남동구 장수동,경상사고,0,0,1,0,차대차 - 추돌,신호위반,젖음/습기,비,단일로 - 기타,승용,남,43세,상해없음,승용,남,29세,경상
2021100100100715,2021년 10월 1일 23시,금요일,인천광역시 계양구 작전동,경상사고,0,0,1,0,차대차 - 측면충돌,안전운전불이행,건조,맑음,교차로 - 교차로부근,승용,남,59세,상해없음,이륜,남,30세,경상
2021100200100046,2021년 10월 2일 06시,토요일,인천광역시 서구 석남동,경상사고,0,0,1,0,차대차 - 측면충돌,안전운전불이행,건조,맑음,교차로 - 교차로안,승용,남,26세,상해없음,승용,여,60세,경상
2021100200100047,2021년 10월 2일 06시,토요일,인천광역시 서구 경서동,경상사고,0,0,1,0,차대차 - 측면충돌,신호위반,건조,맑음,단일로 - 기타,화물,남,52세,상해없음,승용,남,29세,경상
2021100200100056,2021년 10월 2일 07시,토요일,인천광역시 중구 운서동,중상사고,0,1,0,0,차대차 - 정면충돌,신호위반,건조,맑음,교차로 - 교차로안,승용,남,61세,상해없음,화물,남,47세,중상
2021100200100142,2021년 10월 2일 10시,토요일,인천광역시 서구 마전동,경상사고,0,0,1,0,차대차 - 측면충돌,안전운전불이행,건조,맑음,교차로 - 교차로안,승용,남,33세,상해없음,승용,남,35세,경상
2021100200100189,2021년 10월 2일 11시,토요일,인천광역시 남동구 논현동,경상사고,0,0,2,0,차대차 - 기타,중앙선침범,건조,맑음,단일로 - 지하차도(도로)내,승용,여,29세,상해없음,승용,남,44세,상해없음
2021100200100276,2021년 10월 2일 13시,토요일,인천광역시 미추홀구 주안동,부상신고사고,0,0,0,1,차대차 - 측면충돌,신호위반,건조,맑음,교차로 - 교차로부근,승용,여,18세,상해없음,승용,남,32세,부상신고
2021100200100277,2021년 10월 2일 13시,토요일,인천광역시 미추홀구 주안동,경상사고,0,0,1,0,차대차 - 추돌,안전운전불이행,건조,맑음,교차로 - 교차로부근,승용,남,33세,상해없음,승용,남,71세,경상
2021100200100278,2021년 10월 2일 13시,토요일,인천광역시 남동구 구월동,경상사고,0,0,1,0,차대차 - 측면충돌,교차로운행방법위반,건조,맑음,교차로 - 교차로안,승용,남,61세,상해없음,원동기,남,51세,경상
2021100200100279,2021년 10월 2일 13시,토요일,인천광역시 남동구 간석동,중상사고,0,1,0,0,차대차 - 추돌,안전거리미확보,건조,맑음,단일로 - 기타,승합,남,65세,상해없음,승용,남,62세,중상
2021100200100349,2021년 10월 2일 15시,토요일,인천광역시 부평구 갈산동,경상사고,0,0,1,0,차대차 - 추돌,안전운전불이행,건조,맑음,단일로 - 지하차도(도로)내,승용,남,51세,상해없음,승용,여,45세,경상
2021100200100350,2021년 10월 2일 15시,토요일,인천광역시 계양구 장기동,중상사고,0,1,0,0,차대사람 - 기타,안전운전불이행,건조,맑음,단일로 - 기타,자전거,남,29세,중상,보행자,남,18세,상해없음
2021100200100375,2021년 10월 2일 16시,토요일,인천광역시 부평구 삼산동,경상사고,0,0,1,0,차대차 - 기타,교차로운행방법위반,건조,맑음,교차로 - 교차로안,승용,남,51세,상해없음,자전거,남,44세,경상
2021100200100395,2021년 10월 2일 16시,토요일,인천광역시 남동구 구월동,경상사고,0,0,2,0,차대차 - 추돌,안전운전불이행,건조,맑음,단일로 - 기타,승용,남,71세,상해없음,승용,남,60세,경상
2021100200100436,2021년 10월 2일 17시,토요일,인천광역시 미추홀구 용현동,중상사고,0,1,0,0,차대차 - 후진중충돌,안전운전불이행,건조,맑음,교차로 - 교차로안,승용,남,50세,상해없음,이륜,남,34세,중상
2021100200100437,2021년 10월 2일 17시,토요일,인천광역시 남동구 구월동,경상사고,0,0,1,0,차대차 - 측면충돌,안전운전불이행,건조,맑음,교차로 - 교차로부근,이륜,남,44세,상해없음,승용,남,22세,경상
2021100200100438,2021년 10월 2일 17시,토요일,인천광역시 계양구 병방동,경상사고,0,0,1,0,차대차 - 측면충돌,안전거리미확보,건조,맑음,단일로 - 기타,승용,남,63세,경상,승용,남,40세,상해없음
2021100200100439,2021년 10월 2일 17시,토요일,인천광역시 남동구 서창동,중상사고,0,1,0,0,차대차 - 측면충돌,신호위반,건조,맑음,교차로 - 교차로안,승용,남,21세,상해없음,이륜,남,52세,중상
2021100200100484,2021년 10월 2일 18시,토요일,인천광역시 강화군 화도면,중상사고,0,2,0,0,차대차 - 정면충돌,안전운전불이행,건조,맑음,단일로 - 지하차도(도로)내,승용,남,52세,상해없음,승용,남,42세,중상
2021100200100485,2021년 10월 2일 18시,토요일,인천광역시 남동구 장수동,경상사고,0,0,2,0,차대차 - 측면충돌,신호위반,건조,맑음,교차로 - 교차로안,화물,남,69세,상해없음,승용,남,64세,경상
2021100200100530,2021년 10월 2일 19시,토요일,인천광역시 서구 검암동,경상사고,0,0,1,0,차대사람 - 횡단중,안전운전불이행,건조,맑음,교차로 - 교차로안,화물,남,73세,상해없음,보행자,남,28세,경상
2021100200100531,2021년 10월 2일 19시,토요일,인천광역시 서구 연희동,경상사고,0,0,1,0,차대차 - 기타,안전운전불이행,건조,맑음,교차로 - 교차로안,승용,남,35세,상해없음,이륜,남,39세,경상
2021100200100532,2021년 10월 2일 19시,토요일,인천광역시 부평구 부평동,경상사고,0,0,1,0,차대차 - 측면충돌,신호위반,건조,맑음,단일로 - 기타,승용,남,36세,상해없음,승용,남,49세,경상
2021100200100563,2021년 10월 2일 20시,토요일,인천광역시 강화군 강화읍,경상사고,0,0,1,0,차대사람 - 횡단중,보행자보호의무위반,건조,맑음,교차로 - 교차로부근,승용,남,19세,상해없음,보행자,여,26세,경상
2021100200100606,2021년 10월 2일 22시,토요일,인천광역시 중구 을왕동,경상사고,0,0,1,0,차대사람 - 차도통행중,안전운전불이행,건조,맑음,단일로 - 기타,기타불명,기타불명,미분류,기타불명,보행자,남,24세,경상
2021100200100635,2021년 10월 2일 23시,토요일,인천광역시 연수구 송도동,경상사고,0,0,1,0,차대차 - 기타,신호위반,건조,맑음,기타 - 기타,이륜,남,79세,상해없음,승용,남,46세,경상
2021100300100137,2021년 10월 3일 11시,일요일,인천광역시 미추홀구 주안동,경상사고,0,0,1,0,차대사람 - 기타,안전운전불이행,건조,맑음,단일로 - 기타,승용,남,25세,상해없음,보행자,남,25세,경상
2021100300100138,2021년 10월 3일 11시,일요일,인천광역시 미추홀구 관교동,부상신고사고,0,0,0,1,차대사람 - 기타,안전운전불이행,건조,맑음,교차로 - 교차로안,승합,남,63세,상해없음,보행자,여,83세,부상신고
2021100300100139,2021년 10월 3일 11시,일요일,인천광역시 계양구 용종동,경상사고,0,0,3,0,차대차 - 추돌,기타,건조,맑음,교차로 - 교차로부근,승용,남,28세,경상,승용,남,36세,경상
2021100300100169,2021년 10월 3일 12시,일요일,인천광역시 연수구 연수동,경상사고,0,0,1,0,차대차 - 측면충돌,안전운전불이행,건조,맑음,교차로 - 교차로부근,승용,남,32세,상해없음,승용,여,51세,경상
2021100300100198,2021년 10월 3일 13시,일요일,인천광역시 중구 중산동,경상사고,0,0,1,0,차대차 - 측면충돌,교차로운행방법위반,건조,맑음,교차로 - 교차로안,건설기계,남,58세,상해없음,승용,남,42세,경상
2021100300100199,2021년 10월 3일 13시,일요일,인천광역시 계양구 다남동,경상사고,0,0,1,0,차대차 - 기타,안전운전불이행,건조,맑음,교차로 - 교차로안,승용,남,65세,상해없음,자전거,남,57세,경상
2021100300100200,2021년 10월 3일 13시,일요일,인천광역시 강화군 강화읍,중상사고,0,1,0,0,차량단독 - 공작물충돌,안전운전불이행,건조,맑음,단일로 - 지하차도(도로)내,이륜,남,53세,중상,,,,
2021100300100201,2021년 10월 3일 13시,일요일,인천광역시 연수구 동춘동,중상사고,0,2,0,0,차대사람 - 길가장자리구역통행중,안전운전불이행,건조,맑음,단일로 - 기타,승용,남,29세,상해없음,보행자,여,36세,중상
2021100300100241,2021년 10월 3일 14시,일요일,인천광역시 미추홀구 도화동,중상사고,0,1,0,0,차대사람 - 횡단중,신호위반,건조,맑음,단일로 - 기타,승용,여,52세,상해없음,보행자,남,8세,중상
2021100300100307,2021년 10월 3일 16시,일요일,인천광역시 부평구 십정동,중상사고,0,1,1,0,차대차 - 측면충돌,안전운전불이행,건조,맑음,교차로 - 교차로부근,승용,여,62세,상해없음,승용,남,37세,중상
2021100300100339,2021년 10월 3일 17시,일요일,인천광역시 남동구 장수동,중상사고,0,1,2,0,차대차 - 측면충돌,신호위반,건조,맑음,교차로 - 교차로안,이륜,남,31세,상해없음,승용,남,60세,경상
2021100300100340,2021년 10월 3일 17시,일요일,인천광역시 남동구 도림동,경상사고,0,0,1,0,차량단독 - 기타,기타,건조,맑음,단일로 - 기타,승합,남,61세,상해없음,,,,
2021100300100381,2021년 10월 3일 18시,일요일,인천광역시 연수구 송도동,중상사고,0,1,0,0,차대차 - 측면충돌,안전운전불이행,건조,맑음,교차로 - 교차로부근,이륜,남,23세,상해없음,이륜,남,23세,중상
2021100300100426,2021년 10월 3일 19시,일요일,인천광역시 중구 을왕동,경상사고,0,0,2,0,차대차 - 추돌,안전운전불이행,건조,맑음,단일로 - 기타,승용,남,27세,상해없음,승용,여,25세,경상
2021100300100427,2021년 10월 3일 19시,일요일,인천광역시 중구 운북동,경상사고,0,0,2,0,차대차 - 측면충돌,안전운전불이행,건조,맑음,단일로 - 기타,승용,남,42세,기타불명,승용,여,27세,경상
2021100300100453,2021년 10월 3일 20시,일요일,인천광역시 강화군 양사면,중상사고,0,1,0,0,차대사람 - 차도통행중,안전운전불이행,건조,맑음,단일로 - 지하차도(도로)내,승용,남,36세,상해없음,보행자,남,79세,중상
2021100300100480,2021년 10월 3일 21시,일요일,인천광역시 미추홀구 학익동,사망사고,1,0,0,0,차대차 - 추돌,안전운전불이행,건조,기타,단일로 - 기타,승용,남,46세,상해없음,자전거,여,48세,사망
2021100300100481,2021년 10월 3일 21시,일요일,인천광역시 남동구 간석동,경상사고,0,0,2,0,차대차 - 측면충돌,안전운전불이행,건조,맑음,교차로 - 교차로안,승용,남,51세,상해없음,승용,기타불명,미분류,기타불명
2021100300100506,2021년 10월 3일 22시,일요일,인천광역시 남동구 구월동,경상사고,0,0,2,0,차대차 - 추돌,안전운전불이행,건조,맑음,단일로 - 기타,승용,남,61세,상해없음,승용,남,40세,경상
2021100400100014,2021년 10월 4일 01시,월요일,인천광역시 중구 을왕동,사망사고,2,2,3,0,차대차 - 추돌,기타,건조,맑음,단일로 - 기타,승용,남,20세,사망,승용,남,44세,상해없음
2021100400100021,2021년 10월 4일 03시,월요일,인천광역시 남동구 간석동,경상사고,0,0,1,0,차대차 - 측면충돌,안전운전불이행,건조,흐림,단일로 - 기타,이륜,남,24세,상해없음,승용,남,58세,경상
2021100400100085,2021년 10월 4일 09시,월요일,인천광역시 동구 화수동,경상사고,0,0,1,0,차대사람 - 횡단중,보행자보호의무위반,건조,맑음,교차로 - 교차로횡단보도내,화물,남,39세,상해없음,보행자,여,75세,경상
2021100400100086,2021년 10월 4일 09시,월요일,인천광역시 남동구 논현동,경상사고,0,0,1,0,차대차 - 측면충돌,안전운전불이행,건조,맑음,교차로 - 교차로안,승용,남,57세,상해없음,승용,남,56세,경상
2021100400100107,2021년 10월 4일 10시,월요일,인천광역시 계양구 서운동,중상사고,0,1,0,0,차대차 - 측면충돌,교차로운행방법위반,건조,맑음,교차로 - 교차로안,승용,여,82세,상해없음,자전거,남,76세,중상
2021100400100127,2021년 10월 4일 11시,월요일,인천광역시 중구 신생동,경상사고,0,0,1,0,차대사람 - 횡단중,신호위반,건조,맑음,교차로 - 교차로횡단보도내,자전거,남,45세,상해없음,보행자,남,77세,경상
2021100400100195,2021년 10월 4일 13시,월요일,인천광역시 서구 당하동,경상사고,0,0,1,0,차대차 - 측면충돌,신호위반,건조,맑음,교차로 - 교차로안,승용,남,66세,상해없음,승용,여,38세,경상
2021100400100223,2021년 10월 4일 14시,월요일,인천광역시 서구 마전동,경상사고,0,0,1,0,차대차 - 추돌,안전운전불이행,건조,맑음,교차로 - 교차로부근,승합,남,57세,경상,승용,여,25세,상해없음
2021100400100296,2021년 10월 4일 16시,월요일,인천광역시 미추홀구 용현동,부상신고사고,0,0,0,1,차대차 - 기타,안전운전불이행,건조,맑음,단일로 - 기타,승용,남,43세,상해없음,승합,남,49세,부상신고
2021100400100297,2021년 10월 4일 16시,월요일,인천광역시 미추홀구 주안동,경상사고,0,0,2,0,차대차 - 측면충돌,안전운전불이행,건조,맑음,교차로 - 교차로부근,승용,남,51세,상해없음,화물,남,58세,경상