사고번호,사고일시,요일,시군구,사고내용,사망자수,중상자수,경상자수,부상신고자수,사고유형,법규위반,노면상태,기상상태,도로형태,가해운전자 차종,가해운전자 성별,가해운전자 연령,가해운전자 상해정도,피해운전자 차종,피해운전자 성별,피해운전자 연령,피해운전자 상해정도
2021101500100546,2021년 10월 15일 19시,금요일,인천광역시 미추홀구 주안동,중상사고,0,1,0,0,차대차 - 측면충돌,신호위반,건조,맑음,단일로 - 기타,자전거,남,29세,상해없음,자전거,남,64세,중상
2021101500100583,2021년 10월 15일 20시,금요일,인천광역시 미추홀구 숭의동,경상사고,0,0,1,0,차대사람 - 기타,안전운전불이행,건조,맑음,단일로 - 기타,화물,남,69세,상해없음,보행자,남,53세,경상
2021101500100584,2021년 10월 15일 20시,금요일,인천광역시 서구 원창동,경상사고,0,0,1,0,차대차 - 추돌,안전운전불이행,건조,맑음,단일로 - 기타,건설기계,남,38세,상해없음,승용,남,41세,경상
2021101500100585,2021년 10월 15일 20시,금요일,인천광역시 부평구 부평동,경상사고,0,0,1,0,차대사람 - 길가장자리구역통행중,기타,건조,맑음,단일로 - 기타,이륜,남,44세,상해없음,보행자,남,22세,경상
2021101500100615,2021년 10월 15일 21시,금요일,인천광역시 미추홀구 용현동,경상사고,0,0,1,0,차대차 - 측면충돌,직진우회전진행방해,건조,맑음,교차로 - 교차로안,이륜,남,18세,상해없음,승용,남,65세,경상
2021101500100616,2021년 10월 15일 21시,금요일,인천광역시 부평구 삼산동,경상사고,0,0,1,0,차대차 - 측면충돌,차로위반,건조,맑음,단일로 - 기타,승용,남,61세,상해없음,승용,남,33세,경상
2021101600100096,2021년 10월 16일 08시,토요일,인천광역시 서구 경서동,경상사고,0,0,1,0,차대차 - 기타,안전운전불이행,건조,맑음,교차로 - 교차로안,승용,남,58세,상해없음,화물,남,25세,경상
2021101600100122,2021년 10월 16일 09시,토요일,인천광역시 서구 심곡동,경상사고,0,0,1,0,차대차 - 추돌,안전운전불이행,건조,맑음,교차로 - 교차로횡단보도내,화물,여,66세,상해없음,자전거,여,57세,경상
2021101600100123,2021년 10월 16일 09시,토요일,인천광역시 부평구 부평동,경상사고,0,0,1,0,차대차 - 기타,안전운전불이행,건조,맑음,단일로 - 기타,승용,남,64세,상해없음,이륜,남,28세,경상
2021101600100212,2021년 10월 16일 12시,토요일,인천광역시 서구 심곡동,경상사고,0,0,1,0,차대차 - 추돌,신호위반,건조,맑음,교차로 - 교차로부근,화물,남,41세,상해없음,이륜,여,60세,경상
2021101600100213,2021년 10월 16일 12시,토요일,인천광역시 서구 검암동,중상사고,0,1,4,0,차대차 - 기타,안전운전불이행,건조,맑음,교차로 - 교차로안,승용,여,47세,경상,승용,여,56세,중상
2021101600100246,2021년 10월 16일 13시,토요일,인천광역시 계양구 계산동,경상사고,0,0,1,0,차대차 - 추돌,안전운전불이행,건조,맑음,단일로 - 기타,승용,남,31세,상해없음,승용,남,41세,경상
2021101600100288,2021년 10월 16일 14시,토요일,인천광역시 남동구 논현동,경상사고,0,0,1,0,차대차 - 측면충돌,안전운전불이행,건조,맑음,교차로 - 교차로부근,승용,남,62세,상해없음,자전거,남,63세,경상
2021101600100343,2021년 10월 16일 16시,토요일,인천광역시 부평구 십정동,경상사고,0,0,2,0,차대차 - 측면충돌,안전운전불이행,건조,맑음,단일로 - 고가도로위,승용,남,49세,상해없음,승용,남,34세,경상
2021101600100344,2021년 10월 16일 16시,토요일,인천광역시 남동구 논현동,경상사고,0,0,1,0,차대사람 - 차도통행중,안전운전불이행,건조,맑음,단일로 - 기타,승용,남,77세,상해없음,보행자,남,47세,경상
2021101600100412,2021년 10월 16일 18시,토요일,인천광역시 남동구 만수동,경상사고,0,0,1,0,차대차 - 측면충돌,교차로운행방법위반,건조,맑음,교차로 - 교차로안,이륜,남,25세,경상,화물,남,61세,상해없음
2021101600100413,2021년 10월 16일 18시,토요일,인천광역시 남동구 구월동,중상사고,0,1,0,0,차대차 - 측면충돌,신호위반,건조,맑음,단일로 - 기타,승용,남,34세,상해없음,이륜,남,34세,중상
2021101600100414,2021년 10월 16일 18시,토요일,인천광역시 서구 석남동,중상사고,0,1,0,0,차대차 - 정면충돌,안전운전불이행,건조,맑음,단일로 - 기타,승용,남,28세,상해없음,이륜,남,24세,중상
2021101600100448,2021년 10월 16일 19시,토요일,인천광역시 계양구 박촌동,경상사고,0,0,2,0,차대차 - 추돌,안전운전불이행,건조,맑음,단일로 - 교량,승용,여,51세,기타불명,승합,남,66세,경상
2021101600100523,2021년 10월 16일 22시,토요일,인천광역시 부평구 부평동,경상사고,0,0,1,0,차대차 - 측면충돌,안전운전불이행,건조,맑음,교차로 - 교차로부근,승용,남,29세,상해없음,승용,남,39세,경상
2021101600100545,2021년 10월 16일 23시,토요일,인천광역시 남동구 남촌동,경상사고,0,0,1,0,차대차 - 측면충돌,신호위반,건조,맑음,교차로 - 교차로안,승용,여,35세,상해없음,승용,남,59세,경상
2021101700100051,2021년 10월 17일 07시,일요일,인천광역시 서구 가좌동,경상사고,0,0,2,0,차대차 - 측면충돌,안전운전불이행,건조,맑음,단일로 - 기타,승용,남,76세,상해없음,승용,남,68세,경상
2021101700100072,2021년 10월 17일 09시,일요일,인천광역시 서구 석남동,경상사고,0,0,1,0,차대차 - 측면충돌,신호위반,건조,맑음,교차로 - 교차로안,이륜,남,16세,상해없음,승용,남,30세,경상
2021101700100092,2021년 10월 17일 10시,일요일,인천광역시 미추홀구 용현동,경상사고,0,0,1,0,차대차 - 측면충돌,신호위반,건조,맑음,교차로 - 교차로안,승용,남,66세,상해없음,이륜,남,46세,경상
2021101700100119,2021년 10월 17일 11시,일요일,인천광역시 남동구 만수동,경상사고,0,0,1,0,차대차 - 정면충돌,안전거리미확보,건조,맑음,단일로 - 기타,승용,남,56세,상해없음,승용,남,55세,경상
2021101700100141,2021년 10월 17일 12시,일요일,인천광역시 미추홀구 주안동,경상사고,0,0,1,0,차대차 - 측면충돌,안전운전불이행,건조,맑음,교차로 - 교차로부근,승용,남,60세,상해없음,이륜,남,38세,경상
2021101700100142,2021년 10월 17일 12시,일요일,인천광역시 남동구 간석동,중상사고,0,2,0,0,차대사람 - 횡단중,안전운전불이행,건조,맑음,교차로 - 교차로횡단보도내,승용,여,43세,상해없음,보행자,여,66세,중상
2021101700100167,2021년 10월 17일 13시,일요일,인천광역시 남동구 만수동,부상신고사고,0,0,0,1,차대차 - 측면충돌,교차로운행방법위반,건조,맑음,교차로 - 교차로안,개인형이동수단(PM),남,19세,부상신고,화물,남,43세,상해없음
2021101700100168,2021년 10월 17일 13시,일요일,인천광역시 계양구 작전동,경상사고,0,0,1,0,차대차 - 추돌,안전운전불이행,건조,맑음,교차로 - 교차로부근,승용,남,56세,상해없음,승용,남,64세,상해없음
2021101700100254,2021년 10월 17일 16시,일요일,인천광역시 미추홀구 숭의동,경상사고,0,0,1,0,차대차 - 측면충돌,안전운전불이행,건조,맑음,교차로 - 교차로부근,승용,여,44세,상해없음,이륜,남,26세,경상
2021101700100255,2021년 10월 17일 16시,일요일,인천광역시 부평구 일신동,경상사고,0,0,1,0,차대차 - 기타,안전운전불이행,건조,맑음,단일로 - 고가도로위,승용,남,27세,상해없음,승용,남,31세,경상
2021101700100256,2021년 10월 17일 16시,일요일,인천광역시 미추홀구 문학동,경상사고,0,0,2,0,차대차 - 추돌,안전거리미확보,건조,맑음,단일로 - 교량,승용,남,32세,상해없음,승용,여,41세,경상
2021101700100402,2021년 10월 17일 20시,일요일,인천광역시 중구 운남동,경상사고,0,0,1,0,차대차 - 추돌,안전운전불이행,건조,맑음,교차로 - 교차로부근,화물,남,62세,상해없음,승용,남,53세,경상
2021101700100403,2021년 10월 17일 20시,일요일,인천광역시 강화군 강화읍,경상사고,0,0,1,0,차대차 - 측면충돌,안전거리미확보,건조,맑음,단일로 - 지하차도(도로)내,승용,남,46세,상해없음,승용,남,40세,경상
2021101700100459,2021년 10월 17일 23시,일요일,인천광역시 계양구 박촌동,경상사고,0,0,1,0,차대차 - 측면충돌,안전운전불이행,건조,맑음,교차로 - 교차로부근,이륜,남,58세,기타불명,승용,여,37세,경상
2021101800100024,2021년 10월 18일 05시,월요일,인천광역시 서구 경서동,중상사고,0,1,0,0,차대차 - 측면충돌,차로위반,건조,맑음,단일로 - 터널,승용,남,61세,상해없음,승용,남,51세,중상
2021101800100043,2021년 10월 18일 06시,월요일,인천광역시 중구 운남동,중상사고,0,1,0,0,차대차 - 정면충돌,안전운전불이행,건조,맑음,교차로 - 교차로안,승용,남,51세,상해없음,화물,남,47세,중상
2021101800100044,2021년 10월 18일 06시,월요일,인천광역시 연수구 연수동,중상사고,0,1,0,0,차대차 - 측면충돌,교차로운행방법위반,건조,맑음,교차로 - 교차로안,승합,남,39세,상해없음,화물,남,84세,중상
2021101800100076,2021년 10월 18일 07시,월요일,인천광역시 부평구 구산동,경상사고,0,0,2,0,차대차 - 기타,안전운전불이행,건조,맑음,단일로 - 고가도로위,승용,남,37세,상해없음,승용,여,58세,경상
2021101800100132,2021년 10월 18일 08시,월요일,인천광역시 중구 답동,경상사고,0,0,1,0,차대차 - 측면충돌,안전거리미확보,건조,맑음,교차로 - 교차로부근,승용,남,61세,상해없음,승용,여,38세,경상
2021101800100133,2021년 10월 18일 08시,월요일,인천광역시 계양구 작전동,경상사고,0,0,2,0,차대차 - 측면충돌,안전운전불이행,건조,맑음,교차로 - 교차로안,화물,남,52세,상해없음,승용,남,23세,경상
2021101800100134,2021년 10월 18일 08시,월요일,인천광역시 강화군 하점면,경상사고,0,0,2,0,차대차 - 측면충돌,안전운전불이행,건조,맑음,교차로 - 교차로안,승용,여,30세,기타불명,승용,여,46세,경상
2021101800100172,2021년 10월 18일 09시,월요일,인천광역시 부평구 부평동,경상사고,0,0,1,0,차대사람 - 길가장자리구역통행중,안전운전불이행,건조,맑음,교차로 - 교차로부근,승합,남,52세,상해없음,보행자,남,47세,경상
2021101800100173,2021년 10월 18일 09시,월요일,인천광역시 계양구 작전동,경상사고,0,0,2,0,차대차 - 측면충돌,안전거리미확보,건조,맑음,교차로 - 교차로부근,승용,남,68세,상해없음,승용,여,54세,경상
2021101800100209,2021년 10월 18일 10시,월요일,인천광역시 서구 청라동,경상사고,0,0,1,0,차대차 - 측면충돌,안전운전불이행,건조,맑음,단일로 - 기타,화물,남,62세,상해없음,승용,남,59세,경상
2021101800100248,2021년 10월 18일 11시,월요일,인천광역시 부평구 부평동,중상사고,0,1,0,0,차대사람 - 횡단중,안전운전불이행,건조,흐림,단일로 - 기타,승용,남,49세,상해없음,보행자,여,86세,중상
2021101800100426,2021년 10월 18일 16시,월요일,인천광역시 연수구 송도동,경상사고,0,0,1,0,차대차 - 추돌,안전운전불이행,건조,맑음,교차로 - 교차로부근,승용,여,40세,상해없음,승용,여,35세,경상
2021101800100427,2021년 10월 18일 16시,월요일,인천광역시 부평구 부개동,부상신고사고,0,0,0,1,차대사람 - 횡단중,안전운전불이행,건조,맑음,교차로 - 교차로부근,화물,남,60세,상해없음,보행자,남,45세,부상신고
2021101800100468,2021년 10월 18일 17시,월요일,인천광역시 남동구 구월동,경상사고,0,0,2,0,차대차 - 측면충돌,기타,건조,맑음,교차로 - 교차로안,이륜,여,31세,경상,승용,여,29세,경상
2021101800100469,2021년 10월 18일 17시,월요일,인천광역시 연수구 연수동,경상사고,0,0,1,0,차대차 - 추돌,안전운전불이행,건조,맑음,교차로 - 교차로부근,승용,남,18세,상해없음,승용,남,25세,상해없음
2021101800100546,2021년 10월 18일 18시,월요일,인천광역시 계양구 상야동,경상사고,0,0,1,0,차대차 - 추돌,안전운전불이행,건조,맑음,단일로 - 기타,화물,남,59세,상해없음,승용,남,44세,경상
2021101800100547,2021년 10월 18일 18시,월요일,인천광역시 연수구 송도동,경상사고,0,0,2,0,차대차 - 추돌,안전운전불이행,건조,맑음,교차로 - 교차로부근,승용,남,33세,상해없음,승용,남,50세,경상
2021101800100588,2021년 10월 18일 19시,월요일,인천광역시 미추홀구 관교동,경상사고,0,0,1,0,차대사람 - 횡단중,신호위반,젖음/습기,비,단일로 - 기타,이륜,남,20세,상해없음,보행자,여,37세,경상
2021101800100589,2021년 10월 18일 19시,월요일,인천광역시 남동구 구월동,경상사고,0,0,2,0,차대차 - 측면충돌,기타,젖음/습기,맑음,주차장 - 주차장,승용,남,59세,기타불명,기타불명,기타불명,미분류,기타불명
2021101800100590,2021년 10월 18일 19시,월요일,인천광역시 서구 오류동,경상사고,0,0,1,0,차대차 - 측면충돌,안전운전불이행,젖음/습기,비,단일로 - 기타,화물,남,47세,상해없음,승용,남,51세,경상
2021101800100618,2021년 10월 18일 20시,월요일,인천광역시 중구 신흥동3가,경상사고,0,0,1,0,차대차 - 추돌,안전운전불이행,젖음/습기,흐림,단일로 - 기타,승용,남,29세,상해없음,승용,여,42세,경상
2021101800100619,2021년 10월 18일 20시,월요일,인천광역시 미추홀구 주안동,경상사고,0,0,1,0,차대사람 - 횡단중,신호위반,젖음/습기,비,교차로 - 교차로횡단보도내,이륜,남,30세,상해없음,보행자,남,20세,경상
2021101800100621,2021년 10월 18일 20시,월요일,인천광역시 서구 가좌동,경상사고,0,0,1,0,차대차 - 추돌,신호위반,젖음/습기,비,단일로 - 기타,승용,남,56세,상해없음,화물,남,54세,경상
2021101800100622,2021년 10월 18일 20시,월요일,인천광역시 계양구 계산동,경상사고,0,0,2,0,차대차 - 측면충돌,안전운전불이행,젖음/습기,비,단일로 - 기타,승용,여,59세,경상,승용,남,63세,경상
2021101800100648,2021년 10월 18일 21시,월요일,인천광역시 부평구 부평동,경상사고,0,0,1,0,차대차 - 기타,안전운전불이행,젖음/습기,비,단일로 - 기타,승용,남,41세,상해없음,이륜,남,40세,경상
2021101900100061,2021년 10월 19일 07시,화요일,인천광역시 부평구 갈산동,경상사고,0,0,1,0,차대차 - 정면충돌,안전거리미확보,건조,흐림,교차로 - 교차로부근,화물,남,44세,상해없음,승용,여,66세,경상
2021101900100088,2021년 10월 19일 08시,화요일,인천광역시 남동구 간석동,경상사고,0,0,1,0,차대차 - 측면충돌,안전운전불이행,건조,맑음,교차로 - 교차로부근,승용,여,54세,상해없음,자전거,남,48세,경상
2021101900100089,2021년 10월 19일 08시,화요일,인천광역시 서구 청라동,경상사고,0,0,1,0,차대차 - 추돌,안전운전불이행,건조,맑음,교차로 - 교차로부근,승용,남,47세,상해없음,승용,남,42세,경상
2021101900100117,2021년 10월 19일 09시,화요일,인천광역시 미추홀구 용현동,부상신고사고,0,0,0,1,차대차 - 기타,기타,건조,맑음,기타 - 기타,승용,남,13세,상해없음,승합,남,60세,부상신고
2021101900100118,2021년 10월 19일 09시,화요일,인천광역시 부평구 부평동,경상사고,0,0,3,0,차대차 - 추돌,안전운전불이행,건조,맑음,교차로 - 교차로부근,화물,남,44세,상해없음,승용,남,39세,경상
2021101900100195,2021년 10월 19일 12시,화요일,인천광역시 부평구 청천동,사망사고,1,0,0,0,차대차 - 측면충돌,안전운전불이행,건조,맑음,교차로 - 교차로부근,자전거,남,78세,사망,화물,남,61세,상해없음
2021101900100196,2021년 10월 19일 12시,화요일,인천광역시 부평구 산곡동,경상사고,0,0,1,0,차대차 - 측면충돌,안전운전불이행,건조,맑음,교차로 - 교차로부근,자전거,여,67세,경상,승합,남,53세,상해없음
2021101900100197,2021년 10월 19일 12시,화요일,인천광역시 부평구 청천동,경상사고,0,0,1,0,차대차 - 측면충돌,안전운전불이행,건조,맑음,교차로 - 교차로부근,승용,여,63세,상해없음,승용,여,36세,경상
2021101900100198,2021년 10월 19일 12시,화요일,인천광역시 부평구 부평동,경상사고,0,0,1,0,차대사람 - 횡단중,보행자보호의무위반,건조,맑음,교차로 - 교차로안,승용,여,58세,상해없음,보행자,여,78세,경상
2021101900100234,2021년 10월 19일 13시,화요일,인천광역시 계양구 작전동,경상사고,0,0,1,0,차대사람 - 기타,안전운전불이행,건조,맑음,기타 - 기타,승용,여,60세,상해없음,보행자,남,68세,경상
2021101900100235,2021년 10월 19일 13시,화요일,인천광역시 연수구 선학동,중상사고,0,2,0,0,차대차 - 측면충돌,교차로운행방법위반,건조,맑음,교차로 - 교차로부근,승용,남,59세,상해없음,승용,남,23세,중상
2021101900100264,2021년 10월 19일 14시,화요일,인천광역시 남동구 논현동,경상사고,0,0,2,0,차대차 - 측면충돌,안전거리미확보,건조,맑음,교차로 - 교차로안,화물,여,53세,상해없음,승용,여,63세,경상
2021101900100295,2021년 10월 19일 15시,화요일,인천광역시 중구 운남동,중상사고,0,1,1,0,차대차 - 측면충돌,신호위반,건조,맑음,교차로 - 교차로안,승용,남,41세,중상,승용,남,32세,경상
2021101900100296,2021년 10월 19일 15시,화요일,인천광역시 남동구 구월동,경상사고,0,0,1,0,차대사람 - 길가장자리구역통행중,안전운전불이행,건조,맑음,교차로 - 교차로부근,승용,남,32세,기타불명,보행자,여,80세,경상
2021101900100297,2021년 10월 19일 15시,화요일,인천광역시 강화군 양사면,경상사고,0,0,2,0,차대차 - 측면충돌,중앙선침범,건조,맑음,단일로 - 지하차도(도로)내,화물,남,56세,상해없음,화물,여,63세,경상
2021101900100342,2021년 10월 19일 16시,화요일,인천광역시 부평구 갈산동,경상사고,0,0,1,0,차대사람 - 횡단중,보행자보호의무위반,건조,맑음,교차로 - 교차로횡단보도내,승용,남,60세,상해없음,보행자,여,55세,경상
2021101900100343,2021년 10월 19일 16시,화요일,인천광역시 부평구 부개동,부상신고사고,0,0,0,1,차대차 - 측면충돌,안전운전불이행,건조,맑음,교차로 - 교차로횡단보도내,승용,남,57세,상해없음,자전거,남,44세,부상신고
2021101900100376,2021년 10월 19일 17시,화요일,인천광역시 부평구 일신동,경상사고,0,0,1,0,차대차 - 측면충돌,안전운전불이행,건조,맑음,단일로 - 기타,승용,남,44세,상해없음,승용,남,34세,경상
2021101900100445,2021년 10월 19일 18시,화요일,인천광역시 동구 만석동,경상사고,0,0,2,0,차대차 - 측면충돌,안전운전불이행,건조,맑음,교차로 - 교차로안,승용,여,32세,경상,승용,여,27세,경상
2021101900100446,2021년 10월 19일 18시,화요일,인천광역시 미추홀구 학익동,경상사고,0,0,1,0,차대차 - 측면충돌,안전운전불이행,건조,맑음,교차로 - 교차로부근,승용,남,30세,상해없음,승용,여,47세,경상
2021101900100519,2021년 10월 19일 20시,화요일,인천광역시 부평구 부평동,경상사고,0,0,1,0,차대차 - 측면충돌,안전운전불이행,건조,맑음,교차로 - 교차로부근,승용,여,58세,상해없음,승용,남,43세,경상
2021101900100520,2021년 10월 19일 20시,화요일,인천광역시 서구 가좌동,경상사고,0,0,1,0,차대차 - 측면충돌,안전거리미확보,건조,맑음,단일로 - 기타,승용,남,44세,상해없음,승합,남,57세,경상
2021101900100574,2021년 10월 19일 22시,화요일,인천광역시 미추홀구 주안동,경상사고,0,0,1,0,차대차 - 측면충돌,신호위반,건조,맑음,교차로 - 교차로부근,이륜,남,54세,상해없음,승용,남,67세,상해없음
2021101900100575,2021년 10월 19일 22시,화요일,인천광역시 남동구 간석동,경상사고,0,0,4,0,차대차 - 측면충돌,신호위반,건조,흐림,교차로 - 교차로부근,이륜,남,21세,경상,승용,남,21세,경상
2021101900100576,2021년 10월 19일 22시,화요일,인천광역시 연수구 송도동,경상사고,0,0,1,0,차대차 - 측면충돌,안전운전불이행,건조,맑음,교차로 - 교차로부근,승용,남,37세,상해없음,승용,여,27세,경상
2021101900100577,2021년 10월 19일 22시,화요일,인천광역시 부평구 일신동,경상사고,0,0,1,0,차대차 - 측면충돌,안전운전불이행,건조,맑음,교차로 - 교차로부근,기타불명,기타불명,미분류,기타불명,자전거,남,56세,경상
2021101900100592,2021년 10월 19일 23시,화요일,인천광역시 남동구 구월동,경상사고,0,0,4,0,차대차 - 추돌,안전운전불이행,건조,맑음,교차로 - 교차로부근,승용,남,31세,상해없음,승용,남,60세,경상
2021102000100049,2021년 10월 20일 07시,수요일,인천광역시 계양구 장기동,경상사고,0,0,1,0,차대차 - 추돌,안전운전불이행,건조,맑음,교차로 - 교차로부근,승용,남,59세,상해없음,승용,남,57세,경상
2021102000100082,2021년 10월 20일 08시,수요일,인천광역시 부평구 청천동,경상사고,0,0,1,0,차대사람 - 차도통행중,안전운전불이행,건조,맑음,단일로 - 지하차도(도로)내,승용,여,56세,상해없음,보행자,여,33세,경상
2021102000100083,2021년 10월 20일 08시,수요일,인천광역시 부평구 부평동,경상사고,0,0,1,0,차대차 - 추돌,안전운전불이행,건조,맑음,교차로 - 교차로부근,승용,남,42세,상해없음,승용,남,32세,경상
2021102000100084,2021년 10월 20일 08시,수요일,인천광역시 남동구 구월동,경상사고,0,0,2,0,차대차 - 측면충돌,안전운전불이행,건조,맑음,단일로 - 기타,승용,여,34세,상해없음,승용,남,24세,경상
2021102000100115,2021년 10월 20일 09시,수요일,인천광역시 남동구 구월동,경상사고,0,0,1,0,차대사람 - 기타,안전운전불이행,건조,맑음,단일로 - 기타,자전거,남,78세,상해없음,보행자,여,37세,경상
2021102000100155,2021년 10월 20일 10시,수요일,인천광역시 미추홀구 숭의동,경상사고,0,0,1,0,차대차 - 기타,안전운전불이행,건조,맑음,단일로 - 기타,승용,여,55세,상해없음,승용,여,54세,경상
2021102000100156,2021년 10월 20일 10시,수요일,인천광역시 남동구 구월동,경상사고,0,0,1,0,차대차 - 추돌,안전운전불이행,건조,맑음,단일로 - 기타,승용,남,60세,상해없음,승용,여,69세,경상
2021102000100182,2021년 10월 20일 11시,수요일,인천광역시 부평구 청천동,경상사고,0,0,2,0,차대차 - 추돌,안전운전불이행,건조,맑음,교차로 - 교차로부근,승용,남,41세,상해없음,승용,여,39세,경상
2021102000100183,2021년 10월 20일 11시,수요일,인천광역시 서구 가좌동,경상사고,0,0,1,0,차대사람 - 기타,안전운전불이행,건조,맑음,단일로 - 기타,화물,남,52세,기타불명,보행자,남,36세,경상
2021102000100224,2021년 10월 20일 12시,수요일,인천광역시 미추홀구 주안동,경상사고,0,0,1,0,차대차 - 추돌,안전운전불이행,건조,맑음,교차로 - 교차로부근,승용,남,43세,상해없음,승용,여,66세,경상
2021102000100225,2021년 10월 20일 12시,수요일,인천광역시 계양구 용종동,경상사고,0,0,2,0,차대차 - 측면충돌,안전운전불이행,건조,맑음,단일로 - 기타,승용,남,45세,상해없음,승용,여,69세,경상
2021102000100266,2021년 10월 20일 13시,수요일,인천광역시 중구 인현동,중상사고,0,1,0,0,차대차 - 측면충돌,신호위반,건조,맑음,교차로 - 교차로안,승합,남,60세,상해없음,자전거,남,60세,중상
2021102000100267,2021년 10월 20일 13시,수요일,인천광역시 미추홀구 용현동,경상사고,0,0,1,0,차대차 - 기타,안전운전불이행,건조,맑음,단일로 - 기타,화물,남,75세,상해없음,승용,남,24세,경상
2021102000100268,2021년 10월 20일 13시,수요일,인천광역시 남동구 만수동,부상신고사고,0,0,0,1,차량단독 - 기타,안전운전불이행,건조,맑음,단일로 - 기타,승합,남,62세,상해없음,,,,
2021102000100297,2021년 10월 20일 14시,수요일,인천광역시 미추홀구 주안동,경상사고,0,0,1,0,차대차 - 기타,안전운전불이행,건조,맑음,교차로 - 교차로부근,승용,여,38세,상해없음,승용,여,44세,경상
2021102000100336,2021년 10월 20일 15시,수요일,인천광역시 서구 마전동,경상사고,0,0,1,0,차대사람 - 기타,기타,건조,맑음,단일로 - 기타,승합,남,67세,상해없음,보행자,여,30세,경상
2021102000100337,2021년 10월 20일 15시,수요일,인천광역시 계양구 효성동,경상사고,0,0,1,0,차대차 - 후진중충돌,안전운전불이행,건조,맑음,교차로 - 교차로안,승합,남,29세,상해없음,승용,여,68세,경상
2021102000100387,2021년 10월 20일 16시,수요일,인천광역시 계양구 작전동,경상사고,0,0,2,0,차대차 - 측면충돌,안전거리미확보,건조,맑음,단일로 - 기타,승용,남,56세,상해없음,승용,남,31세,경상
2021102000100493,2021년 10월 20일 18시,수요일,인천광역시 미추홀구 주안동,경상사고,0,0,2,0,차량단독 - 기타,안전운전불이행,건조,맑음,단일로 - 기타,승용,남,49세,상해없음,,,,
2021102000100494,2021년 10월 20일 18시,수요일,인천광역시 서구 청라동,경상사고,0,0,1,0,차대차 - 추돌,안전운전불이행,건조,맑음,단일로 - 기타,승용,남,77세,상해없음,승용,남,35세,경상
2021102000100495,2021년 10월 20일 18시,수요일,인천광역시 서구 원당동,경상사고,0,0,1,0,차대차 - 측면충돌,안전운전불이행,건조,맑음,단일로 - 기타,승용,남,63세,상해없음,승용,남,39세,경상
2021102000100496,2021년 10월 20일 18시,수요일,인천광역시 계양구 효성동,중상사고,0,1,0,0,차대차 - 정면충돌,중앙선침범,건조,맑음,단일로 - 기타,승용,남,22세,상해없음,이륜,남,47세,중상
2021102000100497,2021년 10월 20일 18시,수요일,인천광역시 남동구 만수동,부상신고사고,0,0,0,1,차대사람 - 길가장자리구역통행중,안전운전불이행,건조,맑음,교차로 - 교차로부근,승용,여,51세,상해없음,보행자,여,25세,부상신고
2021102000100549,2021년 10월 20일 19시,수요일,인천광역시 미추홀구 용현동,경상사고,0,0,1,0,차대차 - 기타,안전거리미확보,건조,맑음,교차로 - 교차로부근,화물,남,59세,상해없음,원동기,남,29세,경상
2021102000100580,2021년 10월 20일 20시,수요일,인천광역시 남동구 간석동,경상사고,0,0,1,0,차대차 - 측면충돌,교차로운행방법위반,건조,맑음,교차로 - 교차로안,승용,남,54세,상해없음,승용,남,32세,경상
2021102000100600,2021년 10월 20일 21시,수요일,인천광역시 부평구 십정동,경상사고,0,0,1,0,차대차 - 추돌,안전운전불이행,건조,맑음,교차로 - 교차로부근,승용,남,24세,상해없음,이륜,남,45세,경상
2021102000100631,2021년 10월 20일 22시,수요일,인천광역시 미추홀구 주안동,중상사고,0,1,1,0,차대차 - 측면충돌,신호위반,건조,맑음,교차로 - 교차로안,승합,남,28세,상해없음,승용,남,61세,중상
2021102000100647,2021년 10월 20일 23시,수요일,인천광역시 미추홀구 용현동,중상사고,0,2,1,0,차대차 - 추돌,안전운전불이행,건조,맑음,교차로 - 교차로부근,승용,남,52세,상해없음,승용,여,61세,중상
2021102100100009,2021년 10월 21일 00시,목요일,인천광역시 남동구 간석동,경상사고,0,0,1,0,차대차 - 측면충돌,차로위반,건조,맑음,단일로 - 기타,화물,남,19세,기타불명,이륜,남,40세,경상
2021102100100064,2021년 10월 21일 07시,목요일,인천광역시 남동구 만수동,경상사고,0,0,1,0,차대차 - 후진중충돌,안전운전불이행,건조,맑음,교차로 - 교차로부근,승용,여,59세,상해없음,건설기계,남,31세,경상
2021102100100065,2021년 10월 21일 07시,목요일,인천광역시 서구 가좌동,중상사고,0,1,0,0,차대차 - 추돌,안전운전불이행,건조,흐림,교차로 - 교차로안,개인형이동수단(PM),남,52세,중상,화물,남,55세,상해없음
2021102100100100,2021년 10월 21일 08시,목요일,인천광역시 부평구 청천동,경상사고,0,0,1,0,차대차 - 측면충돌,안전운전불이행,건조,맑음,교차로 - 교차로부근,승용,남,51세,상해없음,승용,남,33세,경상
2021102100100125,2021년 10월 21일 09시,목요일,인천광역시 미추홀구 용현동,경상사고,0,0,1,0,차대차 - 측면충돌,안전운전불이행,건조,맑음,교차로 - 교차로부근,승용,남,69세,상해없음,승용,남,37세,경상