사고번호,사고일시,요일,시군구,사고내용,사망자수,중상자수,경상자수,부상신고자수,사고유형,법규위반,노면상태,기상상태,도로형태,가해운전자 차종,가해운전자 성별,가해운전자 연령,가해운전자 상해정도,피해운전자 차종,피해운전자 성별,피해운전자 연령,피해운전자 상해정도
2021110700100235,2021년 11월 7일 14시,일요일,인천광역시 부평구 부평동,경상사고,0,0,1,0,차대차 - 기타,안전운전불이행,건조,맑음,기타 - 기타,승합,남,72세,상해없음,승용,남,32세,경상
2021110700100277,2021년 11월 7일 15시,일요일,인천광역시 서구 청라동,경상사고,0,0,1,0,차대차 - 측면충돌,안전운전불이행,건조,맑음,교차로 - 교차로안,승용,여,53세,상해없음,이륜,남,21세,경상
2021110700100278,2021년 11월 7일 15시,일요일,인천광역시 계양구 효성동,경상사고,0,0,1,0,차대차 - 측면충돌,안전운전불이행,건조,맑음,교차로 - 교차로부근,화물,남,57세,상해없음,승용,남,68세,경상
2021110700100341,2021년 11월 7일 17시,일요일,인천광역시 서구 왕길동,경상사고,0,0,1,0,차대사람 - 횡단중,신호위반,건조,맑음,단일로 - 기타,이륜,남,27세,상해없음,보행자,남,42세,경상
2021110700100342,2021년 11월 7일 17시,일요일,인천광역시 남동구 서창동,경상사고,0,0,2,0,차대차 - 후진중충돌,안전운전불이행,건조,맑음,단일로 - 기타,승용,여,41세,기타불명,승용,남,19세,경상
2021110700100405,2021년 11월 7일 19시,일요일,인천광역시 미추홀구 주안동,중상사고,0,1,0,1,차대차 - 정면충돌,신호위반,건조,맑음,교차로 - 교차로안,승용,여,61세,부상신고,승용,여,57세,중상
2021110700100456,2021년 11월 7일 21시,일요일,인천광역시 중구 중산동,경상사고,0,0,1,0,차대사람 - 보도통행중,안전운전불이행,건조,맑음,단일로 - 기타,승용,남,44세,상해없음,보행자,남,33세,경상
2021110700100457,2021년 11월 7일 21시,일요일,인천광역시 부평구 부평동,중상사고,0,1,0,0,차대차 - 측면충돌,차로위반,건조,맑음,단일로 - 기타,승용,남,58세,상해없음,이륜,남,59세,중상
2021110700100458,2021년 11월 7일 21시,일요일,인천광역시 부평구 부개동,경상사고,0,0,1,0,차대차 - 측면충돌,교차로운행방법위반,건조,맑음,교차로 - 교차로안,승용,남,30세,상해없음,승용,남,55세,경상
2021110800100010,2021년 11월 8일 00시,월요일,인천광역시 미추홀구 도화동,경상사고,0,0,1,0,차대차 - 추돌,안전운전불이행,건조,맑음,교차로 - 교차로안,승용,남,32세,상해없음,이륜,남,55세,경상
2021110800100039,2021년 11월 8일 05시,월요일,인천광역시 계양구 서운동,중상사고,0,1,1,0,차대차 - 기타,안전운전불이행,건조,맑음,기타 - 기타,승용,남,34세,상해없음,승용,여,59세,중상
2021110800100056,2021년 11월 8일 06시,월요일,인천광역시 연수구 동춘동,경상사고,0,0,1,0,차대차 - 기타,안전운전불이행,건조,맑음,단일로 - 기타,승합,남,60세,상해없음,승용,여,25세,경상
2021110800100171,2021년 11월 8일 09시,월요일,인천광역시 서구 청라동,경상사고,0,0,1,0,차대차 - 추돌,안전운전불이행,젖음/습기,비,단일로 - 기타,승용,남,23세,상해없음,승용,남,43세,경상
2021110800100172,2021년 11월 8일 09시,월요일,인천광역시 남동구 논현동,경상사고,0,0,1,0,차대차 - 측면충돌,신호위반,젖음/습기,비,교차로 - 교차로안,승용,여,41세,상해없음,승용,여,57세,경상
2021110800100237,2021년 11월 8일 11시,월요일,인천광역시 서구 청라동,경상사고,0,0,1,0,차대차 - 측면충돌,안전운전불이행,젖음/습기,비,교차로 - 교차로부근,화물,남,66세,상해없음,승용,여,50세,경상
2021110800100238,2021년 11월 8일 11시,월요일,인천광역시 부평구 삼산동,경상사고,0,0,1,0,차대차 - 기타,기타,젖음/습기,비,교차로 - 교차로안,특수,남,51세,상해없음,이륜,남,47세,경상
2021110800100343,2021년 11월 8일 14시,월요일,인천광역시 부평구 부평동,경상사고,0,0,1,0,차대차 - 측면충돌,교차로운행방법위반,젖음/습기,비,교차로 - 교차로안,승용,여,59세,경상,승용,여,39세,상해없음
2021110800100344,2021년 11월 8일 14시,월요일,인천광역시 서구 가좌동,경상사고,0,0,1,0,차대차 - 정면충돌,안전운전불이행,젖음/습기,맑음,주차장 - 주차장,화물,남,60세,상해없음,승용,남,41세,경상
2021110800100417,2021년 11월 8일 16시,월요일,인천광역시 서구 석남동,경상사고,0,0,1,0,차대차 - 측면충돌,안전운전불이행,건조,맑음,단일로 - 기타,승용,남,51세,상해없음,승용,여,56세,경상
2021110800100467,2021년 11월 8일 17시,월요일,인천광역시 남동구 구월동,경상사고,0,0,1,0,차대차 - 측면충돌,안전운전불이행,젖음/습기,흐림,단일로 - 기타,승용,여,54세,상해없음,승용,남,55세,경상
2021110800100468,2021년 11월 8일 17시,월요일,인천광역시 연수구 연수동,경상사고,0,0,1,1,차대차 - 측면충돌,신호위반,젖음/습기,비,교차로 - 교차로안,승용,남,64세,상해없음,승합,남,60세,경상
2021110800100469,2021년 11월 8일 17시,월요일,인천광역시 연수구 동춘동,경상사고,0,0,1,0,차대차 - 측면충돌,안전거리미확보,젖음/습기,비,단일로 - 고가도로위,승용,남,33세,상해없음,승용,여,43세,경상
2021110800100587,2021년 11월 8일 19시,월요일,인천광역시 동구 송림동,경상사고,0,0,1,0,차대사람 - 횡단중,신호위반,건조,맑음,교차로 - 교차로부근,승용,남,65세,상해없음,보행자,남,5세,경상
2021110800100588,2021년 11월 8일 19시,월요일,인천광역시 미추홀구 용현동,중상사고,0,1,0,0,차대차 - 기타,안전운전불이행,젖음/습기,비,단일로 - 기타,승용,남,51세,상해없음,이륜,남,20세,중상
2021110800100621,2021년 11월 8일 20시,월요일,인천광역시 부평구 십정동,경상사고,0,0,1,0,차대차 - 측면충돌,교차로운행방법위반,건조,맑음,교차로 - 교차로부근,승용,남,39세,상해없음,승용,남,22세,경상
2021110800100622,2021년 11월 8일 20시,월요일,인천광역시 연수구 연수동,경상사고,0,0,1,0,차대사람 - 횡단중,보행자보호의무위반,젖음/습기,비,교차로 - 교차로횡단보도내,승용,남,73세,상해없음,보행자,여,25세,경상
2021110800100623,2021년 11월 8일 20시,월요일,인천광역시 남동구 논현동,경상사고,0,0,3,0,차대차 - 측면충돌,중앙선침범,젖음/습기,비,교차로 - 교차로부근,이륜,남,29세,상해없음,승용,남,67세,경상
2021110800100653,2021년 11월 8일 21시,월요일,인천광역시 부평구 부평동,경상사고,0,0,1,0,차대사람 - 횡단중,기타,건조,맑음,단일로 - 기타,원동기,남,24세,상해없음,보행자,남,56세,경상
2021110800100654,2021년 11월 8일 21시,월요일,인천광역시 서구 가정동,경상사고,0,0,1,0,차대차 - 측면충돌,안전운전불이행,건조,맑음,교차로 - 교차로안,승용,여,65세,상해없음,승용,남,20세,경상
2021110800100672,2021년 11월 8일 22시,월요일,인천광역시 부평구 십정동,부상신고사고,0,0,0,1,차대사람 - 횡단중,안전운전불이행,젖음/습기,비,단일로 - 기타,승용,여,46세,기타불명,보행자,남,46세,부상신고
2021110900100056,2021년 11월 9일 06시,화요일,인천광역시 계양구 상야동,중상사고,0,2,0,0,차대차 - 측면충돌,안전운전불이행,젖음/습기,맑음,단일로 - 기타,승용,여,71세,중상,승용,남,57세,중상
2021110900100110,2021년 11월 9일 08시,화요일,인천광역시 미추홀구 주안동,중상사고,0,1,0,0,차대차 - 측면충돌,안전거리미확보,젖음/습기,흐림,단일로 - 기타,화물,남,60세,상해없음,승용,남,68세,중상
2021110900100141,2021년 11월 9일 09시,화요일,인천광역시 중구 운남동,중상사고,0,1,0,0,차대차 - 추돌,안전운전불이행,젖음/습기,흐림,단일로 - 터널,승용,남,32세,상해없음,승용,남,50세,중상
2021110900100142,2021년 11월 9일 09시,화요일,인천광역시 계양구 작전동,경상사고,0,0,1,0,차대차 - 기타,안전운전불이행,건조,맑음,단일로 - 기타,승용,여,47세,상해없음,승합,남,63세,상해없음
2021110900100171,2021년 11월 9일 10시,화요일,인천광역시 부평구 부평동,경상사고,0,0,1,0,차대차 - 추돌,안전운전불이행,건조,맑음,교차로 - 교차로부근,승합,남,64세,상해없음,승합,남,53세,상해없음
2021110900100172,2021년 11월 9일 10시,화요일,인천광역시 부평구 청천동,경상사고,0,0,2,0,차대차 - 추돌,안전운전불이행,젖음/습기,흐림,단일로 - 기타,승용,남,67세,상해없음,승용,남,66세,경상
2021110900100173,2021년 11월 9일 10시,화요일,인천광역시 남동구 구월동,경상사고,0,0,1,0,차대차 - 측면충돌,안전운전불이행,젖음/습기,비,교차로 - 교차로안,승용,여,65세,기타불명,승용,남,30세,경상
2021110900100252,2021년 11월 9일 12시,화요일,인천광역시 남동구 구월동,경상사고,0,0,1,0,차대차 - 측면충돌,안전운전불이행,젖음/습기,비,교차로 - 교차로안,승용,남,71세,상해없음,승용,여,53세,경상
2021110900100253,2021년 11월 9일 12시,화요일,인천광역시 계양구 작전동,경상사고,0,0,1,0,차대사람 - 기타,안전운전불이행,건조,흐림,단일로 - 기타,승용,여,58세,상해없음,보행자,여,68세,경상
2021110900100283,2021년 11월 9일 13시,화요일,인천광역시 남동구 만수동,중상사고,0,1,0,0,차대사람 - 차도통행중,안전운전불이행,젖음/습기,비,교차로 - 교차로부근,승용,여,59세,기타불명,보행자,남,38세,중상
2021110900100284,2021년 11월 9일 13시,화요일,인천광역시 서구 원창동,중상사고,0,1,1,0,차대차 - 추돌,안전운전불이행,건조,맑음,교차로 - 교차로안,승용,남,18세,중상,승용,남,67세,경상
2021110900100322,2021년 11월 9일 14시,화요일,인천광역시 동구 송현동,중상사고,0,1,0,0,차대차 - 추돌,안전운전불이행,젖음/습기,비,단일로 - 기타,화물,남,66세,상해없음,건설기계,남,60세,상해없음
2021110900100323,2021년 11월 9일 14시,화요일,인천광역시 미추홀구 주안동,경상사고,0,0,2,0,차대차 - 추돌,안전거리미확보,젖음/습기,비,교차로 - 교차로부근,승용,여,42세,상해없음,승용,남,34세,상해없음
2021110900100392,2021년 11월 9일 16시,화요일,인천광역시 서구 경서동,경상사고,0,0,1,0,차대차 - 추돌,안전운전불이행,젖음/습기,맑음,단일로 - 기타,승용,남,57세,상해없음,승용,남,34세,경상
2021110900100449,2021년 11월 9일 17시,화요일,인천광역시 서구 가좌동,경상사고,0,0,1,0,차대차 - 기타,안전운전불이행,젖음/습기,비,교차로 - 교차로안,승용,남,61세,상해없음,승용,여,45세,경상
2021110900100450,2021년 11월 9일 17시,화요일,인천광역시 계양구 용종동,중상사고,0,1,0,0,차대차 - 측면충돌,안전운전불이행,젖음/습기,비,교차로 - 교차로부근,승합,남,75세,상해없음,승용,여,35세,상해없음
2021110900100451,2021년 11월 9일 17시,화요일,인천광역시 부평구 삼산동,중상사고,0,1,0,0,차대사람 - 횡단중,보행자보호의무위반,젖음/습기,비,교차로 - 교차로횡단보도내,승합,남,71세,기타불명,보행자,여,83세,중상
2021110900100513,2021년 11월 9일 18시,화요일,인천광역시 부평구 십정동,경상사고,0,0,1,0,차대차 - 측면충돌,안전운전불이행,젖음/습기,비,교차로 - 교차로안,승용,남,49세,상해없음,이륜,남,42세,경상
2021110900100514,2021년 11월 9일 18시,화요일,인천광역시 남동구 구월동,경상사고,0,0,1,0,차대사람 - 차도통행중,안전운전불이행,젖음/습기,비,교차로 - 교차로안,승용,남,19세,상해없음,보행자,남,23세,경상
2021110900100516,2021년 11월 9일 18시,화요일,인천광역시 서구 청라동,경상사고,0,0,1,0,차대차 - 추돌,차로위반,건조,맑음,단일로 - 기타,승용,남,51세,상해없음,승용,여,44세,경상
2021110900100517,2021년 11월 9일 18시,화요일,인천광역시 서구 불로동,경상사고,0,0,1,0,차대차 - 측면충돌,안전운전불이행,젖음/습기,맑음,단일로 - 기타,승용,여,41세,상해없음,승용,남,51세,경상
2021110900100518,2021년 11월 9일 18시,화요일,인천광역시 남동구 만수동,부상신고사고,0,0,0,1,차대사람 - 길가장자리구역통행중,안전운전불이행,젖음/습기,비,교차로 - 교차로부근,승용,여,64세,상해없음,보행자,남,29세,부상신고
2021110900100605,2021년 11월 9일 20시,화요일,인천광역시 미추홀구 도화동,경상사고,0,0,1,0,차대사람 - 횡단중,보행자보호의무위반,젖음/습기,흐림,교차로 - 교차로부근,승용,남,69세,상해없음,보행자,남,21세,경상
2021110900100607,2021년 11월 9일 20시,화요일,인천광역시 서구 청라동,경상사고,0,0,1,0,차대사람 - 기타,안전운전불이행,건조,맑음,단일로 - 기타,승용,여,50세,상해없음,보행자,남,58세,경상
2021110900100677,2021년 11월 9일 23시,화요일,인천광역시 미추홀구 용현동,경상사고,0,0,1,0,차대차 - 측면충돌,신호위반,건조,맑음,교차로 - 교차로안,화물,남,55세,상해없음,승합,남,54세,경상
2021110900100678,2021년 11월 9일 23시,화요일,인천광역시 서구 청라동,경상사고,0,0,1,0,차대차 - 기타,안전거리미확보,건조,맑음,단일로 - 기타,승용,남,23세,상해없음,승용,남,45세,상해없음
2021111000100012,2021년 11월 10일 00시,수요일,인천광역시 미추홀구 주안동,중상사고,0,1,0,0,차대차 - 추돌,안전운전불이행,건조,맑음,단일로 - 기타,승용,남,52세,상해없음,승용,남,51세,중상
2021111000100013,2021년 11월 10일 00시,수요일,인천광역시 미추홀구 주안동,경상사고,0,0,1,0,차대사람 - 기타,안전운전불이행,건조,맑음,단일로 - 기타,승용,남,61세,기타불명,보행자,남,67세,경상
2021111000100014,2021년 11월 10일 00시,수요일,인천광역시 미추홀구 도화동,부상신고사고,0,0,0,1,차대차 - 기타,안전운전불이행,건조,맑음,교차로 - 교차로부근,승용,남,44세,기타불명,자전거,여,26세,부상신고
2021111000100015,2021년 11월 10일 00시,수요일,인천광역시 남동구 구월동,중상사고,0,2,0,0,차대차 - 추돌,안전운전불이행,건조,맑음,단일로 - 기타,승용,남,38세,상해없음,승용,여,53세,중상
2021111000100022,2021년 11월 10일 01시,수요일,인천광역시 부평구 부개동,부상신고사고,0,0,0,1,차량단독 - 기타,안전운전불이행,건조,맑음,기타 - 기타,승합,남,69세,상해없음,,,,
2021111000100068,2021년 11월 10일 06시,수요일,인천광역시 서구 가정동,경상사고,0,0,2,0,차대차 - 기타,안전운전불이행,건조,맑음,단일로 - 기타,승용,남,59세,상해없음,승용,남,37세,경상
2021111000100099,2021년 11월 10일 07시,수요일,인천광역시 남동구 고잔동,부상신고사고,0,0,0,1,차대차 - 측면충돌,안전거리미확보,건조,맑음,단일로 - 기타,승용,남,61세,상해없음,승용,남,40세,부상신고
2021111000100142,2021년 11월 10일 08시,수요일,인천광역시 중구 운서동,경상사고,0,0,2,0,차대차 - 측면충돌,안전운전불이행,건조,맑음,단일로 - 기타,승용,남,79세,상해없음,자전거,남,36세,경상
2021111000100143,2021년 11월 10일 08시,수요일,인천광역시 동구 송현동,경상사고,0,0,1,0,차대차 - 측면충돌,안전운전불이행,건조,맑음,교차로 - 교차로안,승용,여,38세,상해없음,승용,여,62세,경상
2021111000100144,2021년 11월 10일 08시,수요일,인천광역시 남동구 구월동,경상사고,0,0,1,0,차대사람 - 횡단중,보행자보호의무위반,건조,맑음,교차로 - 교차로횡단보도내,승용,여,29세,상해없음,보행자,여,11세,경상
2021111000100169,2021년 11월 10일 09시,수요일,인천광역시 계양구 병방동,경상사고,0,0,1,0,차대차 - 기타,안전운전불이행,건조,맑음,교차로 - 교차로부근,승용,여,54세,상해없음,승합,여,60세,경상
2021111000100191,2021년 11월 10일 10시,수요일,인천광역시 계양구 상야동,경상사고,0,0,1,0,차대차 - 측면충돌,안전운전불이행,건조,맑음,교차로 - 교차로부근,승용,남,72세,상해없음,사륜오토바이(ATV),여,55세,경상
2021111000100217,2021년 11월 10일 11시,수요일,인천광역시 서구 백석동,경상사고,0,0,2,0,차대차 - 추돌,안전거리미확보,건조,맑음,단일로 - 교량,건설기계,남,55세,상해없음,화물,남,37세,경상
2021111000100218,2021년 11월 10일 11시,수요일,인천광역시 중구 신흥동1가,중상사고,0,1,1,0,차대차 - 추돌,안전운전불이행,건조,맑음,단일로 - 교량,화물,남,62세,상해없음,승용,남,37세,중상
2021111000100270,2021년 11월 10일 13시,수요일,인천광역시 중구 운서동,경상사고,0,0,3,0,차대차 - 측면충돌,안전운전불이행,건조,맑음,단일로 - 기타,승용,남,26세,경상,승용,남,33세,경상
2021111000100342,2021년 11월 10일 15시,수요일,인천광역시 미추홀구 용현동,중상사고,0,1,0,0,차대차 - 측면충돌,안전운전불이행,건조,맑음,단일로 - 기타,승합,남,28세,상해없음,이륜,남,67세,중상
2021111000100343,2021년 11월 10일 15시,수요일,인천광역시 계양구 용종동,경상사고,0,0,1,0,차대차 - 측면충돌,안전운전불이행,건조,맑음,기타 - 기타,승합,남,39세,기타불명,승용,남,61세,경상
2021111000100344,2021년 11월 10일 15시,수요일,인천광역시 계양구 작전동,경상사고,0,0,1,0,차대차 - 정면충돌,안전운전불이행,건조,맑음,주차장 - 주차장,승용,남,74세,상해없음,승용,남,29세,경상
2021111000100378,2021년 11월 10일 16시,수요일,인천광역시 서구 마전동,경상사고,0,0,1,0,차대차 - 추돌,안전운전불이행,건조,맑음,단일로 - 기타,승용,남,53세,상해없음,승용,남,52세,경상
2021111000100420,2021년 11월 10일 17시,수요일,인천광역시 남동구 논현동,경상사고,0,0,1,0,차대차 - 측면충돌,신호위반,젖음/습기,비,교차로 - 교차로안,승용,남,38세,상해없음,승용,여,39세,경상
2021111000100422,2021년 11월 10일 17시,수요일,인천광역시 남동구 수산동,경상사고,0,0,1,0,차대차 - 측면충돌,안전운전불이행,건조,맑음,단일로 - 교량,화물,남,56세,상해없음,승용,남,39세,경상
2021111000100478,2021년 11월 10일 18시,수요일,인천광역시 연수구 옥련동,경상사고,0,0,1,0,차대차 - 측면충돌,안전거리미확보,건조,맑음,단일로 - 기타,승용,남,31세,상해없음,특수,남,39세,경상
2021111000100524,2021년 11월 10일 19시,수요일,인천광역시 미추홀구 도화동,중상사고,0,1,0,0,차대사람 - 횡단중,안전운전불이행,건조,맑음,단일로 - 기타,이륜,남,21세,상해없음,보행자,남,50세,중상
2021111000100525,2021년 11월 10일 19시,수요일,인천광역시 미추홀구 주안동,중상사고,0,1,0,0,차대사람 - 횡단중,안전운전불이행,건조,맑음,교차로 - 교차로안,승용,남,64세,상해없음,보행자,여,67세,중상
2021111000100526,2021년 11월 10일 19시,수요일,인천광역시 미추홀구 주안동,부상신고사고,0,0,0,1,차대차 - 기타,안전운전불이행,건조,맑음,교차로 - 교차로안,승용,남,38세,상해없음,승용,남,65세,상해없음
2021111000100561,2021년 11월 10일 20시,수요일,인천광역시 남동구 구월동,경상사고,0,0,1,0,차대사람 - 횡단중,보행자보호의무위반,건조,기타,교차로 - 교차로안,승용,여,60세,상해없음,보행자,여,32세,경상
2021111000100562,2021년 11월 10일 20시,수요일,인천광역시 연수구 송도동,중상사고,0,1,0,0,차대사람 - 횡단중,안전운전불이행,건조,맑음,교차로 - 교차로안,승용,여,41세,상해없음,보행자,여,49세,중상
2021111000100563,2021년 11월 10일 20시,수요일,인천광역시 부평구 삼산동,중상사고,0,1,2,0,차대차 - 추돌,안전운전불이행,건조,맑음,단일로 - 기타,승용,여,49세,상해없음,승용,여,44세,경상
2021111000100564,2021년 11월 10일 20시,수요일,인천광역시 부평구 삼산동,중상사고,0,1,0,0,차대차 - 기타,안전운전불이행,건조,맑음,단일로 - 기타,화물,남,58세,상해없음,이륜,남,36세,중상
2021111000100588,2021년 11월 10일 21시,수요일,인천광역시 연수구 연수동,경상사고,0,0,1,0,차대사람 - 길가장자리구역통행중,안전운전불이행,건조,맑음,교차로 - 교차로안,승용,남,57세,상해없음,보행자,여,37세,경상
2021111100100019,2021년 11월 11일 01시,목요일,인천광역시 서구 청라동,중상사고,0,1,0,0,차대사람 - 횡단중,안전운전불이행,건조,맑음,단일로 - 기타,승용,여,45세,상해없음,보행자,남,25세,중상
2021111100100060,2021년 11월 11일 06시,목요일,인천광역시 서구 석남동,경상사고,0,0,1,0,차대사람 - 횡단중,신호위반,건조,맑음,교차로 - 교차로횡단보도내,승용,남,64세,상해없음,보행자,여,50세,경상
2021111100100144,2021년 11월 11일 08시,목요일,인천광역시 중구 운서동,경상사고,0,0,2,0,차대차 - 측면충돌,안전거리미확보,건조,맑음,교차로 - 교차로안,승용,남,22세,상해없음,승용,여,42세,경상
2021111100100145,2021년 11월 11일 08시,목요일,인천광역시 남동구 구월동,경상사고,0,0,1,0,차대차 - 측면충돌,차로위반,건조,맑음,교차로 - 교차로안,승용,여,20세,상해없음,승용,남,35세,경상
2021111100100146,2021년 11월 11일 08시,목요일,인천광역시 연수구 송도동,경상사고,0,0,1,0,차대차 - 측면충돌,안전거리미확보,건조,맑음,교차로 - 교차로부근,승용,여,34세,상해없음,승용,여,44세,경상
2021111100100147,2021년 11월 11일 08시,목요일,인천광역시 부평구 일신동,경상사고,0,0,1,0,차대사람 - 기타,안전운전불이행,건조,맑음,단일로 - 기타,승용,남,76세,상해없음,보행자,여,42세,경상
2021111100100180,2021년 11월 11일 09시,목요일,인천광역시 미추홀구 도화동,경상사고,0,0,1,0,차대차 - 추돌,안전운전불이행,건조,맑음,교차로 - 교차로부근,화물,남,47세,상해없음,승용,남,36세,경상
2021111100100204,2021년 11월 11일 10시,목요일,인천광역시 미추홀구 주안동,경상사고,0,0,1,0,차대차 - 측면충돌,안전운전불이행,건조,맑음,단일로 - 기타,승용,남,67세,상해없음,승용,남,26세,경상
2021111100100243,2021년 11월 11일 11시,목요일,인천광역시 동구 만석동,중상사고,0,1,0,0,차대차 - 추돌,안전운전불이행,건조,맑음,교차로 - 교차로부근,특수,남,58세,상해없음,승용,남,50세,중상
2021111100100244,2021년 11월 11일 11시,목요일,인천광역시 미추홀구 용현동,경상사고,0,0,1,0,차대차 - 정면충돌,안전운전불이행,건조,맑음,단일로 - 기타,이륜,남,33세,경상,승용,남,59세,상해없음
2021111100100245,2021년 11월 11일 11시,목요일,인천광역시 남동구 간석동,중상사고,0,1,0,0,차량단독 - 기타,안전운전불이행,건조,맑음,단일로 - 기타,승합,남,67세,상해없음,,,,
2021111100100246,2021년 11월 11일 11시,목요일,인천광역시 서구 당하동,경상사고,0,0,1,0,차대사람 - 횡단중,안전운전불이행,건조,맑음,단일로 - 기타,이륜,남,52세,상해없음,보행자,남,36세,경상
2021111100100272,2021년 11월 11일 12시,목요일,인천광역시 서구 검암동,경상사고,0,0,1,0,차대차 - 기타,안전운전불이행,건조,맑음,교차로 - 교차로안,승용,남,68세,상해없음,승용,여,52세,경상
2021111100100273,2021년 11월 11일 12시,목요일,인천광역시 연수구 연수동,경상사고,0,0,1,0,차대차 - 측면충돌,안전운전불이행,건조,맑음,교차로 - 교차로안,승용,여,46세,상해없음,승용,남,63세,경상
2021111100100274,2021년 11월 11일 12시,목요일,인천광역시 부평구 구산동,경상사고,0,0,1,0,차량단독 - 기타,기타,건조,맑음,단일로 - 기타,승합,남,69세,상해없음,,,,
2021111100100328,2021년 11월 11일 14시,목요일,인천광역시 미추홀구 주안동,경상사고,0,0,1,0,차대차 - 측면충돌,안전거리미확보,건조,맑음,교차로 - 교차로부근,승용,남,63세,상해없음,승용,여,59세,경상
2021111100100455,2021년 11월 11일 17시,목요일,인천광역시 서구 가정동,경상사고,0,0,1,0,차대차 - 측면충돌,안전운전불이행,건조,맑음,단일로 - 기타,승용,여,32세,상해없음,화물,남,39세,경상
2021111100100456,2021년 11월 11일 17시,목요일,인천광역시 부평구 구산동,경상사고,0,0,1,0,차대차 - 측면충돌,안전거리미확보,건조,맑음,단일로 - 교량,승용,남,36세,상해없음,승용,여,53세,경상
2021111100100511,2021년 11월 11일 18시,목요일,인천광역시 서구 마전동,중상사고,0,1,0,0,차대사람 - 기타,안전운전불이행,건조,맑음,단일로 - 기타,승용,여,69세,기타불명,보행자,여,76세,중상
2021111100100584,2021년 11월 11일 20시,목요일,인천광역시 미추홀구 주안동,경상사고,0,0,1,0,차대사람 - 보도통행중,안전운전불이행,건조,맑음,기타 - 기타,개인형이동수단(PM),남,75세,상해없음,보행자,여,61세,경상
2021111100100585,2021년 11월 11일 20시,목요일,인천광역시 서구 가정동,중상사고,0,1,0,0,차대차 - 측면충돌,안전운전불이행,건조,맑음,기타 - 기타,승용,남,38세,상해없음,이륜,남,29세,중상
2021111100100586,2021년 11월 11일 20시,목요일,인천광역시 서구 청라동,경상사고,0,0,1,0,차대차 - 기타,안전운전불이행,건조,맑음,단일로 - 기타,승용,여,37세,상해없음,승용,여,53세,경상
2021111100100607,2021년 11월 11일 21시,목요일,인천광역시 서구 마전동,경상사고,0,0,2,0,차대차 - 정면충돌,안전운전불이행,건조,맑음,단일로 - 기타,승용,남,47세,상해없음,승용,남,25세,경상
2021111100100635,2021년 11월 11일 22시,목요일,인천광역시 미추홀구 주안동,경상사고,0,0,1,0,차대사람 - 횡단중,안전운전불이행,건조,맑음,교차로 - 교차로안,이륜,남,16세,상해없음,보행자,남,65세,경상
2021111100100654,2021년 11월 11일 23시,목요일,인천광역시 부평구 일신동,경상사고,0,0,2,0,차대차 - 추돌,안전운전불이행,건조,맑음,단일로 - 고가도로위,승용,남,32세,상해없음,승용,남,40세,경상
2021111200100012,2021년 11월 12일 00시,금요일,인천광역시 미추홀구 주안동,중상사고,0,1,0,0,차대차 - 기타,교차로운행방법위반,건조,맑음,교차로 - 교차로부근,승용,남,39세,상해없음,개인형이동수단(PM),남,23세,중상
2021111200100020,2021년 11월 12일 01시,금요일,인천광역시 미추홀구 관교동,중상사고,0,1,0,0,차대사람 - 기타,안전운전불이행,건조,맑음,단일로 - 기타,승용,남,59세,상해없음,보행자,남,21세,중상
2021111200100026,2021년 11월 12일 02시,금요일,인천광역시 부평구 부평동,경상사고,0,0,1,0,차대차 - 측면충돌,신호위반,건조,맑음,교차로 - 교차로안,이륜,남,15세,상해없음,화물,남,55세,경상
2021111200100063,2021년 11월 12일 06시,금요일,인천광역시 미추홀구 문학동,경상사고,0,0,1,0,차대차 - 측면충돌,안전운전불이행,서리/결빙,맑음,교차로 - 교차로안,승용,남,56세,상해없음,이륜,남,43세,경상
2021111200100064,2021년 11월 12일 06시,금요일,인천광역시 남동구 고잔동,경상사고,0,0,1,0,차대차 - 측면충돌,안전운전불이행,건조,맑음,교차로 - 교차로안,승용,남,41세,상해없음,자전거,남,69세,경상
2021111200100121,2021년 11월 12일 08시,금요일,인천광역시 남동구 구월동,경상사고,0,0,1,0,차대차 - 측면충돌,안전거리미확보,건조,맑음,단일로 - 기타,승용,여,54세,상해없음,승용,남,30세,경상
2021111200100122,2021년 11월 12일 08시,금요일,인천광역시 남동구 간석동,경상사고,0,0,1,0,차대차 - 기타,교차로운행방법위반,건조,맑음,교차로 - 교차로부근,승용,남,52세,상해없음,승용,남,33세,경상
2021111200100123,2021년 11월 12일 08시,금요일,인천광역시 서구 왕길동,경상사고,0,0,1,0,차대차 - 기타,안전운전불이행,건조,맑음,단일로 - 기타,화물,남,65세,상해없음,승용,여,47세,경상
2021111200100124,2021년 11월 12일 08시,금요일,인천광역시 서구 원당동,경상사고,0,0,3,0,차대차 - 측면충돌,안전운전불이행,건조,맑음,교차로 - 교차로부근,승용,남,52세,상해없음,승용,여,35세,경상
2021111200100158,2021년 11월 12일 09시,금요일,인천광역시 계양구 계산동,경상사고,0,0,1,0,차대차 - 후진중충돌,안전운전불이행,건조,맑음,기타 - 기타,승용,남,28세,상해없음,자전거,남,14세,경상