사고번호,사고일시,요일,시군구,사고내용,사망자수,중상자수,경상자수,부상신고자수,사고유형,법규위반,노면상태,기상상태,도로형태,가해운전자 차종,가해운전자 성별,가해운전자 연령,가해운전자 상해정도,피해운전자 차종,피해운전자 성별,피해운전자 연령,피해운전자 상해정도
2021111700100427,2021년 11월 17일 16시,수요일,인천광역시 부평구 일신동,경상사고,0,0,1,0,차대사람 - 기타,안전운전불이행,건조,맑음,단일로 - 기타,화물,남,62세,기타불명,보행자,남,48세,경상
2021111700100428,2021년 11월 17일 16시,수요일,인천광역시 부평구 부평동,경상사고,0,0,1,0,차대사람 - 기타,안전운전불이행,건조,맑음,기타 - 기타,승용,여,68세,상해없음,보행자,여,47세,경상
2021111700100482,2021년 11월 17일 17시,수요일,인천광역시 미추홀구 학익동,중상사고,0,1,0,0,차대차 - 기타,신호위반,건조,맑음,교차로 - 교차로안,이륜,남,18세,상해없음,이륜,남,47세,중상
2021111700100483,2021년 11월 17일 17시,수요일,인천광역시 남동구 간석동,경상사고,0,0,2,0,차대차 - 후진중충돌,안전운전불이행,건조,맑음,교차로 - 교차로부근,승용,남,60세,상해없음,승용,남,35세,경상
2021111700100484,2021년 11월 17일 17시,수요일,인천광역시 남동구 만수동,경상사고,0,0,1,0,차대차 - 측면충돌,안전거리미확보,건조,맑음,단일로 - 기타,승용,남,31세,상해없음,승용,남,25세,경상
2021111700100551,2021년 11월 17일 18시,수요일,인천광역시 중구 운서동,경상사고,0,0,1,0,차대차 - 정면충돌,안전운전불이행,건조,맑음,교차로 - 교차로안,승용,남,68세,상해없음,승용,남,50세,경상
2021111700100552,2021년 11월 17일 18시,수요일,인천광역시 미추홀구 숭의동,경상사고,0,0,1,0,차대차 - 후진중충돌,안전운전불이행,건조,맑음,교차로 - 교차로안,특수,남,52세,상해없음,승용,남,35세,경상
2021111700100553,2021년 11월 17일 18시,수요일,인천광역시 서구 마전동,경상사고,0,0,1,0,차대차 - 추돌,안전운전불이행,건조,맑음,단일로 - 기타,기타불명,기타불명,미분류,기타불명,승용,남,32세,경상
2021111700100554,2021년 11월 17일 18시,수요일,인천광역시 서구 신현동,경상사고,0,0,1,0,차대차 - 측면충돌,안전운전불이행,건조,맑음,기타 - 기타,승용,남,41세,상해없음,승용,여,40세,경상
2021111700100603,2021년 11월 17일 19시,수요일,인천광역시 미추홀구 용현동,중상사고,0,1,0,0,차대사람 - 횡단중,안전운전불이행,건조,맑음,교차로 - 교차로안,승용,남,53세,상해없음,보행자,여,26세,중상
2021111700100604,2021년 11월 17일 19시,수요일,인천광역시 미추홀구 용현동,중상사고,0,1,0,0,차대차 - 추돌,안전운전불이행,건조,맑음,기타 - 기타,승용,남,46세,상해없음,화물,남,41세,중상
2021111700100605,2021년 11월 17일 19시,수요일,인천광역시 서구 연희동,경상사고,0,0,1,0,차대사람 - 길가장자리구역통행중,안전운전불이행,건조,맑음,기타 - 기타,기타불명,기타불명,미분류,기타불명,보행자,여,24세,경상
2021111700100606,2021년 11월 17일 19시,수요일,인천광역시 남동구 서창동,경상사고,0,0,3,0,차대차 - 측면충돌,안전거리미확보,건조,흐림,교차로 - 교차로안,승용,여,47세,상해없음,승용,남,20세,경상
2021111700100651,2021년 11월 17일 21시,수요일,인천광역시 중구 운서동,중상사고,0,1,1,0,차대차 - 정면충돌,안전운전불이행,건조,맑음,단일로 - 기타,승용,남,48세,기타불명,승용,여,35세,중상
2021111700100685,2021년 11월 17일 23시,수요일,인천광역시 남동구 논현동,중상사고,0,1,1,0,차대차 - 측면충돌,신호위반,건조,맑음,교차로 - 교차로안,승용,남,54세,상해없음,승용,남,39세,경상
2021111800100028,2021년 11월 18일 02시,목요일,인천광역시 미추홀구 주안동,경상사고,0,0,1,0,차대차 - 후진중충돌,안전운전불이행,건조,맑음,단일로 - 기타,승용,남,22세,상해없음,승용,남,47세,경상
2021111800100059,2021년 11월 18일 06시,목요일,인천광역시 남동구 간석동,중상사고,0,1,0,0,차대차 - 정면충돌,신호위반,건조,맑음,교차로 - 교차로안,승용,남,37세,상해없음,승용,남,55세,중상
2021111800100154,2021년 11월 18일 09시,목요일,인천광역시 서구 가정동,경상사고,0,0,1,0,차대차 - 측면충돌,안전운전불이행,건조,맑음,단일로 - 기타,승용,남,74세,상해없음,승용,남,27세,경상
2021111800100155,2021년 11월 18일 09시,목요일,인천광역시 계양구 동양동,경상사고,0,0,1,0,차대차 - 측면충돌,안전운전불이행,건조,맑음,단일로 - 기타,승합,남,59세,상해없음,승용,남,46세,경상
2021111800100184,2021년 11월 18일 10시,목요일,인천광역시 서구 신현동,경상사고,0,0,1,0,차대사람 - 기타,안전운전불이행,건조,맑음,단일로 - 기타,승용,여,37세,상해없음,보행자,여,22세,경상
2021111800100216,2021년 11월 18일 11시,목요일,인천광역시 서구 가좌동,경상사고,0,0,2,0,차대차 - 측면충돌,안전운전불이행,건조,맑음,단일로 - 기타,화물,남,25세,상해없음,승용,여,49세,경상
2021111800100217,2021년 11월 18일 11시,목요일,인천광역시 계양구 임학동,경상사고,0,0,1,0,차대사람 - 기타,안전운전불이행,건조,맑음,단일로 - 기타,승용,여,47세,상해없음,보행자,남,52세,경상
2021111800100219,2021년 11월 18일 11시,목요일,인천광역시 부평구 부평동,경상사고,0,0,2,0,차대차 - 추돌,안전운전불이행,건조,맑음,교차로 - 교차로부근,승용,남,30세,상해없음,승용,남,58세,경상
2021111800100251,2021년 11월 18일 12시,목요일,인천광역시 계양구 계산동,경상사고,0,0,3,0,차대차 - 정면충돌,안전운전불이행,건조,맑음,교차로 - 교차로안,승용,남,67세,경상,화물,남,51세,경상
2021111800100277,2021년 11월 18일 13시,목요일,인천광역시 남동구 논현동,경상사고,0,0,1,0,차대차 - 측면충돌,교차로운행방법위반,건조,맑음,교차로 - 교차로부근,승용,여,47세,상해없음,승용,남,64세,경상
2021111800100337,2021년 11월 18일 15시,목요일,인천광역시 미추홀구 문학동,경상사고,0,0,1,0,차대차 - 측면충돌,안전운전불이행,건조,맑음,교차로 - 교차로안,승용,남,54세,기타불명,승용,여,53세,경상
2021111800100338,2021년 11월 18일 15시,목요일,인천광역시 부평구 부평동,경상사고,0,0,1,0,차대차 - 측면충돌,안전운전불이행,건조,맑음,단일로 - 기타,화물,남,31세,상해없음,승용,남,55세,경상
2021111800100339,2021년 11월 18일 15시,목요일,인천광역시 남동구 간석동,중상사고,0,1,0,0,차대사람 - 기타,안전운전불이행,건조,맑음,단일로 - 기타,승용,여,32세,상해없음,보행자,여,62세,중상
2021111800100372,2021년 11월 18일 16시,목요일,인천광역시 서구 가정동,경상사고,0,0,1,0,차대사람 - 기타,보행자보호의무위반,건조,맑음,교차로 - 교차로안,승용,남,66세,상해없음,보행자,남,55세,경상
2021111800100373,2021년 11월 18일 16시,목요일,인천광역시 계양구 작전동,경상사고,0,0,1,0,차대차 - 측면충돌,안전운전불이행,건조,맑음,교차로 - 교차로안,화물,남,54세,상해없음,승용,남,30세,경상
2021111800100374,2021년 11월 18일 16시,목요일,인천광역시 계양구 작전동,경상사고,0,0,1,0,차대차 - 측면충돌,안전운전불이행,건조,맑음,교차로 - 교차로안,승용,여,47세,상해없음,승용,남,23세,경상
2021111800100375,2021년 11월 18일 16시,목요일,인천광역시 부평구 구산동,경상사고,0,0,1,0,차대차 - 측면충돌,안전운전불이행,건조,맑음,단일로 - 기타,화물,남,29세,기타불명,승용,남,60세,경상
2021111800100423,2021년 11월 18일 17시,목요일,인천광역시 부평구 청천동,부상신고사고,0,0,0,1,차대차 - 측면충돌,안전운전불이행,건조,맑음,교차로 - 교차로부근,이륜,남,57세,부상신고,승용,여,60세,상해없음
2021111800100424,2021년 11월 18일 17시,목요일,인천광역시 서구 오류동,경상사고,0,0,2,0,차대차 - 후진중충돌,안전운전불이행,건조,맑음,단일로 - 기타,화물,남,52세,상해없음,화물,남,48세,경상
2021111800100478,2021년 11월 18일 18시,목요일,인천광역시 서구 당하동,사망사고,1,0,0,0,차대사람 - 기타,안전운전불이행,건조,맑음,기타 - 기타,승용,남,29세,상해없음,보행자,남,30세,사망
2021111800100519,2021년 11월 18일 19시,목요일,인천광역시 연수구 송도동,부상신고사고,0,0,0,1,차대사람 - 횡단중,보행자보호의무위반,건조,맑음,교차로 - 교차로횡단보도내,이륜,기타불명,미분류,기타불명,보행자,남,9세,부상신고
2021111800100520,2021년 11월 18일 19시,목요일,인천광역시 남동구 만수동,경상사고,0,0,3,0,차대차 - 측면충돌,안전거리미확보,건조,맑음,단일로 - 기타,승용,남,24세,경상,화물,여,52세,경상
2021111800100574,2021년 11월 18일 21시,목요일,인천광역시 남동구 간석동,경상사고,0,0,2,0,차대차 - 후진중충돌,안전운전불이행,건조,흐림,단일로 - 기타,승용,남,68세,경상,승용,남,31세,경상
2021111800100599,2021년 11월 18일 22시,목요일,인천광역시 남동구 간석동,경상사고,0,0,1,0,차대차 - 측면충돌,안전운전불이행,건조,맑음,교차로 - 교차로부근,승용,남,35세,기타불명,승용,남,59세,경상
2021111800100600,2021년 11월 18일 22시,목요일,인천광역시 부평구 갈산동,경상사고,0,0,1,0,차대사람 - 길가장자리구역통행중,안전운전불이행,건조,맑음,단일로 - 기타,승합,남,44세,상해없음,보행자,남,28세,경상
2021111900100014,2021년 11월 19일 00시,금요일,인천광역시 남동구 만수동,중상사고,0,1,0,0,차대차 - 추돌,안전운전불이행,건조,맑음,교차로 - 교차로부근,승용,남,35세,상해없음,이륜,남,43세,중상
2021111900100024,2021년 11월 19일 01시,금요일,인천광역시 미추홀구 도화동,경상사고,0,0,1,0,차대차 - 추돌,안전운전불이행,건조,맑음,단일로 - 기타,승용,여,27세,상해없음,승용,남,27세,경상
2021111900100025,2021년 11월 19일 01시,금요일,인천광역시 미추홀구 용현동,부상신고사고,0,0,0,1,차대사람 - 기타,안전운전불이행,건조,맑음,단일로 - 기타,승용,남,22세,부상신고,보행자,남,24세,상해없음
2021111900100026,2021년 11월 19일 01시,금요일,인천광역시 남동구 논현동,경상사고,0,0,1,0,차대차 - 측면충돌,신호위반,젖음/습기,흐림,교차로 - 교차로안,승용,남,23세,상해없음,승용,남,62세,경상
2021111900100093,2021년 11월 19일 07시,금요일,인천광역시 미추홀구 주안동,경상사고,0,0,1,0,차대차 - 측면충돌,안전운전불이행,건조,맑음,단일로 - 기타,승용,남,52세,상해없음,승용,남,50세,경상
2021111900100125,2021년 11월 19일 08시,금요일,인천광역시 부평구 십정동,경상사고,0,0,1,0,차대차 - 측면충돌,안전운전불이행,건조,맑음,단일로 - 기타,승용,여,24세,상해없음,화물,남,53세,경상
2021111900100126,2021년 11월 19일 08시,금요일,인천광역시 부평구 십정동,경상사고,0,0,1,0,차대차 - 추돌,안전운전불이행,건조,맑음,교차로 - 교차로부근,승용,남,38세,상해없음,승용,남,30세,경상
2021111900100127,2021년 11월 19일 08시,금요일,인천광역시 계양구 박촌동,경상사고,0,0,1,0,차대차 - 측면충돌,안전운전불이행,건조,맑음,교차로 - 교차로부근,승용,남,62세,상해없음,승용,남,66세,경상
2021111900100152,2021년 11월 19일 09시,금요일,인천광역시 중구 신흥동3가,경상사고,0,0,1,0,차대차 - 측면충돌,안전운전불이행,건조,맑음,교차로 - 교차로안,승용,여,54세,상해없음,화물,남,37세,경상
2021111900100153,2021년 11월 19일 09시,금요일,인천광역시 서구 금곡동,경상사고,0,0,1,0,차대차 - 측면충돌,안전운전불이행,건조,맑음,단일로 - 기타,화물,남,62세,상해없음,원동기,남,27세,경상
2021111900100214,2021년 11월 19일 11시,금요일,인천광역시 미추홀구 용현동,경상사고,0,0,1,0,차대차 - 정면충돌,안전운전불이행,건조,맑음,교차로 - 교차로안,승용,여,61세,상해없음,승용,남,61세,경상
2021111900100283,2021년 11월 19일 13시,금요일,인천광역시 부평구 삼산동,경상사고,0,0,1,0,차대차 - 후진중충돌,안전운전불이행,건조,맑음,단일로 - 기타,승용,여,45세,상해없음,승용,여,36세,경상
2021111900100308,2021년 11월 19일 14시,금요일,인천광역시 부평구 부개동,부상신고사고,0,0,0,2,차대차 - 측면충돌,신호위반,건조,맑음,교차로 - 교차로부근,승합,남,49세,상해없음,자전거,여,56세,부상신고
2021111900100350,2021년 11월 19일 15시,금요일,인천광역시 부평구 청천동,경상사고,0,0,1,0,차대차 - 측면충돌,안전운전불이행,건조,맑음,교차로 - 교차로안,승용,남,34세,상해없음,승용,남,57세,경상
2021111900100351,2021년 11월 19일 15시,금요일,인천광역시 남동구 만수동,경상사고,0,0,1,0,차대사람 - 기타,안전운전불이행,건조,맑음,단일로 - 기타,승용,여,30세,상해없음,보행자,남,11세,경상
2021111900100352,2021년 11월 19일 15시,금요일,인천광역시 서구 청라동,경상사고,0,0,2,0,차대차 - 측면충돌,중앙선침범,건조,맑음,단일로 - 기타,승용,여,48세,상해없음,승용,남,49세,경상
2021111900100398,2021년 11월 19일 16시,금요일,인천광역시 미추홀구 숭의동,경상사고,0,0,1,0,차대사람 - 차도통행중,안전운전불이행,건조,맑음,단일로 - 기타,승용,남,33세,상해없음,보행자,남,57세,경상
2021111900100399,2021년 11월 19일 16시,금요일,인천광역시 서구 석남동,중상사고,0,1,0,0,차대사람 - 기타,기타,건조,맑음,교차로 - 교차로안,승용,남,33세,상해없음,보행자,남,43세,중상
2021111900100460,2021년 11월 19일 17시,금요일,인천광역시 부평구 부개동,경상사고,0,0,1,0,차대차 - 측면충돌,차로위반,건조,맑음,단일로 - 기타,승용,남,36세,상해없음,승용,남,22세,경상
2021111900100571,2021년 11월 19일 19시,금요일,인천광역시 중구 운서동,경상사고,0,0,1,0,차대차 - 측면충돌,신호위반,건조,맑음,교차로 - 교차로부근,승용,남,63세,상해없음,승용,여,40세,상해없음
2021111900100572,2021년 11월 19일 19시,금요일,인천광역시 계양구 서운동,경상사고,0,0,2,0,차대차 - 측면충돌,안전거리미확보,건조,맑음,단일로 - 교량,승용,여,34세,상해없음,승용,남,51세,경상
2021111900100603,2021년 11월 19일 20시,금요일,인천광역시 부평구 십정동,경상사고,0,0,1,0,차대사람 - 횡단중,안전운전불이행,건조,맑음,교차로 - 교차로안,승용,남,64세,상해없음,보행자,여,27세,경상
2021111900100633,2021년 11월 19일 21시,금요일,인천광역시 미추홀구 주안동,부상신고사고,0,0,0,2,차대차 - 측면충돌,안전운전불이행,건조,맑음,기타 - 기타,승용,남,36세,상해없음,승용,남,33세,부상신고
2021111900100634,2021년 11월 19일 21시,금요일,인천광역시 부평구 부평동,중상사고,0,1,1,0,차대차 - 정면충돌,신호위반,건조,맑음,단일로 - 기타,승용,남,23세,상해없음,승용,여,27세,경상
2021111900100635,2021년 11월 19일 21시,금요일,인천광역시 부평구 부평동,경상사고,0,0,1,0,차대차 - 측면충돌,안전운전불이행,건조,맑음,단일로 - 기타,승용,남,30세,상해없음,승용,남,42세,경상
2021111900100636,2021년 11월 19일 21시,금요일,인천광역시 남동구 구월동,경상사고,0,0,1,0,차대차 - 측면충돌,안전운전불이행,건조,맑음,단일로 - 기타,승용,남,53세,상해없음,이륜,남,21세,경상
2021111900100637,2021년 11월 19일 21시,금요일,인천광역시 서구 심곡동,경상사고,0,0,1,0,차량단독 - 기타,안전운전불이행,건조,맑음,단일로 - 기타,승합,남,53세,상해없음,,,,
2021111900100638,2021년 11월 19일 21시,금요일,인천광역시 연수구 선학동,중상사고,0,1,0,0,차대차 - 측면충돌,교차로운행방법위반,건조,맑음,교차로 - 교차로안,승용,남,34세,상해없음,화물,남,36세,중상
2021111900100639,2021년 11월 19일 21시,금요일,인천광역시 남동구 서창동,중상사고,0,1,0,0,차대사람 - 횡단중,보행자보호의무위반,건조,맑음,교차로 - 교차로안,승용,남,45세,상해없음,보행자,여,56세,중상
2021111900100664,2021년 11월 19일 22시,금요일,인천광역시 중구 운서동,중상사고,0,1,0,0,차대차 - 정면충돌,안전거리미확보,건조,맑음,교차로 - 교차로부근,승용,여,38세,상해없음,원동기,남,26세,중상
2021112000100048,2021년 11월 20일 02시,토요일,인천광역시 서구 경서동,경상사고,0,0,1,0,차대차 - 추돌,안전운전불이행,건조,맑음,교차로 - 교차로부근,승용,남,42세,상해없음,승용,남,48세,경상
2021112000100054,2021년 11월 20일 03시,토요일,인천광역시 남동구 논현동,경상사고,0,0,1,0,차대차 - 추돌,안전거리미확보,건조,맑음,교차로 - 교차로안,승용,남,53세,상해없음,승용,남,60세,경상
2021112000100065,2021년 11월 20일 04시,토요일,인천광역시 계양구 작전동,경상사고,0,0,1,0,차대사람 - 차도통행중,안전운전불이행,건조,맑음,단일로 - 기타,이륜,남,38세,상해없음,보행자,남,22세,경상
2021112000100086,2021년 11월 20일 06시,토요일,인천광역시 미추홀구 주안동,중상사고,0,2,0,0,차대차 - 측면충돌,안전운전불이행,건조,맑음,단일로 - 기타,승용,남,76세,상해없음,승용,남,35세,중상
2021112000100152,2021년 11월 20일 10시,토요일,인천광역시 옹진군 영흥면,경상사고,0,0,1,0,차대차 - 후진중충돌,안전운전불이행,건조,맑음,기타 - 기타,승용,남,49세,상해없음,승용,남,40세,경상
2021112000100193,2021년 11월 20일 11시,토요일,인천광역시 강화군 송해면,중상사고,0,1,0,0,차대차 - 측면충돌,안전운전불이행,건조,맑음,단일로 - 지하차도(도로)내,승용,남,54세,상해없음,이륜,남,45세,중상
2021112000100261,2021년 11월 20일 13시,토요일,인천광역시 부평구 부평동,경상사고,0,0,1,0,차대차 - 측면충돌,안전운전불이행,건조,맑음,교차로 - 교차로부근,승용,여,58세,상해없음,이륜,남,25세,경상
2021112000100263,2021년 11월 20일 13시,토요일,인천광역시 강화군 교동면,중상사고,0,1,0,0,차대차 - 추돌,안전운전불이행,건조,맑음,단일로 - 지하차도(도로)내,승용,남,30세,상해없음,이륜,여,65세,중상
2021112000100264,2021년 11월 20일 13시,토요일,인천광역시 부평구 부개동,중상사고,0,1,0,0,차대사람 - 횡단중,안전운전불이행,건조,맑음,교차로 - 교차로횡단보도내,승용,남,29세,기타불명,보행자,남,56세,중상
2021112000100306,2021년 11월 20일 14시,토요일,인천광역시 남동구 간석동,경상사고,0,0,3,0,차대차 - 측면충돌,안전거리미확보,건조,맑음,단일로 - 기타,승용,남,74세,상해없음,승용,여,36세,경상
2021112000100341,2021년 11월 20일 15시,토요일,인천광역시 남동구 장수동,경상사고,0,0,2,0,차대차 - 추돌,안전거리미확보,건조,맑음,단일로 - 교량,승용,여,46세,상해없음,승용,여,44세,경상
2021112000100416,2021년 11월 20일 17시,토요일,인천광역시 부평구 십정동,경상사고,0,0,1,0,차대차 - 기타,교차로운행방법위반,건조,맑음,교차로 - 교차로안,화물,남,41세,상해없음,자전거,남,43세,경상
2021112000100457,2021년 11월 20일 18시,토요일,인천광역시 남동구 간석동,경상사고,0,0,2,0,차대차 - 추돌,안전운전불이행,건조,맑음,단일로 - 기타,화물,남,56세,상해없음,승용,남,28세,경상
2021112000100458,2021년 11월 20일 18시,토요일,인천광역시 연수구 선학동,경상사고,0,0,1,0,차대차 - 추돌,안전운전불이행,건조,맑음,교차로 - 교차로부근,승용,남,65세,상해없음,승용,남,26세,경상
2021112000100459,2021년 11월 20일 18시,토요일,인천광역시 부평구 구산동,경상사고,0,0,2,0,차대차 - 기타,안전운전불이행,건조,맑음,단일로 - 기타,승용,남,47세,상해없음,승용,남,63세,경상
2021112000100495,2021년 11월 20일 19시,토요일,인천광역시 동구 화평동,중상사고,0,1,1,0,차대차 - 추돌,안전운전불이행,건조,맑음,교차로 - 교차로부근,승용,남,61세,상해없음,승용,남,30세,경상
2021112000100496,2021년 11월 20일 19시,토요일,인천광역시 계양구 작전동,중상사고,0,1,0,0,차대사람 - 횡단중,안전운전불이행,건조,흐림,기타 - 기타,승용,남,56세,상해없음,보행자,남,63세,중상
2021112000100523,2021년 11월 20일 20시,토요일,인천광역시 서구 마전동,경상사고,0,0,1,0,차대차 - 측면충돌,안전운전불이행,건조,맑음,단일로 - 기타,승용,남,65세,상해없음,승용,여,40세,경상
2021112000100524,2021년 11월 20일 20시,토요일,인천광역시 연수구 청학동,경상사고,0,0,4,0,차대차 - 추돌,안전운전불이행,건조,맑음,교차로 - 교차로안,승용,남,54세,상해없음,승용,남,55세,경상
2021112000100546,2021년 11월 20일 21시,토요일,인천광역시 서구 왕길동,경상사고,0,0,1,0,차량단독 - 기타,안전운전불이행,건조,맑음,교차로 - 교차로안,승합,남,31세,상해없음,,,,
2021112000100547,2021년 11월 20일 21시,토요일,인천광역시 계양구 계산동,경상사고,0,0,1,0,차대차 - 기타,안전운전불이행,건조,맑음,교차로 - 교차로부근,이륜,남,22세,상해없음,이륜,남,18세,경상
2021112000100568,2021년 11월 20일 22시,토요일,인천광역시 미추홀구 주안동,경상사고,0,0,1,0,차대사람 - 차도통행중,안전운전불이행,건조,맑음,교차로 - 교차로부근,승용,남,53세,상해없음,보행자,남,42세,경상
2021112000100581,2021년 11월 20일 23시,토요일,인천광역시 남동구 만수동,경상사고,0,0,2,0,차대차 - 측면충돌,안전운전불이행,건조,맑음,교차로 - 교차로부근,승용,남,33세,상해없음,승용,남,64세,경상
2021112100100025,2021년 11월 21일 01시,일요일,인천광역시 중구 운남동,중상사고,0,2,1,0,차대차 - 추돌,기타,건조,맑음,단일로 - 기타,승용,남,31세,상해없음,승용,여,48세,경상
2021112100100067,2021년 11월 21일 07시,일요일,인천광역시 연수구 동춘동,경상사고,0,0,2,0,차대차 - 기타,차로위반,건조,맑음,단일로 - 기타,승용,남,23세,상해없음,승용,남,38세,경상
2021112100100085,2021년 11월 21일 09시,일요일,인천광역시 중구 신흥동1가,중상사고,0,1,0,0,차대차 - 측면충돌,안전운전불이행,건조,맑음,교차로 - 교차로부근,승용,남,65세,기타불명,화물,남,59세,중상
2021112100100106,2021년 11월 21일 10시,일요일,인천광역시 계양구 계산동,중상사고,0,2,0,0,차대차 - 측면충돌,신호위반,건조,맑음,교차로 - 교차로부근,승합,남,62세,상해없음,승용,남,53세,중상
2021112100100127,2021년 11월 21일 11시,일요일,인천광역시 옹진군 영흥면,경상사고,0,0,5,0,차대차 - 측면충돌,안전운전불이행,건조,맑음,단일로 - 기타,승용,남,63세,상해없음,승용,남,28세,경상
2021112100100163,2021년 11월 21일 12시,일요일,인천광역시 남동구 구월동,경상사고,0,0,1,0,차대차 - 측면충돌,안전운전불이행,건조,맑음,단일로 - 지하차도(도로)내,승용,남,35세,기타불명,이륜,남,44세,경상
2021112100100164,2021년 11월 21일 12시,일요일,인천광역시 남동구 구월동,경상사고,0,0,1,0,차대차 - 측면충돌,차로위반,건조,맑음,교차로 - 교차로부근,승용,남,65세,기타불명,승용,여,65세,경상
2021112100100191,2021년 11월 21일 13시,일요일,인천광역시 서구 마전동,중상사고,0,1,0,0,차대사람 - 기타,안전운전불이행,건조,맑음,단일로 - 기타,승용,남,58세,상해없음,보행자,남,6세,중상
2021112100100255,2021년 11월 21일 15시,일요일,인천광역시 미추홀구 용현동,경상사고,0,0,1,0,차대차 - 기타,안전거리미확보,건조,맑음,단일로 - 기타,화물,남,69세,상해없음,이륜,남,39세,경상
2021112100100256,2021년 11월 21일 15시,일요일,인천광역시 미추홀구 주안동,경상사고,0,0,2,0,차대차 - 추돌,안전운전불이행,건조,맑음,교차로 - 교차로안,승용,남,76세,상해없음,승용,남,77세,경상
2021112100100257,2021년 11월 21일 15시,일요일,인천광역시 계양구 계산동,경상사고,0,0,1,0,차대사람 - 횡단중,신호위반,건조,맑음,교차로 - 교차로횡단보도내,이륜,남,44세,상해없음,보행자,남,3세,경상
2021112100100258,2021년 11월 21일 15시,일요일,인천광역시 계양구 계산동,경상사고,0,0,2,0,차대차 - 측면충돌,안전운전불이행,건조,맑음,교차로 - 교차로안,승용,여,64세,상해없음,승용,여,45세,경상
2021112100100429,2021년 11월 21일 20시,일요일,인천광역시 미추홀구 숭의동,중상사고,0,1,0,0,차대사람 - 횡단중,안전운전불이행,건조,맑음,교차로 - 교차로안,이륜,남,53세,상해없음,보행자,여,60세,중상
2021112100100483,2021년 11월 21일 22시,일요일,인천광역시 부평구 십정동,경상사고,0,0,1,0,차대사람 - 차도통행중,안전운전불이행,젖음/습기,비,교차로 - 교차로부근,승용,남,28세,상해없음,보행자,남,40세,경상
2021112100100484,2021년 11월 21일 22시,일요일,인천광역시 서구 경서동,경상사고,0,0,1,0,차대차 - 기타,안전운전불이행,젖음/습기,비,교차로 - 교차로안,기타불명,기타불명,미분류,기타불명,승용,남,24세,경상
2021112200100015,2021년 11월 22일 00시,월요일,인천광역시 부평구 부평동,경상사고,0,0,1,0,차대차 - 기타,안전운전불이행,젖음/습기,비,단일로 - 기타,이륜,남,32세,경상,승용,남,64세,상해없음
2021112200100034,2021년 11월 22일 02시,월요일,인천광역시 부평구 갈산동,경상사고,0,0,1,0,차대차 - 기타,안전운전불이행,젖음/습기,흐림,교차로 - 교차로부근,승용,남,27세,기타불명,이륜,남,39세,경상
2021112200100075,2021년 11월 22일 06시,월요일,인천광역시 남동구 만수동,경상사고,0,0,1,0,차대사람 - 횡단중,보행자보호의무위반,건조,맑음,교차로 - 교차로부근,승용,남,50세,상해없음,보행자,남,69세,경상
2021112200100076,2021년 11월 22일 06시,월요일,인천광역시 남동구 만수동,부상신고사고,0,0,0,2,차대차 - 추돌,안전운전불이행,건조,맑음,단일로 - 기타,승용,남,43세,상해없음,승용,남,34세,부상신고
2021112200100130,2021년 11월 22일 08시,월요일,인천광역시 강화군 강화읍,경상사고,0,0,1,0,차대차 - 측면충돌,안전운전불이행,건조,맑음,교차로 - 교차로안,승용,남,66세,상해없음,승용,여,38세,경상
2021112200100154,2021년 11월 22일 09시,월요일,인천광역시 부평구 부평동,중상사고,0,1,0,0,차량단독 - 공작물충돌,안전운전불이행,건조,맑음,교차로 - 교차로부근,승합,남,56세,상해없음,,,,
2021112200100176,2021년 11월 22일 10시,월요일,인천광역시 중구 신흥동3가,경상사고,0,0,1,0,차대차 - 측면충돌,교차로운행방법위반,건조,맑음,교차로 - 교차로부근,화물,남,53세,상해없음,승용,여,58세,경상
2021112200100177,2021년 11월 22일 10시,월요일,인천광역시 미추홀구 용현동,경상사고,0,0,1,0,차대차 - 정면충돌,안전운전불이행,건조,맑음,교차로 - 교차로안,승용,여,38세,상해없음,승용,남,62세,경상
2021112200100260,2021년 11월 22일 12시,월요일,인천광역시 연수구 동춘동,경상사고,0,0,1,0,차대차 - 측면충돌,안전거리미확보,건조,맑음,교차로 - 교차로부근,승용,남,31세,상해없음,승용,여,45세,경상
2021112200100283,2021년 11월 22일 13시,월요일,인천광역시 부평구 일신동,경상사고,0,0,1,0,차대차 - 측면충돌,안전운전불이행,건조,맑음,단일로 - 기타,승용,남,50세,상해없음,승용,남,60세,경상
2021112200100338,2021년 11월 22일 14시,월요일,인천광역시 강화군 하점면,경상사고,0,0,1,0,차대차 - 측면충돌,안전운전불이행,건조,맑음,단일로 - 지하차도(도로)내,승용,남,59세,상해없음,화물,남,69세,경상
2021112200100339,2021년 11월 22일 14시,월요일,인천광역시 연수구 송도동,경상사고,0,0,1,0,차대차 - 측면충돌,안전운전불이행,건조,맑음,교차로 - 교차로안,승용,여,49세,상해없음,이륜,남,54세,경상