사고번호,사고일시,요일,시군구,사고내용,사망자수,중상자수,경상자수,부상신고자수,사고유형,법규위반,노면상태,기상상태,도로형태,가해운전자 차종,가해운전자 성별,가해운전자 연령,가해운전자 상해정도,피해운전자 차종,피해운전자 성별,피해운전자 연령,피해운전자 상해정도
2021112200100340,2021년 11월 22일 14시,월요일,인천광역시 부평구 삼산동,경상사고,0,0,1,0,차대차 - 기타,신호위반,건조,맑음,기타 - 기타,승용,여,33세,상해없음,승용,여,35세,경상
2021112200100341,2021년 11월 22일 14시,월요일,인천광역시 남동구 논현동,경상사고,0,0,1,0,차대차 - 측면충돌,교차로운행방법위반,건조,맑음,교차로 - 교차로안,자전거,남,11세,상해없음,승용,여,35세,경상
2021112200100342,2021년 11월 22일 14시,월요일,인천광역시 중구 신흥동1가,경상사고,0,0,2,0,차대차 - 기타,안전운전불이행,건조,맑음,단일로 - 기타,화물,남,51세,상해없음,화물,남,24세,경상
2021112200100369,2021년 11월 22일 15시,월요일,인천광역시 중구 항동7가,경상사고,0,0,2,0,차대차 - 측면충돌,안전운전불이행,건조,맑음,교차로 - 교차로부근,승용,남,75세,기타불명,화물,남,54세,경상
2021112200100370,2021년 11월 22일 15시,월요일,인천광역시 서구 경서동,경상사고,0,0,2,0,차대차 - 기타,신호위반,건조,맑음,교차로 - 교차로안,승용,남,24세,상해없음,화물,남,28세,경상
2021112200100444,2021년 11월 22일 17시,월요일,인천광역시 중구 운서동,경상사고,0,0,1,0,차대차 - 정면충돌,안전운전불이행,건조,맑음,교차로 - 교차로안,승용,남,38세,상해없음,승용,남,33세,경상
2021112200100445,2021년 11월 22일 17시,월요일,인천광역시 미추홀구 용현동,경상사고,0,0,1,0,차대차 - 측면충돌,교차로운행방법위반,건조,맑음,교차로 - 교차로안,승용,여,63세,상해없음,승용,남,35세,경상
2021112200100505,2021년 11월 22일 18시,월요일,인천광역시 연수구 옥련동,중상사고,0,1,0,0,차대차 - 추돌,기타,건조,맑음,단일로 - 교량,승용,남,36세,상해없음,이륜,남,50세,중상
2021112200100563,2021년 11월 22일 20시,월요일,인천광역시 미추홀구 학익동,경상사고,0,0,1,0,차대차 - 정면충돌,신호위반,건조,맑음,교차로 - 교차로부근,승용,남,45세,상해없음,이륜,남,20세,경상
2021112200100577,2021년 11월 22일 21시,월요일,인천광역시 서구 가좌동,경상사고,0,0,1,0,차대차 - 추돌,안전운전불이행,건조,맑음,교차로 - 교차로부근,승용,남,33세,상해없음,승용,남,71세,경상
2021112200100602,2021년 11월 22일 22시,월요일,인천광역시 중구 운서동,경상사고,0,0,2,0,차대차 - 측면충돌,안전거리미확보,건조,맑음,교차로 - 교차로부근,특수,남,62세,상해없음,승용,남,48세,경상
2021112300100020,2021년 11월 23일 01시,화요일,인천광역시 남동구 구월동,경상사고,0,0,1,0,차대사람 - 기타,안전운전불이행,건조,맑음,교차로 - 교차로안,승용,남,31세,상해없음,보행자,남,25세,경상
2021112300100028,2021년 11월 23일 02시,화요일,인천광역시 남동구 운연동,중상사고,0,1,1,0,차대차 - 추돌,안전운전불이행,건조,맑음,단일로 - 기타,승용,여,35세,상해없음,승용,남,61세,경상
2021112300100032,2021년 11월 23일 03시,화요일,인천광역시 서구 가좌동,경상사고,0,0,1,0,차대사람 - 차도통행중,안전운전불이행,건조,맑음,단일로 - 기타,승용,남,32세,상해없음,보행자,남,60세,경상
2021112300100071,2021년 11월 23일 07시,화요일,인천광역시 서구 원당동,경상사고,0,0,2,0,차대차 - 측면충돌,안전운전불이행,건조,맑음,교차로 - 교차로부근,건설기계,남,58세,경상,승용,여,42세,경상
2021112300100144,2021년 11월 23일 09시,화요일,인천광역시 중구 신흥동3가,경상사고,0,0,1,0,차대차 - 측면충돌,안전거리미확보,건조,맑음,교차로 - 교차로부근,화물,남,66세,상해없음,승용,남,24세,경상
2021112300100145,2021년 11월 23일 09시,화요일,인천광역시 부평구 삼산동,경상사고,0,0,2,0,차대차 - 측면충돌,차로위반,건조,맑음,단일로 - 기타,승합,남,49세,상해없음,승용,남,52세,상해없음
2021112300100146,2021년 11월 23일 09시,화요일,인천광역시 미추홀구 문학동,사망사고,1,1,0,0,차대차 - 추돌,안전운전불이행,건조,맑음,단일로 - 기타,승용,남,52세,사망,승용,남,41세,중상
2021112300100212,2021년 11월 23일 11시,화요일,인천광역시 남동구 간석동,경상사고,0,0,1,0,차대차 - 측면충돌,신호위반,건조,맑음,교차로 - 교차로안,이륜,남,22세,경상,화물,남,63세,상해없음
2021112300100265,2021년 11월 23일 13시,화요일,인천광역시 미추홀구 숭의동,중상사고,0,1,0,0,차대차 - 측면충돌,기타,건조,맑음,단일로 - 기타,승용,남,61세,상해없음,이륜,남,40세,중상
2021112300100297,2021년 11월 23일 14시,화요일,인천광역시 남동구 간석동,경상사고,0,0,1,0,차대사람 - 기타,안전운전불이행,건조,맑음,단일로 - 기타,승용,남,69세,상해없음,보행자,남,39세,경상
2021112300100298,2021년 11월 23일 14시,화요일,인천광역시 서구 경서동,경상사고,0,0,1,0,차대차 - 측면충돌,안전운전불이행,건조,맑음,단일로 - 기타,화물,남,55세,상해없음,승용,여,60세,경상
2021112300100323,2021년 11월 23일 15시,화요일,인천광역시 서구 청라동,중상사고,0,1,0,0,차대차 - 측면충돌,안전운전불이행,건조,맑음,단일로 - 기타,이륜,남,48세,중상,승용,여,31세,상해없음
2021112300100408,2021년 11월 23일 17시,화요일,인천광역시 동구 만석동,경상사고,0,0,1,0,차대차 - 추돌,안전운전불이행,젖음/습기,흐림,단일로 - 기타,승용,남,36세,상해없음,승용,여,24세,경상
2021112300100409,2021년 11월 23일 17시,화요일,인천광역시 미추홀구 주안동,경상사고,0,0,1,0,차대차 - 측면충돌,차로위반,건조,맑음,교차로 - 교차로부근,승용,여,38세,상해없음,승용,남,54세,경상
2021112300100410,2021년 11월 23일 17시,화요일,인천광역시 부평구 일신동,경상사고,0,0,3,0,차대차 - 측면충돌,안전거리미확보,건조,맑음,단일로 - 기타,승용,남,64세,상해없음,화물,남,61세,경상
2021112300100466,2021년 11월 23일 18시,화요일,인천광역시 미추홀구 주안동,부상신고사고,0,0,0,1,차대사람 - 기타,기타,건조,맑음,단일로 - 기타,기타불명,기타불명,미분류,기타불명,보행자,남,63세,부상신고
2021112300100467,2021년 11월 23일 18시,화요일,인천광역시 계양구 계산동,경상사고,0,0,1,0,차대차 - 측면충돌,안전운전불이행,건조,맑음,교차로 - 교차로안,승용,여,51세,기타불명,승용,남,26세,경상
2021112300100468,2021년 11월 23일 18시,화요일,인천광역시 부평구 구산동,경상사고,0,0,1,0,차대차 - 기타,안전운전불이행,건조,맑음,단일로 - 기타,승용,남,66세,상해없음,승용,남,29세,경상
2021112300100508,2021년 11월 23일 19시,화요일,인천광역시 미추홀구 학익동,경상사고,0,0,2,0,차대차 - 기타,중앙선침범,건조,맑음,기타 - 기타,승용,남,65세,상해없음,승용,남,50세,경상
2021112300100509,2021년 11월 23일 19시,화요일,인천광역시 부평구 청천동,경상사고,0,0,1,0,차대사람 - 보도통행중,기타,건조,맑음,기타 - 기타,자전거,남,48세,상해없음,보행자,여,57세,경상
2021112300100538,2021년 11월 23일 20시,화요일,인천광역시 중구 중산동,중상사고,0,1,0,0,차대차 - 추돌,안전운전불이행,건조,맑음,교차로 - 교차로부근,승용,남,39세,상해없음,이륜,남,41세,중상
2021112300100578,2021년 11월 23일 22시,화요일,인천광역시 미추홀구 숭의동,부상신고사고,0,0,0,1,차대차 - 추돌,안전운전불이행,건조,맑음,교차로 - 교차로부근,승용,남,39세,상해없음,승용,남,62세,부상신고
2021112300100579,2021년 11월 23일 22시,화요일,인천광역시 계양구 계산동,경상사고,0,0,2,0,차대차 - 추돌,안전운전불이행,건조,맑음,교차로 - 교차로부근,승용,남,60세,상해없음,승용,남,39세,경상
2021112300100599,2021년 11월 23일 23시,화요일,인천광역시 계양구 임학동,중상사고,0,2,0,0,차대차 - 기타,중앙선침범,건조,맑음,단일로 - 기타,승용,남,23세,상해없음,승용,남,24세,중상
2021112400100103,2021년 11월 24일 08시,수요일,인천광역시 남동구 논현동,경상사고,0,0,1,0,차대차 - 측면충돌,교차로운행방법위반,건조,맑음,교차로 - 교차로안,승용,남,33세,상해없음,승합,남,40세,경상
2021112400100157,2021년 11월 24일 10시,수요일,인천광역시 서구 검암동,경상사고,0,0,1,0,차대차 - 추돌,안전운전불이행,건조,맑음,교차로 - 교차로안,화물,남,88세,경상,승용,여,55세,상해없음
2021112400100222,2021년 11월 24일 12시,수요일,인천광역시 남동구 구월동,부상신고사고,0,0,0,2,차대차 - 추돌,안전운전불이행,건조,맑음,교차로 - 교차로부근,승용,남,52세,상해없음,승용,남,24세,부상신고
2021112400100343,2021년 11월 24일 16시,수요일,인천광역시 남동구 간석동,경상사고,0,0,1,0,차대차 - 측면충돌,신호위반,건조,맑음,교차로 - 교차로안,승용,남,71세,상해없음,승용,남,35세,경상
2021112400100344,2021년 11월 24일 16시,수요일,인천광역시 남동구 도림동,경상사고,0,0,2,0,차대차 - 측면충돌,안전거리미확보,건조,맑음,단일로 - 기타,승용,남,62세,기타불명,승용,남,46세,경상
2021112400100382,2021년 11월 24일 17시,수요일,인천광역시 남동구 고잔동,경상사고,0,0,1,0,차대차 - 측면충돌,안전운전불이행,건조,맑음,교차로 - 교차로안,승용,남,28세,상해없음,승용,여,52세,경상
2021112400100458,2021년 11월 24일 18시,수요일,인천광역시 미추홀구 문학동,경상사고,0,0,1,1,차대사람 - 차도통행중,안전운전불이행,건조,맑음,단일로 - 지하차도(도로)내,승합,남,58세,상해없음,보행자,여,81세,부상신고
2021112400100497,2021년 11월 24일 19시,수요일,인천광역시 서구 당하동,중상사고,0,1,0,0,차대차 - 측면충돌,안전운전불이행,건조,맑음,교차로 - 교차로부근,승용,남,32세,상해없음,이륜,남,50세,중상
2021112400100498,2021년 11월 24일 19시,수요일,인천광역시 계양구 계산동,경상사고,0,0,1,0,차대차 - 측면충돌,교차로운행방법위반,건조,맑음,교차로 - 교차로부근,화물,남,56세,상해없음,승용,여,52세,경상
2021112400100522,2021년 11월 24일 20시,수요일,인천광역시 부평구 청천동,경상사고,0,0,2,0,차대차 - 추돌,안전운전불이행,건조,맑음,단일로 - 기타,승용,남,37세,상해없음,승용,여,33세,경상
2021112400100523,2021년 11월 24일 20시,수요일,인천광역시 남동구 남촌동,중상사고,0,1,0,0,차대차 - 측면충돌,중앙선침범,건조,맑음,단일로 - 지하차도(도로)내,승용,남,37세,상해없음,승용,남,75세,상해없음
2021112500100037,2021년 11월 25일 03시,목요일,인천광역시 서구 신현동,경상사고,0,0,1,0,차대차 - 추돌,안전운전불이행,건조,맑음,교차로 - 교차로부근,승용,남,27세,상해없음,화물,남,41세,경상
2021112500100067,2021년 11월 25일 06시,목요일,인천광역시 중구 중산동,사망사고,1,0,0,0,차대차 - 측면충돌,안전운전불이행,건조,맑음,교차로 - 교차로부근,승합,남,48세,상해없음,자전거,남,78세,사망
2021112500100068,2021년 11월 25일 06시,목요일,인천광역시 남동구 만수동,중상사고,0,1,0,0,차대차 - 측면충돌,신호위반,젖음/습기,흐림,교차로 - 교차로안,화물,남,41세,상해없음,승용,여,63세,중상
2021112500100085,2021년 11월 25일 07시,목요일,인천광역시 미추홀구 도화동,경상사고,0,0,1,0,차대차 - 추돌,안전운전불이행,건조,맑음,단일로 - 기타,승용,남,17세,상해없음,화물,남,52세,경상
2021112500100194,2021년 11월 25일 10시,목요일,인천광역시 서구 당하동,경상사고,0,0,1,0,차대차 - 추돌,안전운전불이행,건조,맑음,단일로 - 기타,승용,남,66세,상해없음,승용,여,52세,경상
2021112500100292,2021년 11월 25일 13시,목요일,인천광역시 부평구 십정동,경상사고,0,0,1,0,차대사람 - 차도통행중,안전운전불이행,건조,맑음,단일로 - 기타,승용,남,71세,기타불명,보행자,남,11세,경상
2021112500100293,2021년 11월 25일 13시,목요일,인천광역시 부평구 청천동,경상사고,0,0,1,0,차대차 - 후진중충돌,안전운전불이행,건조,맑음,기타 - 기타,승용,여,23세,상해없음,승용,남,30세,경상
2021112500100294,2021년 11월 25일 13시,목요일,인천광역시 계양구 작전동,경상사고,0,0,1,0,차대차 - 측면충돌,불법유턴,건조,맑음,교차로 - 교차로부근,화물,여,47세,상해없음,승용,여,31세,경상
2021112500100347,2021년 11월 25일 14시,목요일,인천광역시 남동구 간석동,경상사고,0,0,1,0,차대차 - 기타,안전운전불이행,건조,맑음,기타 - 기타,화물,남,46세,상해없음,자전거,남,55세,경상
2021112500100384,2021년 11월 25일 15시,목요일,인천광역시 서구 심곡동,경상사고,0,0,1,0,차량단독 - 기타,안전운전불이행,건조,맑음,단일로 - 기타,승합,여,53세,상해없음,,,,
2021112500100385,2021년 11월 25일 15시,목요일,인천광역시 서구 마전동,경상사고,0,0,1,0,차대차 - 측면충돌,안전운전불이행,건조,맑음,교차로 - 교차로안,승용,여,56세,상해없음,원동기,남,43세,경상
2021112500100429,2021년 11월 25일 16시,목요일,인천광역시 부평구 청천동,중상사고,0,1,0,0,차대차 - 측면충돌,안전운전불이행,건조,맑음,교차로 - 교차로안,승용,남,24세,상해없음,이륜,남,27세,중상
2021112500100430,2021년 11월 25일 16시,목요일,인천광역시 계양구 용종동,경상사고,0,0,1,0,차대차 - 추돌,안전운전불이행,건조,맑음,단일로 - 기타,승용,남,84세,상해없음,승용,여,46세,경상
2021112500100431,2021년 11월 25일 16시,목요일,인천광역시 남동구 서창동,경상사고,0,0,1,0,차대차 - 측면충돌,신호위반,건조,맑음,단일로 - 기타,승용,남,35세,상해없음,승용,여,38세,경상
2021112500100484,2021년 11월 25일 17시,목요일,인천광역시 강화군 강화읍,중상사고,0,1,0,0,차대사람 - 길가장자리구역통행중,안전운전불이행,건조,맑음,단일로 - 지하차도(도로)내,화물,남,65세,상해없음,보행자,남,9세,중상
2021112500100539,2021년 11월 25일 18시,목요일,인천광역시 서구 가좌동,경상사고,0,0,1,0,차대차 - 추돌,안전운전불이행,건조,맑음,단일로 - 기타,승용,남,52세,상해없음,승용,남,41세,경상
2021112500100585,2021년 11월 25일 19시,목요일,인천광역시 남동구 간석동,경상사고,0,0,1,0,차대차 - 기타,교차로운행방법위반,건조,맑음,교차로 - 교차로안,승용,남,41세,상해없음,이륜,남,23세,경상
2021112500100609,2021년 11월 25일 20시,목요일,인천광역시 남동구 만수동,중상사고,0,1,1,0,차대사람 - 횡단중,보행자보호의무위반,건조,맑음,단일로 - 기타,승용,남,58세,상해없음,보행자,여,21세,경상
2021112500100610,2021년 11월 25일 20시,목요일,인천광역시 강화군 강화읍,경상사고,0,0,1,0,차대사람 - 길가장자리구역통행중,안전운전불이행,건조,흐림,단일로 - 지하차도(도로)내,화물,남,42세,상해없음,보행자,남,26세,경상
2021112500100611,2021년 11월 25일 20시,목요일,인천광역시 연수구 옥련동,경상사고,0,0,1,0,차대차 - 측면충돌,안전거리미확보,건조,맑음,교차로 - 교차로부근,승용,남,77세,상해없음,승용,여,30세,경상
2021112500100675,2021년 11월 25일 23시,목요일,인천광역시 서구 청라동,경상사고,0,0,1,0,차대차 - 정면충돌,교차로운행방법위반,건조,맑음,교차로 - 교차로안,승용,남,38세,경상,승용,여,42세,상해없음
2021112500100676,2021년 11월 25일 23시,목요일,인천광역시 남동구 논현동,경상사고,0,0,1,0,차대차 - 측면충돌,안전운전불이행,건조,맑음,단일로 - 교량,승용,남,36세,상해없음,승용,남,47세,경상
2021112600100024,2021년 11월 26일 01시,금요일,인천광역시 미추홀구 도화동,중상사고,0,1,0,0,차대차 - 기타,안전운전불이행,건조,맑음,교차로 - 교차로부근,승용,남,61세,상해없음,승용,남,39세,중상
2021112600100025,2021년 11월 26일 01시,금요일,인천광역시 계양구 장기동,경상사고,0,0,1,0,차대차 - 추돌,안전운전불이행,건조,맑음,교차로 - 교차로부근,승용,남,39세,상해없음,승용,남,40세,경상
2021112600100040,2021년 11월 26일 03시,금요일,인천광역시 남동구 남촌동,중상사고,0,1,0,0,차대차 - 정면충돌,신호위반,건조,맑음,교차로 - 교차로안,승용,남,25세,상해없음,승용,여,46세,중상
2021112600100098,2021년 11월 26일 07시,금요일,인천광역시 서구 청라동,경상사고,0,0,1,0,차대차 - 기타,안전운전불이행,건조,맑음,교차로 - 교차로안,승용,여,55세,상해없음,승용,여,61세,경상
2021112600100099,2021년 11월 26일 07시,금요일,인천광역시 남동구 수산동,경상사고,0,0,2,0,차대차 - 측면충돌,차로위반,건조,맑음,단일로 - 기타,승용,남,52세,상해없음,승합,남,52세,경상
2021112600100186,2021년 11월 26일 09시,금요일,인천광역시 서구 심곡동,중상사고,0,1,0,0,차대사람 - 기타,안전운전불이행,건조,맑음,교차로 - 교차로부근,승용,남,50세,상해없음,보행자,남,72세,중상
2021112600100187,2021년 11월 26일 09시,금요일,인천광역시 서구 심곡동,경상사고,0,0,2,0,차대차 - 측면충돌,안전운전불이행,건조,맑음,교차로 - 교차로안,승용,남,40세,상해없음,승용,여,46세,경상
2021112600100291,2021년 11월 26일 12시,금요일,인천광역시 계양구 임학동,경상사고,0,0,1,0,차대사람 - 차도통행중,안전운전불이행,건조,맑음,단일로 - 기타,승용,남,60세,상해없음,보행자,남,47세,경상
2021112600100360,2021년 11월 26일 14시,금요일,인천광역시 부평구 청천동,경상사고,0,0,1,0,차대차 - 측면충돌,교차로운행방법위반,건조,맑음,교차로 - 교차로부근,승용,여,30세,상해없음,승용,남,22세,경상
2021112600100361,2021년 11월 26일 14시,금요일,인천광역시 부평구 부평동,경상사고,0,0,1,0,차대차 - 추돌,안전운전불이행,건조,맑음,단일로 - 기타,승용,남,36세,상해없음,승용,여,38세,경상
2021112600100447,2021년 11월 26일 16시,금요일,인천광역시 미추홀구 관교동,경상사고,0,0,1,0,차대사람 - 횡단중,안전운전불이행,건조,맑음,교차로 - 교차로횡단보도내,승용,남,60세,상해없음,보행자,여,27세,경상
2021112600100448,2021년 11월 26일 16시,금요일,인천광역시 남동구 고잔동,경상사고,0,0,1,0,차대차 - 측면충돌,안전운전불이행,건조,맑음,교차로 - 교차로안,승용,남,61세,상해없음,승용,여,60세,경상
2021112600100522,2021년 11월 26일 17시,금요일,인천광역시 남동구 간석동,중상사고,0,1,0,0,차대차 - 측면충돌,신호위반,건조,맑음,교차로 - 교차로부근,화물,남,31세,상해없음,이륜,남,51세,중상
2021112600100523,2021년 11월 26일 17시,금요일,인천광역시 서구 불로동,경상사고,0,0,2,0,차대차 - 추돌,안전운전불이행,건조,맑음,교차로 - 교차로부근,이륜,남,53세,경상,승합,남,60세,경상
2021112600100585,2021년 11월 26일 18시,금요일,인천광역시 옹진군 영흥면,경상사고,0,0,1,0,차대차 - 정면충돌,안전운전불이행,건조,맑음,교차로 - 교차로안,승용,남,62세,상해없음,승용,남,39세,경상
2021112600100587,2021년 11월 26일 18시,금요일,인천광역시 남동구 서창동,중상사고,0,1,0,0,차대차 - 측면충돌,교차로운행방법위반,건조,맑음,교차로 - 교차로안,승용,남,32세,상해없음,이륜,남,18세,중상
2021112600100643,2021년 11월 26일 19시,금요일,인천광역시 서구 청라동,경상사고,0,0,2,0,차대차 - 기타,안전운전불이행,건조,맑음,단일로 - 기타,승용,남,47세,상해없음,이륜,남,23세,경상
2021112600100676,2021년 11월 26일 20시,금요일,인천광역시 미추홀구 학익동,경상사고,0,0,1,0,차대차 - 기타,안전거리미확보,건조,맑음,단일로 - 기타,승용,남,64세,상해없음,승용,남,22세,경상
2021112600100704,2021년 11월 26일 21시,금요일,인천광역시 서구 석남동,부상신고사고,0,0,0,1,차대차 - 후진중충돌,안전운전불이행,건조,맑음,단일로 - 기타,승용,남,70세,상해없음,이륜,남,23세,부상신고
2021112600100705,2021년 11월 26일 21시,금요일,인천광역시 남동구 만수동,경상사고,0,0,1,0,차대차 - 측면충돌,교차로운행방법위반,건조,맑음,교차로 - 교차로안,승용,남,56세,상해없음,이륜,남,67세,경상
2021112600100724,2021년 11월 26일 22시,금요일,인천광역시 서구 당하동,경상사고,0,0,3,0,차대차 - 정면충돌,중앙선침범,건조,맑음,교차로 - 교차로부근,승용,남,56세,상해없음,승용,남,35세,경상
2021112600100746,2021년 11월 26일 23시,금요일,인천광역시 부평구 청천동,경상사고,0,0,1,0,차대차 - 추돌,안전운전불이행,건조,맑음,교차로 - 교차로부근,승용,남,50세,상해없음,승합,남,58세,경상
2021112600100747,2021년 11월 26일 23시,금요일,인천광역시 서구 마전동,경상사고,0,0,1,0,차대사람 - 기타,안전운전불이행,건조,맑음,교차로 - 교차로안,이륜,남,19세,경상,보행자,여,22세,상해없음
2021112700100013,2021년 11월 27일 00시,토요일,인천광역시 동구 화평동,중상사고,0,1,1,0,차대차 - 정면충돌,안전운전불이행,건조,맑음,교차로 - 교차로안,승용,남,25세,상해없음,승용,남,63세,중상
2021112700100047,2021년 11월 27일 04시,토요일,인천광역시 미추홀구 주안동,부상신고사고,0,0,0,1,차대사람 - 기타,안전운전불이행,건조,맑음,단일로 - 기타,승용,남,31세,상해없음,보행자,남,41세,부상신고
2021112700100054,2021년 11월 27일 05시,토요일,인천광역시 중구 경동,경상사고,0,0,1,0,차대차 - 정면충돌,중앙선침범,건조,맑음,교차로 - 교차로안,승용,남,56세,상해없음,자전거,남,49세,경상
2021112700100063,2021년 11월 27일 06시,토요일,인천광역시 계양구 계산동,중상사고,0,1,0,0,차대차 - 측면충돌,기타,건조,맑음,단일로 - 기타,승용,남,56세,상해없음,자전거,남,62세,중상
2021112700100076,2021년 11월 27일 07시,토요일,인천광역시 부평구 부평동,경상사고,0,0,1,0,차대차 - 기타,안전운전불이행,건조,맑음,교차로 - 교차로안,승용,남,59세,상해없음,승용,남,56세,경상
2021112700100185,2021년 11월 27일 11시,토요일,인천광역시 남동구 만수동,경상사고,0,0,1,0,차대차 - 후진중충돌,안전운전불이행,건조,맑음,교차로 - 교차로부근,승용,남,30세,상해없음,승용,남,64세,경상
2021112700100227,2021년 11월 27일 12시,토요일,인천광역시 미추홀구 주안동,부상신고사고,0,0,0,1,차대차 - 측면충돌,안전운전불이행,건조,맑음,교차로 - 교차로안,건설기계,남,59세,상해없음,이륜,남,38세,부상신고
2021112700100228,2021년 11월 27일 12시,토요일,인천광역시 남동구 만수동,경상사고,0,0,1,0,차대사람 - 횡단중,보행자보호의무위반,건조,맑음,교차로 - 교차로횡단보도내,승용,남,49세,상해없음,보행자,여,25세,경상
2021112700100229,2021년 11월 27일 12시,토요일,인천광역시 서구 검암동,중상사고,0,1,0,0,차대차 - 측면충돌,안전운전불이행,건조,맑음,단일로 - 기타,승용,여,47세,상해없음,이륜,남,44세,중상
2021112700100356,2021년 11월 27일 15시,토요일,인천광역시 미추홀구 용현동,경상사고,0,0,1,0,차대차 - 측면충돌,신호위반,건조,맑음,교차로 - 교차로부근,승용,남,62세,상해없음,승용,여,47세,경상
2021112700100394,2021년 11월 27일 16시,토요일,인천광역시 동구 송림동,경상사고,0,0,2,0,차대차 - 측면충돌,안전운전불이행,건조,맑음,단일로 - 기타,화물,남,64세,상해없음,승용,남,31세,경상
2021112700100438,2021년 11월 27일 17시,토요일,인천광역시 서구 석남동,경상사고,0,0,2,0,차대차 - 기타,안전운전불이행,건조,맑음,기타 - 기타,화물,남,54세,상해없음,승용,남,56세,경상
2021112700100487,2021년 11월 27일 18시,토요일,인천광역시 미추홀구 주안동,경상사고,0,0,1,0,차대사람 - 횡단중,보행자보호의무위반,건조,맑음,교차로 - 교차로안,승용,여,55세,상해없음,보행자,여,34세,경상
2021112700100531,2021년 11월 27일 19시,토요일,인천광역시 연수구 송도동,경상사고,0,0,1,0,차대차 - 측면충돌,중앙선침범,건조,맑음,교차로 - 교차로부근,승용,여,45세,상해없음,이륜,남,35세,경상
2021112700100532,2021년 11월 27일 19시,토요일,인천광역시 연수구 송도동,경상사고,0,0,1,0,차대차 - 추돌,안전거리미확보,건조,맑음,교차로 - 교차로부근,이륜,남,31세,상해없음,이륜,남,39세,경상
2021112700100553,2021년 11월 27일 20시,토요일,인천광역시 남동구 논현동,경상사고,0,0,4,0,차대차 - 정면충돌,신호위반,건조,맑음,교차로 - 교차로안,승용,남,56세,상해없음,승용,남,31세,경상
2021112800100015,2021년 11월 28일 00시,일요일,인천광역시 부평구 십정동,경상사고,0,0,3,0,차대차 - 추돌,차로위반,건조,맑음,단일로 - 기타,승용,남,68세,상해없음,승용,남,40세,경상
2021112800100038,2021년 11월 28일 02시,일요일,인천광역시 남동구 간석동,경상사고,0,0,1,0,차대차 - 정면충돌,중앙선침범,건조,맑음,교차로 - 교차로부근,승용,남,29세,상해없음,승용,남,66세,경상
2021112800100039,2021년 11월 28일 02시,일요일,인천광역시 남동구 논현동,경상사고,0,0,1,0,차대차 - 측면충돌,안전운전불이행,건조,맑음,교차로 - 교차로부근,승용,남,24세,상해없음,승용,남,59세,경상
2021112800100095,2021년 11월 28일 09시,일요일,인천광역시 미추홀구 도화동,부상신고사고,0,0,0,1,차대사람 - 보도통행중,안전운전불이행,건조,맑음,단일로 - 기타,승용,남,65세,기타불명,보행자,남,72세,부상신고
2021112800100096,2021년 11월 28일 09시,일요일,인천광역시 부평구 십정동,경상사고,0,0,2,0,차대차 - 측면충돌,안전운전불이행,건조,맑음,교차로 - 교차로부근,승합,남,53세,경상,승용,여,48세,상해없음
2021112800100151,2021년 11월 28일 11시,일요일,인천광역시 미추홀구 주안동,부상신고사고,0,0,0,1,차대사람 - 보도통행중,안전운전불이행,건조,맑음,기타 - 기타,승용,남,77세,상해없음,보행자,남,60세,부상신고
2021112800100152,2021년 11월 28일 11시,일요일,인천광역시 서구 연희동,경상사고,0,0,1,0,차대차 - 정면충돌,신호위반,건조,맑음,교차로 - 교차로안,승용,남,73세,상해없음,승용,남,30세,경상
2021112800100212,2021년 11월 28일 13시,일요일,인천광역시 서구 검암동,경상사고,0,0,1,0,차대차 - 추돌,안전운전불이행,건조,맑음,단일로 - 기타,승용,여,64세,상해없음,이륜,남,28세,경상
2021112800100245,2021년 11월 28일 14시,일요일,인천광역시 미추홀구 주안동,경상사고,0,0,1,0,차대차 - 기타,중앙선침범,건조,맑음,단일로 - 기타,승용,남,63세,상해없음,이륜,남,33세,경상
2021112800100246,2021년 11월 28일 14시,일요일,인천광역시 미추홀구 도화동,중상사고,0,1,0,0,차량단독 - 기타,안전운전불이행,건조,맑음,단일로 - 기타,승합,남,52세,상해없음,,,,
2021112800100367,2021년 11월 28일 18시,일요일,인천광역시 부평구 부평동,경상사고,0,0,1,0,차대사람 - 기타,안전운전불이행,건조,맑음,단일로 - 기타,이륜,남,31세,상해없음,보행자,남,29세,경상
2021112800100368,2021년 11월 28일 18시,일요일,인천광역시 부평구 부평동,경상사고,0,0,1,0,차대차 - 측면충돌,안전운전불이행,건조,맑음,교차로 - 교차로안,승용,여,32세,상해없음,승용,남,25세,경상
2021112800100429,2021년 11월 28일 20시,일요일,인천광역시 남동구 구월동,경상사고,0,0,1,0,차대차 - 측면충돌,안전운전불이행,건조,맑음,단일로 - 기타,승용,남,68세,상해없음,승용,남,33세,경상
2021112800100430,2021년 11월 28일 20시,일요일,인천광역시 남동구 구월동,경상사고,0,0,1,0,차대사람 - 횡단중,안전운전불이행,건조,맑음,교차로 - 교차로안,승용,여,50세,상해없음,보행자,여,57세,경상