사고번호,사고일시,요일,시군구,사고내용,사망자수,중상자수,경상자수,부상신고자수,사고유형,법규위반,노면상태,기상상태,도로형태,가해운전자 차종,가해운전자 성별,가해운전자 연령,가해운전자 상해정도,피해운전자 차종,피해운전자 성별,피해운전자 연령,피해운전자 상해정도
2021112800100431,2021년 11월 28일 20시,일요일,인천광역시 서구 왕길동,경상사고,0,0,1,0,차대차 - 후진중충돌,안전운전불이행,건조,맑음,교차로 - 교차로부근,승용,여,42세,상해없음,승용,남,30세,경상
2021112800100449,2021년 11월 28일 21시,일요일,인천광역시 미추홀구 주안동,경상사고,0,0,2,0,차대차 - 측면충돌,교차로운행방법위반,건조,맑음,교차로 - 교차로부근,승용,남,57세,상해없음,승용,남,26세,경상
2021112800100450,2021년 11월 28일 21시,일요일,인천광역시 계양구 작전동,경상사고,0,0,2,0,차대차 - 측면충돌,안전운전불이행,건조,맑음,교차로 - 교차로안,승용,여,54세,상해없음,승용,여,47세,경상
2021112800100484,2021년 11월 28일 23시,일요일,인천광역시 계양구 용종동,경상사고,0,0,4,0,차대차 - 기타,기타,건조,맑음,교차로 - 교차로부근,승용,남,24세,상해없음,승용,남,45세,경상
2021112900100008,2021년 11월 29일 00시,월요일,인천광역시 연수구 선학동,경상사고,0,0,1,0,차대차 - 측면충돌,신호위반,건조,맑음,교차로 - 교차로안,화물,남,29세,상해없음,승용,남,26세,경상
2021112900100019,2021년 11월 29일 02시,월요일,인천광역시 남동구 서창동,경상사고,0,0,1,0,차대사람 - 기타,안전운전불이행,건조,맑음,단일로 - 기타,승용,여,66세,상해없음,보행자,남,40세,경상
2021112900100053,2021년 11월 29일 06시,월요일,인천광역시 중구 항동7가,경상사고,0,0,1,0,차대차 - 기타,신호위반,건조,맑음,교차로 - 교차로안,승용,남,62세,상해없음,승용,여,61세,경상
2021112900100134,2021년 11월 29일 08시,월요일,인천광역시 연수구 송도동,경상사고,0,0,1,0,차대차 - 기타,기타,건조,맑음,단일로 - 교량,화물,남,60세,상해없음,승용,남,32세,경상
2021112900100165,2021년 11월 29일 09시,월요일,인천광역시 미추홀구 숭의동,경상사고,0,0,1,0,차대차 - 추돌,안전운전불이행,건조,맑음,단일로 - 기타,승용,남,64세,상해없음,승용,남,49세,경상
2021112900100166,2021년 11월 29일 09시,월요일,인천광역시 계양구 효성동,중상사고,0,1,0,0,차대사람 - 횡단중,보행자보호의무위반,건조,맑음,교차로 - 교차로안,승용,여,58세,상해없음,보행자,남,37세,중상
2021112900100167,2021년 11월 29일 09시,월요일,인천광역시 연수구 연수동,경상사고,0,0,1,0,차대차 - 측면충돌,신호위반,건조,맑음,단일로 - 기타,화물,남,55세,상해없음,승용,남,26세,경상
2021112900100193,2021년 11월 29일 10시,월요일,인천광역시 미추홀구 주안동,경상사고,0,0,1,0,차대차 - 측면충돌,신호위반,건조,맑음,교차로 - 교차로안,승용,남,24세,상해없음,승용,남,67세,경상
2021112900100224,2021년 11월 29일 11시,월요일,인천광역시 남동구 서창동,부상신고사고,0,0,0,1,차대사람 - 길가장자리구역통행중,안전운전불이행,건조,맑음,교차로 - 교차로부근,승용,여,46세,상해없음,보행자,여,20세,부상신고
2021112900100254,2021년 11월 29일 12시,월요일,인천광역시 부평구 갈산동,중상사고,0,1,0,0,차대사람 - 보도통행중,기타,건조,맑음,단일로 - 기타,승용,남,38세,상해없음,보행자,여,12세,중상
2021112900100288,2021년 11월 29일 13시,월요일,인천광역시 서구 당하동,중상사고,0,1,2,0,차대차 - 기타,안전운전불이행,건조,맑음,교차로 - 교차로안,건설기계,남,56세,경상,승용,남,70세,경상
2021112900100289,2021년 11월 29일 13시,월요일,인천광역시 부평구 부평동,부상신고사고,0,0,0,1,차대사람 - 길가장자리구역통행중,안전운전불이행,건조,맑음,교차로 - 교차로부근,승용,남,60세,상해없음,보행자,남,12세,부상신고
2021112900100290,2021년 11월 29일 13시,월요일,인천광역시 남동구 남촌동,중상사고,0,1,0,0,차대차 - 측면충돌,안전거리미확보,건조,맑음,단일로 - 기타,승용,남,75세,상해없음,이륜,남,65세,중상
2021112900100334,2021년 11월 29일 14시,월요일,인천광역시 서구 심곡동,경상사고,0,0,1,0,차량단독 - 기타,안전운전불이행,건조,맑음,교차로 - 교차로안,승용,여,49세,상해없음,,,,
2021112900100335,2021년 11월 29일 14시,월요일,인천광역시 계양구 작전동,경상사고,0,0,1,0,차대사람 - 기타,안전운전불이행,건조,맑음,교차로 - 교차로부근,승용,남,51세,상해없음,보행자,남,55세,경상
2021112900100380,2021년 11월 29일 15시,월요일,인천광역시 남동구 구월동,경상사고,0,0,1,0,차대차 - 정면충돌,차로위반,건조,맑음,단일로 - 기타,이륜,남,51세,기타불명,화물,남,37세,경상
2021112900100462,2021년 11월 29일 17시,월요일,인천광역시 미추홀구 숭의동,경상사고,0,0,2,0,차대차 - 추돌,안전거리미확보,건조,맑음,단일로 - 기타,승용,남,66세,기타불명,승용,남,41세,경상
2021112900100463,2021년 11월 29일 17시,월요일,인천광역시 남동구 논현동,경상사고,0,0,1,0,차대차 - 측면충돌,안전운전불이행,건조,맑음,주차장 - 주차장,승용,남,51세,상해없음,승용,남,60세,경상
2021112900100510,2021년 11월 29일 18시,월요일,인천광역시 미추홀구 용현동,경상사고,0,0,1,0,차대차 - 추돌,안전거리미확보,건조,맑음,교차로 - 교차로부근,승용,남,59세,상해없음,승용,여,44세,경상
2021112900100511,2021년 11월 29일 18시,월요일,인천광역시 미추홀구 주안동,경상사고,0,0,2,0,차대차 - 측면충돌,안전운전불이행,건조,맑음,단일로 - 기타,승용,남,41세,상해없음,승용,남,23세,경상
2021112900100512,2021년 11월 29일 18시,월요일,인천광역시 남동구 만수동,경상사고,0,0,1,0,차대차 - 측면충돌,안전운전불이행,건조,맑음,교차로 - 교차로부근,이륜,남,29세,경상,화물,남,55세,상해없음
2021112900100513,2021년 11월 29일 18시,월요일,인천광역시 서구 신현동,경상사고,0,0,1,0,차대차 - 측면충돌,안전운전불이행,건조,맑음,단일로 - 기타,승합,남,42세,상해없음,승용,남,43세,경상
2021112900100582,2021년 11월 29일 20시,월요일,인천광역시 계양구 서운동,중상사고,0,1,1,0,차대사람 - 횡단중,신호위반,건조,맑음,교차로 - 교차로부근,이륜,남,42세,상해없음,보행자,남,48세,중상
2021112900100606,2021년 11월 29일 21시,월요일,인천광역시 미추홀구 주안동,부상신고사고,0,0,0,1,차대차 - 측면충돌,안전운전불이행,건조,맑음,교차로 - 교차로안,승용,남,29세,상해없음,승용,남,29세,부상신고
2021113000100010,2021년 11월 30일 00시,화요일,인천광역시 서구 가좌동,경상사고,0,0,1,0,차대사람 - 기타,안전운전불이행,건조,맑음,단일로 - 기타,승용,남,57세,상해없음,보행자,여,38세,경상
2021113000100034,2021년 11월 30일 05시,화요일,인천광역시 부평구 부개동,경상사고,0,0,1,0,차대차 - 기타,안전운전불이행,젖음/습기,비,교차로 - 교차로안,승용,남,42세,상해없음,자전거,남,68세,경상
2021113000100065,2021년 11월 30일 06시,화요일,인천광역시 서구 가좌동,경상사고,0,0,1,0,차대사람 - 횡단중,안전운전불이행,젖음/습기,비,교차로 - 교차로횡단보도내,화물,남,62세,상해없음,보행자,여,49세,경상
2021113000100103,2021년 11월 30일 07시,화요일,인천광역시 미추홀구 용현동,경상사고,0,0,1,0,차대차 - 추돌,안전운전불이행,젖음/습기,비,단일로 - 기타,승용,남,26세,상해없음,승용,남,29세,경상
2021113000100228,2021년 11월 30일 10시,화요일,인천광역시 서구 가좌동,경상사고,0,0,1,0,차대차 - 측면충돌,안전운전불이행,건조,맑음,교차로 - 교차로부근,승용,남,64세,상해없음,승용,남,39세,경상
2021113000100256,2021년 11월 30일 11시,화요일,인천광역시 연수구 옥련동,경상사고,0,0,1,0,차대차 - 측면충돌,안전거리미확보,젖음/습기,비,단일로 - 기타,화물,남,38세,상해없음,승용,남,30세,경상
2021113000100287,2021년 11월 30일 12시,화요일,인천광역시 부평구 부평동,경상사고,0,0,1,0,차대차 - 추돌,안전거리미확보,젖음/습기,비,단일로 - 기타,승용,남,57세,상해없음,승용,남,46세,상해없음
2021113000100288,2021년 11월 30일 12시,화요일,인천광역시 남동구 장수동,경상사고,0,0,1,0,차대차 - 측면충돌,안전운전불이행,젖음/습기,비,단일로 - 기타,승용,여,50세,상해없음,승용,남,73세,경상
2021113000100317,2021년 11월 30일 13시,화요일,인천광역시 서구 연희동,경상사고,0,0,1,0,차대차 - 추돌,신호위반,건조,맑음,교차로 - 교차로안,승용,남,25세,상해없음,승용,여,53세,경상
2021113000100345,2021년 11월 30일 14시,화요일,인천광역시 남동구 간석동,경상사고,0,0,1,0,차대차 - 측면충돌,안전운전불이행,건조,맑음,단일로 - 기타,승합,남,54세,상해없음,이륜,남,43세,경상
2021113000100346,2021년 11월 30일 14시,화요일,인천광역시 서구 경서동,경상사고,0,0,1,0,차대차 - 측면충돌,안전운전불이행,건조,맑음,교차로 - 교차로부근,승용,남,22세,상해없음,승용,남,63세,경상
2021113000100414,2021년 11월 30일 16시,화요일,인천광역시 계양구 작전동,경상사고,0,0,2,0,차량단독 - 기타,안전운전불이행,젖음/습기,맑음,단일로 - 기타,승합,남,61세,상해없음,,,,
2021113000100470,2021년 11월 30일 17시,화요일,인천광역시 부평구 십정동,경상사고,0,0,1,0,차대사람 - 보도통행중,안전운전불이행,젖음/습기,비,교차로 - 교차로부근,승용,남,59세,상해없음,보행자,여,16세,경상
2021113000100471,2021년 11월 30일 17시,화요일,인천광역시 서구 가정동,경상사고,0,0,2,0,차대차 - 정면충돌,신호위반,건조,맑음,교차로 - 교차로안,승용,남,32세,상해없음,승용,남,52세,경상
2021113000100472,2021년 11월 30일 17시,화요일,인천광역시 부평구 삼산동,중상사고,0,1,0,0,차대사람 - 횡단중,보행자보호의무위반,건조,맑음,교차로 - 교차로횡단보도내,승용,남,38세,상해없음,보행자,남,45세,중상
2021113000100520,2021년 11월 30일 18시,화요일,인천광역시 서구 청라동,경상사고,0,0,1,0,차대사람 - 횡단중,신호위반,젖음/습기,맑음,단일로 - 기타,이륜,남,17세,상해없음,보행자,남,6세,경상
2021113000100521,2021년 11월 30일 18시,화요일,인천광역시 강화군 불은면,중상사고,0,1,0,0,차대사람 - 길가장자리구역통행중,안전운전불이행,젖음/습기,흐림,단일로 - 지하차도(도로)내,화물,남,68세,상해없음,보행자,여,79세,중상
2021113000100522,2021년 11월 30일 18시,화요일,인천광역시 남동구 장수동,경상사고,0,0,1,0,차대차 - 측면충돌,안전운전불이행,건조,맑음,교차로 - 교차로부근,승용,남,39세,상해없음,승용,남,30세,경상
2021113000100561,2021년 11월 30일 19시,화요일,인천광역시 남동구 간석동,경상사고,0,0,1,0,차대차 - 측면충돌,안전운전불이행,건조,맑음,교차로 - 교차로안,승합,남,60세,상해없음,승용,남,24세,경상
2021113000100562,2021년 11월 30일 19시,화요일,인천광역시 서구 가정동,경상사고,0,0,1,0,차대차 - 기타,안전운전불이행,건조,맑음,교차로 - 교차로안,특수,남,63세,상해없음,승용,남,48세,경상
2021113000100563,2021년 11월 30일 19시,화요일,인천광역시 서구 당하동,경상사고,0,0,1,0,차대차 - 측면충돌,안전운전불이행,건조,맑음,단일로 - 기타,화물,남,63세,상해없음,승용,남,44세,경상
2021113000100658,2021년 11월 30일 23시,화요일,인천광역시 남동구 고잔동,사망사고,1,0,0,0,차대차 - 측면충돌,안전운전불이행,젖음/습기,흐림,단일로 - 기타,승용,남,31세,사망,승용,여,28세,상해없음
2021120100100029,2021년 12월 1일 02시,수요일,인천광역시 남동구 구월동,경상사고,0,0,1,0,차대차 - 추돌,안전운전불이행,건조,맑음,교차로 - 교차로부근,승용,남,63세,상해없음,화물,남,41세,경상
2021120100100045,2021년 12월 1일 05시,수요일,인천광역시 남동구 서창동,중상사고,0,1,0,0,차대사람 - 횡단중,기타,건조,맑음,교차로 - 교차로횡단보도내,승용,남,54세,상해없음,보행자,여,23세,중상
2021120100100118,2021년 12월 1일 08시,수요일,인천광역시 서구 검암동,경상사고,0,0,1,0,차대차 - 기타,안전운전불이행,건조,맑음,교차로 - 교차로안,승용,여,40세,상해없음,승용,남,36세,경상
2021120100100119,2021년 12월 1일 08시,수요일,인천광역시 계양구 박촌동,경상사고,0,0,1,0,차대사람 - 길가장자리구역통행중,안전운전불이행,건조,맑음,기타 - 기타,승용,여,71세,상해없음,보행자,여,9세,경상
2021120100100160,2021년 12월 1일 09시,수요일,인천광역시 부평구 부평동,경상사고,0,0,2,0,차대차 - 측면충돌,안전운전불이행,건조,맑음,교차로 - 교차로안,승용,남,39세,경상,승용,남,22세,경상
2021120100100225,2021년 12월 1일 11시,수요일,인천광역시 서구 경서동,경상사고,0,0,1,0,차대차 - 측면충돌,안전운전불이행,건조,맑음,단일로 - 기타,화물,남,69세,상해없음,건설기계,남,45세,경상
2021120100100252,2021년 12월 1일 12시,수요일,인천광역시 서구 심곡동,경상사고,0,0,1,0,차대사람 - 차도통행중,안전운전불이행,건조,맑음,단일로 - 기타,승용,남,44세,상해없음,보행자,여,79세,경상
2021120100100315,2021년 12월 1일 14시,수요일,인천광역시 서구 검암동,중상사고,0,1,0,0,차대차 - 추돌,안전운전불이행,건조,맑음,교차로 - 교차로부근,화물,남,32세,상해없음,승용,남,49세,중상
2021120100100316,2021년 12월 1일 14시,수요일,인천광역시 서구 원당동,경상사고,0,0,1,0,차대사람 - 차도통행중,안전운전불이행,건조,맑음,단일로 - 기타,화물,남,63세,상해없음,보행자,남,13세,경상
2021120100100380,2021년 12월 1일 16시,수요일,인천광역시 연수구 송도동,중상사고,0,1,0,0,차대차 - 정면충돌,중앙선침범,건조,맑음,단일로 - 고가도로위,승용,여,39세,상해없음,원동기,남,38세,중상
2021120100100427,2021년 12월 1일 17시,수요일,인천광역시 부평구 일신동,경상사고,0,0,1,0,차대차 - 측면충돌,안전운전불이행,건조,맑음,단일로 - 기타,화물,남,68세,상해없음,승용,여,54세,경상
2021120100100493,2021년 12월 1일 18시,수요일,인천광역시 중구 운남동,경상사고,0,0,1,0,차대차 - 추돌,안전거리미확보,건조,맑음,교차로 - 교차로부근,승용,남,78세,상해없음,승용,여,29세,경상
2021120100100494,2021년 12월 1일 18시,수요일,인천광역시 서구 청라동,중상사고,0,1,0,0,차대차 - 기타,안전운전불이행,건조,맑음,교차로 - 교차로안,승용,남,29세,상해없음,자전거,남,51세,중상
2021120100100495,2021년 12월 1일 18시,수요일,인천광역시 서구 청라동,중상사고,0,1,1,0,차대차 - 측면충돌,신호위반,건조,맑음,교차로 - 교차로안,이륜,남,37세,경상,이륜,남,16세,중상
2021120100100496,2021년 12월 1일 18시,수요일,인천광역시 남동구 고잔동,중상사고,0,1,1,0,차대차 - 측면충돌,차로위반,건조,맑음,교차로 - 교차로부근,승용,남,49세,상해없음,승용,남,29세,중상
2021120100100497,2021년 12월 1일 18시,수요일,인천광역시 남동구 서창동,경상사고,0,0,1,0,차대차 - 측면충돌,차로위반,건조,맑음,단일로 - 기타,승용,남,40세,상해없음,승용,남,27세,경상
2021120100100566,2021년 12월 1일 20시,수요일,인천광역시 계양구 작전동,경상사고,0,0,2,0,차대차 - 추돌,안전운전불이행,건조,맑음,교차로 - 교차로부근,승용,남,36세,경상,승용,여,23세,경상
2021120100100567,2021년 12월 1일 20시,수요일,인천광역시 연수구 동춘동,경상사고,0,0,2,0,차대차 - 측면충돌,신호위반,건조,맑음,교차로 - 교차로부근,이륜,남,32세,경상,승합,남,57세,경상
2021120100100609,2021년 12월 1일 22시,수요일,인천광역시 중구 운서동,중상사고,0,1,1,0,차대사람 - 횡단중,신호위반,건조,맑음,교차로 - 교차로횡단보도내,승용,남,47세,상해없음,보행자,남,17세,중상
2021120100100610,2021년 12월 1일 22시,수요일,인천광역시 남동구 구월동,경상사고,0,0,2,0,차대차 - 측면충돌,신호위반,건조,맑음,교차로 - 교차로안,승용,남,68세,상해없음,승용,남,58세,경상
2021120100100627,2021년 12월 1일 23시,수요일,인천광역시 연수구 송도동,경상사고,0,0,1,0,차대차 - 추돌,안전운전불이행,건조,맑음,단일로 - 기타,승용,여,38세,상해없음,승용,남,25세,경상
2021120200100012,2021년 12월 2일 00시,목요일,인천광역시 연수구 동춘동,경상사고,0,0,1,0,차대차 - 측면충돌,교차로운행방법위반,건조,맑음,교차로 - 교차로안,승용,여,23세,상해없음,승용,남,27세,경상
2021120200100025,2021년 12월 2일 02시,목요일,인천광역시 서구 연희동,경상사고,0,0,1,0,차대차 - 추돌,안전운전불이행,건조,맑음,단일로 - 기타,승용,남,26세,상해없음,승용,남,42세,경상
2021120200100037,2021년 12월 2일 05시,목요일,인천광역시 미추홀구 주안동,중상사고,0,1,1,0,차대차 - 추돌,안전운전불이행,건조,맑음,교차로 - 교차로부근,승합,남,55세,상해없음,이륜,남,45세,중상
2021120200100057,2021년 12월 2일 06시,목요일,인천광역시 남동구 만수동,부상신고사고,0,0,0,1,차대차 - 측면충돌,안전운전불이행,건조,흐림,단일로 - 기타,기타불명,기타불명,미분류,기타불명,자전거,남,75세,부상신고
2021120200100079,2021년 12월 2일 07시,목요일,인천광역시 미추홀구 용현동,경상사고,0,0,1,0,차대차 - 측면충돌,신호위반,건조,맑음,교차로 - 교차로안,승용,여,33세,상해없음,이륜,남,44세,경상
2021120200100080,2021년 12월 2일 07시,목요일,인천광역시 미추홀구 숭의동,경상사고,0,0,1,0,차대차 - 정면충돌,안전거리미확보,건조,맑음,단일로 - 기타,승용,여,19세,상해없음,승용,여,41세,경상
2021120200100081,2021년 12월 2일 07시,목요일,인천광역시 남동구 만수동,경상사고,0,0,1,0,차대차 - 추돌,안전거리미확보,건조,맑음,단일로 - 기타,승용,남,25세,상해없음,화물,남,35세,경상
2021120200100123,2021년 12월 2일 08시,목요일,인천광역시 중구 운서동,중상사고,0,1,1,0,차대차 - 측면충돌,기타,건조,맑음,교차로 - 교차로안,승용,남,55세,중상,승용,남,45세,경상
2021120200100125,2021년 12월 2일 08시,목요일,인천광역시 부평구 십정동,경상사고,0,0,1,0,차대차 - 측면충돌,교차로운행방법위반,건조,맑음,교차로 - 교차로안,화물,남,73세,상해없음,화물,남,37세,경상
2021120200100126,2021년 12월 2일 08시,목요일,인천광역시 계양구 작전동,중상사고,0,1,0,0,차대사람 - 횡단중,보행자보호의무위반,건조,맑음,교차로 - 교차로횡단보도내,승용,여,29세,상해없음,보행자,여,82세,중상
2021120200100154,2021년 12월 2일 09시,목요일,인천광역시 부평구 청천동,중상사고,0,1,0,0,차대차 - 측면충돌,신호위반,건조,맑음,교차로 - 교차로안,승합,남,50세,상해없음,자전거,남,60세,중상
2021120200100155,2021년 12월 2일 09시,목요일,인천광역시 서구 가좌동,경상사고,0,0,1,0,차대차 - 추돌,안전운전불이행,건조,맑음,교차로 - 교차로부근,화물,남,65세,상해없음,승용,남,61세,경상
2021120200100156,2021년 12월 2일 09시,목요일,인천광역시 부평구 부개동,경상사고,0,0,1,0,차대사람 - 기타,안전운전불이행,건조,맑음,단일로 - 기타,승합,남,54세,상해없음,보행자,여,62세,경상
2021120200100192,2021년 12월 2일 10시,목요일,인천광역시 미추홀구 문학동,중상사고,0,1,0,0,차대차 - 측면충돌,안전거리미확보,건조,맑음,단일로 - 기타,승용,남,42세,상해없음,특수,남,50세,중상
2021120200100257,2021년 12월 2일 12시,목요일,인천광역시 미추홀구 주안동,중상사고,0,1,1,0,차량단독 - 기타,안전운전불이행,건조,맑음,교차로 - 교차로안,승합,남,57세,상해없음,,,,
2021120200100289,2021년 12월 2일 13시,목요일,인천광역시 서구 연희동,중상사고,0,1,0,0,차대사람 - 횡단중,안전운전불이행,건조,맑음,교차로 - 교차로안,승용,남,38세,상해없음,보행자,남,7세,중상
2021120200100322,2021년 12월 2일 14시,목요일,인천광역시 계양구 목상동,경상사고,0,0,1,0,차대차 - 기타,안전운전불이행,젖음/습기,비,단일로 - 기타,화물,남,62세,상해없음,승용,남,47세,경상
2021120200100437,2021년 12월 2일 17시,목요일,인천광역시 미추홀구 문학동,경상사고,0,0,1,0,차대차 - 측면충돌,안전운전불이행,건조,맑음,교차로 - 교차로안,승용,여,59세,상해없음,화물,남,24세,경상
2021120200100438,2021년 12월 2일 17시,목요일,인천광역시 남동구 고잔동,경상사고,0,0,1,0,차대차 - 추돌,안전운전불이행,건조,맑음,단일로 - 기타,승용,여,61세,상해없음,승용,남,46세,경상
2021120200100502,2021년 12월 2일 18시,목요일,인천광역시 미추홀구 도화동,중상사고,0,1,0,0,차대차 - 추돌,기타,건조,맑음,단일로 - 기타,승용,남,27세,상해없음,이륜,남,46세,중상
2021120200100503,2021년 12월 2일 18시,목요일,인천광역시 연수구 연수동,경상사고,0,0,1,0,차대차 - 측면충돌,안전운전불이행,건조,맑음,단일로 - 기타,승용,여,59세,상해없음,승용,남,52세,경상
2021120200100504,2021년 12월 2일 18시,목요일,인천광역시 부평구 부평동,경상사고,0,0,1,0,차대차 - 측면충돌,안전거리미확보,건조,흐림,교차로 - 교차로안,승용,여,58세,상해없음,승용,남,27세,경상
2021120200100505,2021년 12월 2일 18시,목요일,인천광역시 남동구 논현동,경상사고,0,0,1,0,차대사람 - 횡단중,보행자보호의무위반,건조,맑음,교차로 - 교차로횡단보도내,승용,남,37세,상해없음,보행자,여,29세,경상
2021120200100530,2021년 12월 2일 19시,목요일,인천광역시 서구 석남동,중상사고,0,1,0,0,차대사람 - 차도통행중,기타,젖음/습기,비,단일로 - 기타,이륜,남,23세,상해없음,보행자,남,61세,중상
2021120200100531,2021년 12월 2일 19시,목요일,인천광역시 부평구 구산동,중상사고,0,1,0,0,차대차 - 기타,신호위반,건조,흐림,교차로 - 교차로안,승용,남,55세,상해없음,이륜,남,56세,중상
2021120200100567,2021년 12월 2일 20시,목요일,인천광역시 서구 원창동,경상사고,0,0,2,0,차대차 - 측면충돌,신호위반,젖음/습기,비,교차로 - 교차로안,승용,여,60세,상해없음,승용,남,37세,경상
2021120200100568,2021년 12월 2일 20시,목요일,인천광역시 강화군 강화읍,경상사고,0,0,1,0,차대차 - 측면충돌,신호위반,건조,맑음,교차로 - 교차로안,승용,남,56세,상해없음,승용,여,45세,경상
2021120200100591,2021년 12월 2일 21시,목요일,인천광역시 남동구 구월동,경상사고,0,0,1,0,차대사람 - 기타,안전운전불이행,건조,흐림,교차로 - 교차로안,승용,남,44세,상해없음,보행자,남,52세,경상
2021120300100035,2021년 12월 3일 04시,금요일,인천광역시 계양구 계산동,경상사고,0,0,1,0,차대사람 - 횡단중,신호위반,건조,맑음,교차로 - 교차로횡단보도내,이륜,남,52세,기타불명,보행자,남,68세,경상
2021120300100036,2021년 12월 3일 04시,금요일,인천광역시 부평구 일신동,중상사고,0,1,0,0,차량단독 - 공작물충돌,기타,젖음/습기,비,단일로 - 교량,승용,남,63세,상해없음,,,,
2021120300100041,2021년 12월 3일 05시,금요일,인천광역시 부평구 일신동,경상사고,0,0,1,0,차대차 - 측면충돌,안전거리미확보,젖음/습기,흐림,단일로 - 교량,승용,남,27세,상해없음,화물,남,67세,경상
2021120300100076,2021년 12월 3일 06시,금요일,인천광역시 계양구 작전동,중상사고,0,1,0,0,차대차 - 기타,안전거리미확보,젖음/습기,흐림,교차로 - 교차로부근,승용,남,69세,상해없음,이륜,남,47세,중상
2021120300100128,2021년 12월 3일 07시,금요일,인천광역시 남동구 장수동,경상사고,0,0,1,0,차대차 - 측면충돌,안전거리미확보,건조,맑음,단일로 - 기타,화물,여,48세,상해없음,승용,남,58세,경상
2021120300100129,2021년 12월 3일 07시,금요일,인천광역시 남동구 남촌동,경상사고,0,0,1,0,차대차 - 측면충돌,안전거리미확보,건조,맑음,단일로 - 기타,특수,남,33세,상해없음,승용,남,51세,경상
2021120300100286,2021년 12월 3일 11시,금요일,인천광역시 서구 석남동,중상사고,0,1,0,0,차대차 - 기타,안전운전불이행,건조,맑음,교차로 - 교차로부근,승용,남,35세,상해없음,이륜,남,25세,중상
2021120300100287,2021년 12월 3일 11시,금요일,인천광역시 서구 원창동,중상사고,0,1,0,0,차대차 - 측면충돌,기타,건조,맑음,교차로 - 교차로안,이륜,남,36세,중상,화물,남,55세,상해없음
2021120300100288,2021년 12월 3일 11시,금요일,인천광역시 남동구 고잔동,경상사고,0,0,1,0,차대차 - 측면충돌,안전거리미확보,건조,맑음,단일로 - 기타,화물,남,47세,상해없음,승용,여,53세,경상
2021120300100355,2021년 12월 3일 13시,금요일,인천광역시 서구 석남동,중상사고,0,1,0,0,차대차 - 기타,안전운전불이행,건조,맑음,단일로 - 기타,승용,남,57세,상해없음,이륜,남,29세,중상
2021120300100356,2021년 12월 3일 13시,금요일,인천광역시 연수구 송도동,경상사고,0,0,2,0,차대차 - 측면충돌,신호위반,건조,맑음,교차로 - 교차로안,승용,여,29세,상해없음,승용,남,27세,경상
2021120300100357,2021년 12월 3일 13시,금요일,인천광역시 연수구 송도동,경상사고,0,0,1,0,차대사람 - 기타,안전운전불이행,건조,맑음,단일로 - 기타,건설기계,남,32세,상해없음,보행자,여,54세,경상
2021120300100358,2021년 12월 3일 13시,금요일,인천광역시 부평구 부개동,경상사고,0,0,2,0,차대차 - 추돌,안전운전불이행,건조,맑음,단일로 - 기타,승용,여,33세,상해없음,승용,여,45세,경상
2021120300100397,2021년 12월 3일 14시,금요일,인천광역시 남동구 서창동,경상사고,0,0,1,0,차량단독 - 기타,안전운전불이행,건조,맑음,단일로 - 기타,승합,남,44세,상해없음,,,,
2021120300100429,2021년 12월 3일 15시,금요일,인천광역시 동구 송현동,경상사고,0,0,1,0,차대차 - 측면충돌,안전운전불이행,건조,맑음,교차로 - 교차로부근,건설기계,남,53세,상해없음,승용,여,54세,경상
2021120300100430,2021년 12월 3일 15시,금요일,인천광역시 미추홀구 주안동,부상신고사고,0,0,0,1,차대사람 - 기타,안전운전불이행,건조,맑음,단일로 - 기타,기타불명,기타불명,미분류,기타불명,보행자,여,59세,부상신고
2021120300100431,2021년 12월 3일 15시,금요일,인천광역시 남동구 간석동,경상사고,0,0,1,0,차대차 - 측면충돌,직진우회전진행방해,건조,맑음,교차로 - 교차로안,개인형이동수단(PM),남,23세,경상,승용,남,68세,상해없음
2021120300100432,2021년 12월 3일 15시,금요일,인천광역시 서구 연희동,경상사고,0,0,1,0,차대차 - 추돌,안전운전불이행,건조,맑음,교차로 - 교차로횡단보도내,승용,남,42세,상해없음,승용,여,54세,경상
2021120300100527,2021년 12월 3일 17시,금요일,인천광역시 미추홀구 도화동,경상사고,0,0,1,0,차대차 - 측면충돌,안전거리미확보,건조,맑음,단일로 - 기타,화물,남,77세,상해없음,승용,여,55세,경상
2021120300100528,2021년 12월 3일 17시,금요일,인천광역시 남동구 간석동,경상사고,0,0,1,0,차대차 - 후진중충돌,안전운전불이행,건조,맑음,단일로 - 기타,승용,남,63세,상해없음,승용,남,30세,경상
2021120300100584,2021년 12월 3일 18시,금요일,인천광역시 부평구 십정동,경상사고,0,0,1,0,차대차 - 측면충돌,안전운전불이행,건조,맑음,교차로 - 교차로부근,승용,남,24세,상해없음,승용,남,65세,경상
2021120300100585,2021년 12월 3일 18시,금요일,인천광역시 남동구 고잔동,경상사고,0,0,1,0,차대차 - 측면충돌,차로위반,건조,맑음,단일로 - 지하차도(도로)내,특수,남,49세,상해없음,승용,여,60세,경상
2021120300100669,2021년 12월 3일 20시,금요일,인천광역시 남동구 간석동,중상사고,0,1,1,0,차대차 - 추돌,안전운전불이행,건조,맑음,교차로 - 교차로부근,승용,남,39세,기타불명,승용,여,38세,중상