사고번호,사고일시,요일,시군구,사고내용,사망자수,중상자수,경상자수,부상신고자수,사고유형,법규위반,노면상태,기상상태,도로형태,가해운전자 차종,가해운전자 성별,가해운전자 연령,가해운전자 상해정도,피해운전자 차종,피해운전자 성별,피해운전자 연령,피해운전자 상해정도
2021120300100696,2021년 12월 3일 21시,금요일,인천광역시 미추홀구 용현동,중상사고,0,1,0,0,차대차 - 측면충돌,안전운전불이행,건조,맑음,교차로 - 교차로부근,승용,남,50세,상해없음,이륜,남,43세,중상
2021120400100030,2021년 12월 4일 01시,토요일,인천광역시 부평구 청천동,중상사고,0,1,0,0,차대차 - 측면충돌,안전운전불이행,건조,맑음,교차로 - 교차로안,승용,남,64세,상해없음,이륜,남,40세,중상
2021120400100041,2021년 12월 4일 02시,토요일,인천광역시 부평구 청천동,경상사고,0,0,1,0,차대차 - 추돌,기타,건조,맑음,단일로 - 지하차도(도로)내,승용,남,28세,상해없음,승용,남,21세,경상
2021120400100070,2021년 12월 4일 06시,토요일,인천광역시 연수구 송도동,경상사고,0,0,2,0,차대차 - 측면충돌,안전거리미확보,건조,맑음,단일로 - 기타,승용,남,55세,상해없음,승용,남,46세,경상
2021120400100138,2021년 12월 4일 10시,토요일,인천광역시 부평구 부평동,경상사고,0,0,1,0,차대차 - 추돌,안전운전불이행,건조,맑음,단일로 - 기타,승용,남,29세,상해없음,승용,남,44세,경상
2021120400100215,2021년 12월 4일 12시,토요일,인천광역시 남동구 간석동,경상사고,0,0,1,0,차대사람 - 길가장자리구역통행중,안전운전불이행,건조,맑음,단일로 - 기타,승용,여,43세,상해없음,보행자,남,5세,경상
2021120400100216,2021년 12월 4일 12시,토요일,인천광역시 강화군 길상면,경상사고,0,0,4,0,차대차 - 측면충돌,안전운전불이행,건조,맑음,교차로 - 교차로안,승용,남,41세,상해없음,승용,남,37세,경상
2021120400100250,2021년 12월 4일 13시,토요일,인천광역시 서구 가정동,경상사고,0,0,1,0,차대차 - 측면충돌,안전운전불이행,건조,맑음,단일로 - 기타,화물,남,59세,상해없음,승용,남,34세,경상
2021120400100278,2021년 12월 4일 14시,토요일,인천광역시 남동구 만수동,경상사고,0,0,1,0,차대차 - 추돌,안전운전불이행,건조,맑음,교차로 - 교차로안,승용,여,51세,상해없음,승용,여,57세,경상
2021120400100310,2021년 12월 4일 15시,토요일,인천광역시 미추홀구 주안동,중상사고,0,1,0,0,차대사람 - 횡단중,안전운전불이행,건조,맑음,단일로 - 기타,승용,남,87세,상해없음,보행자,여,19세,중상
2021120400100311,2021년 12월 4일 15시,토요일,인천광역시 미추홀구 용현동,경상사고,0,0,2,0,차대차 - 측면충돌,안전운전불이행,건조,맑음,교차로 - 교차로부근,승용,남,30세,상해없음,승용,여,45세,경상
2021120400100312,2021년 12월 4일 15시,토요일,인천광역시 연수구 선학동,중상사고,0,2,0,0,차대차 - 기타,차로위반,건조,맑음,교차로 - 교차로안,화물,남,23세,상해없음,승용,여,73세,중상
2021120400100335,2021년 12월 4일 16시,토요일,인천광역시 계양구 임학동,중상사고,0,1,0,0,차대사람 - 기타,안전운전불이행,건조,맑음,교차로 - 교차로부근,화물,남,55세,상해없음,보행자,남,79세,중상
2021120400100378,2021년 12월 4일 17시,토요일,인천광역시 남동구 만수동,경상사고,0,0,1,0,차대차 - 기타,교차로운행방법위반,건조,맑음,단일로 - 기타,승용,남,41세,상해없음,이륜,남,29세,경상
2021120400100427,2021년 12월 4일 18시,토요일,인천광역시 동구 송림동,경상사고,0,0,1,0,차대사람 - 보도통행중,기타,건조,맑음,교차로 - 교차로안,자전거,남,36세,상해없음,보행자,남,58세,경상
2021120400100460,2021년 12월 4일 19시,토요일,인천광역시 미추홀구 문학동,경상사고,0,0,1,0,차대차 - 추돌,안전운전불이행,건조,맑음,단일로 - 기타,승용,남,22세,상해없음,승용,남,33세,경상
2021120400100482,2021년 12월 4일 20시,토요일,인천광역시 서구 연희동,경상사고,0,0,1,0,차대사람 - 횡단중,안전운전불이행,건조,맑음,단일로 - 기타,승용,남,48세,상해없음,보행자,남,55세,경상
2021120400100510,2021년 12월 4일 21시,토요일,인천광역시 부평구 삼산동,중상사고,0,1,0,0,차대차 - 추돌,안전운전불이행,건조,맑음,교차로 - 교차로부근,승용,남,55세,상해없음,이륜,남,42세,중상
2021120500100023,2021년 12월 5일 01시,일요일,인천광역시 남동구 간석동,경상사고,0,0,1,0,차대차 - 측면충돌,신호위반,건조,맑음,교차로 - 교차로안,이륜,남,21세,상해없음,승용,남,61세,경상
2021120500100040,2021년 12월 5일 03시,일요일,인천광역시 미추홀구 주안동,경상사고,0,0,1,0,차대차 - 추돌,안전운전불이행,건조,맑음,단일로 - 기타,승용,남,30세,상해없음,승용,남,31세,경상
2021120500100060,2021년 12월 5일 06시,일요일,인천광역시 서구 가좌동,중상사고,0,1,1,0,차대차 - 기타,기타,건조,맑음,교차로 - 교차로안,기타불명,기타불명,미분류,기타불명,승용,여,53세,경상
2021120500100070,2021년 12월 5일 07시,일요일,인천광역시 미추홀구 학익동,경상사고,0,0,2,0,차대차 - 측면충돌,안전운전불이행,건조,맑음,교차로 - 교차로부근,승용,남,53세,상해없음,승용,남,53세,경상
2021120500100097,2021년 12월 5일 09시,일요일,인천광역시 계양구 박촌동,경상사고,0,0,2,0,차대차 - 기타,안전운전불이행,건조,맑음,단일로 - 기타,승용,남,57세,상해없음,승합,남,59세,상해없음
2021120500100165,2021년 12월 5일 12시,일요일,인천광역시 미추홀구 숭의동,경상사고,0,0,1,0,차대차 - 측면충돌,안전운전불이행,건조,맑음,단일로 - 기타,화물,남,61세,상해없음,승용,남,27세,상해없음
2021120500100166,2021년 12월 5일 12시,일요일,인천광역시 남동구 만수동,부상신고사고,0,0,0,1,차대차 - 기타,교차로운행방법위반,건조,맑음,교차로 - 교차로안,승용,남,32세,상해없음,원동기,남,32세,부상신고
2021120500100167,2021년 12월 5일 12시,일요일,인천광역시 연수구 동춘동,경상사고,0,0,2,0,차대차 - 측면충돌,안전거리미확보,건조,맑음,단일로 - 고가도로위,승합,남,60세,상해없음,승용,남,44세,경상
2021120500100256,2021년 12월 5일 15시,일요일,인천광역시 부평구 구산동,부상신고사고,0,0,0,1,차대사람 - 기타,보행자보호의무위반,건조,맑음,교차로 - 교차로횡단보도내,승용,남,58세,상해없음,보행자,남,28세,부상신고
2021120500100282,2021년 12월 5일 16시,일요일,인천광역시 미추홀구 도화동,경상사고,0,0,1,0,차대차 - 측면충돌,신호위반,건조,맑음,교차로 - 교차로부근,승용,여,69세,상해없음,이륜,남,40세,경상
2021120500100283,2021년 12월 5일 16시,일요일,인천광역시 부평구 부평동,부상신고사고,0,0,0,1,차대차 - 측면충돌,안전운전불이행,건조,맑음,교차로 - 교차로부근,승용,남,76세,상해없음,승용,남,22세,부상신고
2021120500100318,2021년 12월 5일 17시,일요일,인천광역시 서구 대곡동,경상사고,0,0,1,0,차대차 - 기타,기타,건조,맑음,단일로 - 기타,화물,남,56세,상해없음,화물,남,57세,경상
2021120500100319,2021년 12월 5일 17시,일요일,인천광역시 중구 운남동,경상사고,0,0,1,0,차대차 - 기타,안전운전불이행,건조,맑음,단일로 - 기타,승용,여,38세,상해없음,승용,남,38세,경상
2021120500100345,2021년 12월 5일 18시,일요일,인천광역시 미추홀구 용현동,경상사고,0,0,1,0,차대차 - 추돌,안전운전불이행,건조,맑음,단일로 - 기타,승용,남,34세,상해없음,승용,남,69세,경상
2021120500100346,2021년 12월 5일 18시,일요일,인천광역시 남동구 간석동,경상사고,0,0,4,0,차대차 - 추돌,안전운전불이행,건조,맑음,단일로 - 기타,승용,남,55세,상해없음,승용,남,38세,경상
2021120500100382,2021년 12월 5일 19시,일요일,인천광역시 계양구 계산동,경상사고,0,0,1,0,차대차 - 측면충돌,직진우회전진행방해,건조,맑음,교차로 - 교차로안,이륜,남,33세,상해없음,이륜,남,34세,경상
2021120500100400,2021년 12월 5일 20시,일요일,인천광역시 강화군 선원면,중상사고,0,1,2,0,차대차 - 측면충돌,안전운전불이행,건조,맑음,단일로 - 지하차도(도로)내,승용,남,48세,상해없음,승용,여,43세,경상
2021120500100417,2021년 12월 5일 21시,일요일,인천광역시 계양구 용종동,경상사고,0,0,1,0,차대차 - 측면충돌,안전거리미확보,건조,맑음,교차로 - 교차로부근,화물,남,51세,상해없음,승용,여,41세,경상
2021120500100429,2021년 12월 5일 22시,일요일,인천광역시 서구 석남동,중상사고,0,1,0,0,차대차 - 측면충돌,안전운전불이행,건조,맑음,교차로 - 교차로안,승용,남,31세,상해없음,원동기,남,32세,중상
2021120500100430,2021년 12월 5일 22시,일요일,인천광역시 서구 청라동,경상사고,0,0,1,0,차대차 - 기타,안전운전불이행,건조,맑음,단일로 - 기타,승용,남,24세,기타불명,이륜,남,39세,기타불명
2021120500100444,2021년 12월 5일 23시,일요일,인천광역시 부평구 십정동,경상사고,0,0,1,0,차대차 - 추돌,안전운전불이행,건조,맑음,교차로 - 교차로부근,승용,남,26세,상해없음,승용,남,28세,경상
2021120500100445,2021년 12월 5일 23시,일요일,인천광역시 계양구 작전동,중상사고,0,1,0,0,차대사람 - 기타,안전운전불이행,건조,맑음,단일로 - 기타,승용,남,57세,상해없음,보행자,남,57세,중상
2021120500100446,2021년 12월 5일 23시,일요일,인천광역시 부평구 부평동,중상사고,0,1,0,0,차대차 - 정면충돌,신호위반,건조,맑음,교차로 - 교차로안,이륜,남,26세,상해없음,이륜,남,52세,중상
2021120600100038,2021년 12월 6일 06시,월요일,인천광역시 서구 석남동,중상사고,0,2,0,0,차대차 - 추돌,기타,건조,맑음,단일로 - 기타,승용,남,71세,중상,원동기,여,58세,중상
2021120600100039,2021년 12월 6일 06시,월요일,인천광역시 연수구 송도동,사망사고,1,0,1,0,차대차 - 추돌,안전운전불이행,건조,맑음,단일로 - 기타,건설기계,남,42세,사망,화물,남,59세,경상
2021120600100055,2021년 12월 6일 07시,월요일,인천광역시 중구 신흥동1가,경상사고,0,0,1,0,차대차 - 기타,신호위반,건조,맑음,기타 - 기타,화물,남,45세,상해없음,승용,남,32세,경상
2021120600100096,2021년 12월 6일 08시,월요일,인천광역시 서구 청라동,경상사고,0,0,2,0,차대차 - 측면충돌,신호위반,건조,맑음,교차로 - 교차로안,승용,여,42세,상해없음,승용,여,37세,경상
2021120600100132,2021년 12월 6일 09시,월요일,인천광역시 남동구 도림동,경상사고,0,0,1,0,차대차 - 측면충돌,교차로운행방법위반,건조,맑음,교차로 - 교차로부근,승용,여,39세,상해없음,승용,여,50세,경상
2021120600100190,2021년 12월 6일 11시,월요일,인천광역시 계양구 효성동,경상사고,0,0,1,0,차대사람 - 길가장자리구역통행중,안전운전불이행,건조,맑음,기타 - 기타,화물,여,46세,상해없음,보행자,남,37세,경상
2021120600100251,2021년 12월 6일 13시,월요일,인천광역시 남동구 만수동,경상사고,0,0,1,0,차대차 - 기타,안전거리미확보,건조,맑음,단일로 - 기타,승용,남,44세,상해없음,원동기,남,54세,경상
2021120600100252,2021년 12월 6일 13시,월요일,인천광역시 남동구 만수동,경상사고,0,0,1,0,차대차 - 측면충돌,안전운전불이행,건조,맑음,교차로 - 교차로안,승용,남,39세,상해없음,이륜,남,23세,경상
2021120600100253,2021년 12월 6일 13시,월요일,인천광역시 미추홀구 학익동,경상사고,0,0,1,0,차대차 - 기타,안전거리미확보,건조,맑음,기타 - 기타,승용,남,61세,상해없음,화물,남,58세,경상
2021120600100337,2021년 12월 6일 16시,월요일,인천광역시 남동구 구월동,경상사고,0,0,1,0,차대사람 - 기타,안전운전불이행,건조,맑음,단일로 - 기타,승용,남,61세,기타불명,보행자,남,50세,경상
2021120600100338,2021년 12월 6일 16시,월요일,인천광역시 연수구 옥련동,중상사고,0,1,0,0,차대차 - 측면충돌,안전거리미확보,건조,맑음,단일로 - 기타,화물,남,63세,상해없음,이륜,남,28세,중상
2021120600100383,2021년 12월 6일 17시,월요일,인천광역시 부평구 청천동,경상사고,0,0,1,0,차대차 - 측면충돌,안전운전불이행,건조,맑음,교차로 - 교차로안,화물,남,48세,상해없음,승용,남,43세,경상
2021120600100384,2021년 12월 6일 17시,월요일,인천광역시 서구 청라동,중상사고,0,2,1,0,차대차 - 추돌,안전운전불이행,건조,맑음,단일로 - 기타,승용,남,63세,상해없음,승용,남,29세,중상
2021120600100445,2021년 12월 6일 18시,월요일,인천광역시 미추홀구 숭의동,경상사고,0,0,1,0,차대사람 - 차도통행중,안전운전불이행,건조,맑음,단일로 - 기타,승용,여,38세,상해없음,보행자,여,79세,경상
2021120600100446,2021년 12월 6일 18시,월요일,인천광역시 계양구 병방동,경상사고,0,0,2,0,차대차 - 측면충돌,안전운전불이행,건조,맑음,기타 - 기타,승용,남,32세,상해없음,승용,남,46세,경상
2021120600100486,2021년 12월 6일 19시,월요일,인천광역시 중구 중산동,경상사고,0,0,1,0,차대차 - 추돌,안전운전불이행,건조,맑음,단일로 - 지하차도(도로)내,이륜,남,25세,상해없음,승합,남,61세,상해없음
2021120600100487,2021년 12월 6일 19시,월요일,인천광역시 연수구 청학동,경상사고,0,0,1,0,차대차 - 측면충돌,신호위반,건조,맑음,교차로 - 교차로안,승용,남,54세,상해없음,승용,여,45세,경상
2021120600100510,2021년 12월 6일 20시,월요일,인천광역시 미추홀구 주안동,경상사고,0,0,1,0,차대차 - 정면충돌,신호위반,건조,맑음,교차로 - 교차로안,승용,남,56세,상해없음,이륜,남,35세,경상
2021120600100533,2021년 12월 6일 21시,월요일,인천광역시 남동구 간석동,경상사고,0,0,1,0,차대차 - 측면충돌,안전운전불이행,건조,맑음,교차로 - 교차로부근,승합,남,54세,상해없음,승용,여,39세,경상
2021120600100534,2021년 12월 6일 21시,월요일,인천광역시 서구 원창동,경상사고,0,0,5,0,차대차 - 측면충돌,안전운전불이행,건조,맑음,단일로 - 기타,승용,남,49세,상해없음,승용,여,31세,경상
2021120600100577,2021년 12월 6일 23시,월요일,인천광역시 서구 가좌동,중상사고,0,1,1,0,차대사람 - 기타,안전운전불이행,건조,맑음,교차로 - 교차로부근,개인형이동수단(PM),남,42세,상해없음,보행자,여,20세,중상
2021120600100578,2021년 12월 6일 23시,월요일,인천광역시 부평구 삼산동,경상사고,0,0,2,0,차량단독 - 기타,기타,건조,맑음,주차장 - 주차장,승용,남,40세,상해없음,,,,
2021120700100011,2021년 12월 7일 00시,화요일,인천광역시 연수구 송도동,경상사고,0,0,1,0,차대사람 - 횡단중,신호위반,건조,맑음,단일로 - 지하차도(도로)내,원동기,남,27세,상해없음,보행자,남,34세,경상
2021120700100012,2021년 12월 7일 00시,화요일,인천광역시 부평구 부평동,경상사고,0,0,1,0,차대차 - 후진중충돌,안전운전불이행,기타,맑음,단일로 - 기타,승용,남,37세,상해없음,승용,남,56세,경상
2021120700100024,2021년 12월 7일 01시,화요일,인천광역시 부평구 산곡동,경상사고,0,0,1,0,차대차 - 측면충돌,중앙선침범,건조,맑음,단일로 - 기타,승용,남,23세,상해없음,화물,남,50세,경상
2021120700100025,2021년 12월 7일 01시,화요일,인천광역시 서구 검암동,경상사고,0,0,2,0,차대차 - 추돌,안전운전불이행,건조,맑음,단일로 - 기타,승용,여,25세,상해없음,승용,남,62세,경상
2021120700100042,2021년 12월 7일 05시,화요일,인천광역시 계양구 계산동,경상사고,0,0,1,0,차대차 - 측면충돌,안전거리미확보,건조,맑음,단일로 - 기타,특수,남,25세,상해없음,승용,남,45세,경상
2021120700100117,2021년 12월 7일 08시,화요일,인천광역시 부평구 삼산동,경상사고,0,0,1,0,차대차 - 추돌,안전운전불이행,건조,맑음,교차로 - 교차로부근,승용,남,34세,상해없음,승용,여,55세,경상
2021120700100142,2021년 12월 7일 09시,화요일,인천광역시 중구 운서동,부상신고사고,0,0,0,1,차대차 - 추돌,안전운전불이행,건조,맑음,단일로 - 기타,승용,남,62세,상해없음,승용,남,63세,부상신고
2021120700100143,2021년 12월 7일 09시,화요일,인천광역시 연수구 청학동,경상사고,0,0,1,0,차대차 - 측면충돌,교차로운행방법위반,건조,맑음,단일로 - 기타,승용,여,61세,상해없음,승용,여,44세,경상
2021120700100165,2021년 12월 7일 10시,화요일,인천광역시 미추홀구 용현동,경상사고,0,0,1,0,차대사람 - 기타,안전운전불이행,건조,맑음,단일로 - 기타,기타불명,기타불명,미분류,기타불명,보행자,남,41세,경상
2021120700100245,2021년 12월 7일 12시,화요일,인천광역시 부평구 부평동,경상사고,0,0,1,0,차대차 - 추돌,안전운전불이행,건조,맑음,단일로 - 기타,이륜,남,29세,상해없음,승용,여,27세,경상
2021120700100246,2021년 12월 7일 12시,화요일,인천광역시 남동구 만수동,경상사고,0,0,1,0,차대차 - 측면충돌,안전운전불이행,건조,맑음,교차로 - 교차로안,승용,남,56세,기타불명,승용,여,37세,경상
2021120700100247,2021년 12월 7일 12시,화요일,인천광역시 부평구 삼산동,경상사고,0,0,1,0,차대차 - 측면충돌,안전거리미확보,건조,맑음,교차로 - 교차로부근,화물,남,67세,상해없음,승용,남,26세,경상
2021120700100282,2021년 12월 7일 13시,화요일,인천광역시 미추홀구 도화동,경상사고,0,0,1,0,차대사람 - 횡단중,보행자보호의무위반,건조,맑음,교차로 - 교차로안,화물,남,51세,상해없음,보행자,여,79세,경상
2021120700100283,2021년 12월 7일 13시,화요일,인천광역시 서구 석남동,경상사고,0,0,1,0,차대사람 - 기타,안전운전불이행,건조,맑음,단일로 - 기타,화물,남,70세,상해없음,보행자,남,67세,경상
2021120700100436,2021년 12월 7일 17시,화요일,인천광역시 강화군 강화읍,경상사고,0,0,1,0,차대차 - 측면충돌,교차로운행방법위반,건조,맑음,교차로 - 교차로안,화물,남,49세,상해없음,승용,남,27세,경상
2021120700100437,2021년 12월 7일 17시,화요일,인천광역시 남동구 장수동,경상사고,0,0,1,0,차대차 - 추돌,안전거리미확보,건조,맑음,단일로 - 기타,특수,남,51세,상해없음,승용,여,46세,경상
2021120700100489,2021년 12월 7일 18시,화요일,인천광역시 남동구 간석동,경상사고,0,0,1,0,차대차 - 추돌,안전운전불이행,건조,맑음,교차로 - 교차로부근,승용,여,29세,상해없음,승용,여,25세,경상
2021120700100526,2021년 12월 7일 19시,화요일,인천광역시 남동구 간석동,경상사고,0,0,1,0,차대차 - 추돌,안전운전불이행,건조,맑음,교차로 - 교차로부근,승용,남,62세,상해없음,승용,여,46세,경상
2021120700100527,2021년 12월 7일 19시,화요일,인천광역시 계양구 박촌동,경상사고,0,0,1,0,차대차 - 측면충돌,안전운전불이행,건조,맑음,단일로 - 기타,승용,남,65세,상해없음,이륜,남,17세,경상
2021120700100549,2021년 12월 7일 20시,화요일,인천광역시 미추홀구 주안동,경상사고,0,0,1,0,차대사람 - 횡단중,보행자보호의무위반,건조,맑음,교차로 - 교차로횡단보도내,승용,여,44세,기타불명,보행자,남,25세,경상
2021120800100014,2021년 12월 8일 01시,수요일,인천광역시 미추홀구 주안동,경상사고,0,0,2,0,차대차 - 기타,안전운전불이행,건조,맑음,단일로 - 기타,승용,여,21세,상해없음,승용,남,36세,경상
2021120800100015,2021년 12월 8일 01시,수요일,인천광역시 남동구 만수동,경상사고,0,0,1,0,차대차 - 추돌,안전운전불이행,건조,맑음,단일로 - 기타,승용,남,29세,상해없음,화물,남,52세,경상
2021120800100064,2021년 12월 8일 06시,수요일,인천광역시 서구 경서동,중상사고,0,1,1,0,차대차 - 기타,신호위반,건조,맑음,교차로 - 교차로안,승용,남,53세,상해없음,승용,남,67세,경상
2021120800100083,2021년 12월 8일 07시,수요일,인천광역시 중구 신흥동3가,중상사고,0,1,0,0,차대사람 - 횡단중,신호위반,건조,맑음,교차로 - 교차로횡단보도내,승합,남,61세,상해없음,보행자,여,75세,중상
2021120800100084,2021년 12월 8일 07시,수요일,인천광역시 계양구 서운동,경상사고,0,0,1,0,차대차 - 측면충돌,안전운전불이행,건조,맑음,단일로 - 교량,화물,남,50세,상해없음,건설기계,남,29세,상해없음
2021120800100085,2021년 12월 8일 07시,수요일,인천광역시 계양구 서운동,경상사고,0,0,1,0,차대차 - 측면충돌,안전운전불이행,건조,맑음,단일로 - 교량,건설기계,남,36세,상해없음,승용,남,57세,경상
2021120800100122,2021년 12월 8일 08시,수요일,인천광역시 부평구 부평동,사망사고,1,0,0,0,차대사람 - 횡단중,보행자보호의무위반,건조,맑음,교차로 - 교차로안,건설기계,남,65세,상해없음,보행자,남,9세,사망
2021120800100123,2021년 12월 8일 08시,수요일,인천광역시 서구 마전동,중상사고,0,1,0,0,차대사람 - 횡단중,보행자보호의무위반,건조,맑음,교차로 - 교차로횡단보도내,승용,여,40세,상해없음,보행자,여,74세,중상
2021120800100124,2021년 12월 8일 08시,수요일,인천광역시 남동구 만수동,경상사고,0,0,1,0,차대사람 - 길가장자리구역통행중,안전운전불이행,건조,맑음,교차로 - 교차로부근,승용,여,31세,상해없음,보행자,여,17세,경상
2021120800100149,2021년 12월 8일 09시,수요일,인천광역시 서구 금곡동,경상사고,0,0,1,0,차대차 - 측면충돌,안전운전불이행,건조,맑음,교차로 - 교차로안,승용,여,50세,상해없음,승용,남,44세,경상
2021120800100208,2021년 12월 8일 11시,수요일,인천광역시 서구 당하동,사망사고,1,0,0,0,차대사람 - 횡단중,안전운전불이행,건조,맑음,단일로 - 기타,승용,남,49세,상해없음,보행자,여,79세,사망
2021120800100235,2021년 12월 8일 12시,수요일,인천광역시 미추홀구 용현동,경상사고,0,0,2,0,차대차 - 추돌,안전운전불이행,건조,맑음,단일로 - 기타,이륜,남,48세,경상,승용,남,26세,경상
2021120800100236,2021년 12월 8일 12시,수요일,인천광역시 연수구 동춘동,경상사고,0,0,2,2,차대차 - 측면충돌,안전거리미확보,건조,맑음,교차로 - 교차로부근,승용,여,46세,부상신고,승용,여,52세,부상신고
2021120800100276,2021년 12월 8일 13시,수요일,인천광역시 부평구 부평동,경상사고,0,0,1,0,차대차 - 정면충돌,안전운전불이행,건조,맑음,교차로 - 교차로안,건설기계,남,56세,상해없음,이륜,남,33세,경상
2021120800100277,2021년 12월 8일 13시,수요일,인천광역시 서구 청라동,중상사고,0,1,1,0,차대사람 - 기타,안전운전불이행,건조,맑음,단일로 - 기타,자전거,남,56세,중상,보행자,여,61세,경상
2021120800100348,2021년 12월 8일 15시,수요일,인천광역시 서구 가좌동,경상사고,0,0,1,0,차대차 - 추돌,안전운전불이행,건조,맑음,단일로 - 기타,승용,남,57세,상해없음,승용,남,52세,경상
2021120800100387,2021년 12월 8일 16시,수요일,인천광역시 부평구 산곡동,중상사고,0,1,1,0,차대차 - 기타,신호위반,건조,맑음,교차로 - 교차로안,승용,여,43세,상해없음,승용,여,53세,경상
2021120800100388,2021년 12월 8일 16시,수요일,인천광역시 강화군 길상면,경상사고,0,0,1,0,차대차 - 측면충돌,안전운전불이행,건조,맑음,교차로 - 교차로부근,화물,남,35세,상해없음,승용,여,58세,경상
2021120800100497,2021년 12월 8일 18시,수요일,인천광역시 중구 중산동,경상사고,0,0,1,0,차대차 - 기타,안전거리미확보,건조,맑음,교차로 - 교차로부근,기타불명,기타불명,미분류,기타불명,이륜,남,48세,경상
2021120800100498,2021년 12월 8일 18시,수요일,인천광역시 서구 마전동,중상사고,0,1,0,0,차대사람 - 횡단중,보행자보호의무위반,건조,맑음,교차로 - 교차로횡단보도내,승용,남,37세,상해없음,보행자,남,53세,중상
2021120800100578,2021년 12월 8일 21시,수요일,인천광역시 부평구 산곡동,경상사고,0,0,2,0,차대차 - 추돌,안전운전불이행,건조,맑음,단일로 - 기타,승용,남,56세,상해없음,승용,남,30세,경상
2021120800100606,2021년 12월 8일 23시,수요일,인천광역시 미추홀구 학익동,경상사고,0,0,2,0,차대차 - 기타,신호위반,건조,맑음,교차로 - 교차로부근,승용,남,24세,상해없음,승용,여,48세,경상
2021120900100020,2021년 12월 9일 02시,목요일,인천광역시 부평구 부평동,경상사고,0,0,1,0,차대사람 - 기타,안전운전불이행,건조,맑음,단일로 - 기타,승용,남,25세,상해없음,보행자,남,22세,경상
2021120900100030,2021년 12월 9일 04시,목요일,인천광역시 중구 북성동1가,중상사고,0,1,1,0,차대차 - 정면충돌,안전운전불이행,건조,맑음,교차로 - 교차로안,승용,남,30세,상해없음,화물,남,43세,중상
2021120900100034,2021년 12월 9일 05시,목요일,인천광역시 서구 석남동,중상사고,0,1,0,0,차대차 - 추돌,안전운전불이행,건조,맑음,교차로 - 교차로안,이륜,남,35세,중상,화물,남,59세,상해없음
2021120900100070,2021년 12월 9일 07시,목요일,인천광역시 계양구 박촌동,경상사고,0,0,1,0,차대차 - 측면충돌,안전거리미확보,건조,맑음,단일로 - 기타,특수,남,57세,상해없음,승용,남,47세,경상
2021120900100109,2021년 12월 9일 08시,목요일,인천광역시 강화군 화도면,경상사고,0,0,1,0,차대차 - 측면충돌,안전운전불이행,건조,맑음,교차로 - 교차로안,건설기계,남,55세,상해없음,승용,여,57세,상해없음
2021120900100132,2021년 12월 9일 09시,목요일,인천광역시 남동구 구월동,사망사고,1,0,0,0,차대사람 - 횡단중,안전운전불이행,건조,맑음,교차로 - 교차로횡단보도내,승용,여,38세,상해없음,보행자,남,90세,사망
2021120900100133,2021년 12월 9일 09시,목요일,인천광역시 서구 경서동,경상사고,0,0,1,0,차대차 - 기타,안전운전불이행,건조,맑음,단일로 - 기타,승용,남,51세,상해없음,화물,남,63세,경상
2021120900100148,2021년 12월 9일 10시,목요일,인천광역시 미추홀구 도화동,부상신고사고,0,0,0,1,차대사람 - 횡단중,안전운전불이행,건조,맑음,교차로 - 교차로부근,기타불명,기타불명,미분류,기타불명,보행자,여,30세,부상신고
2021120900100149,2021년 12월 9일 10시,목요일,인천광역시 부평구 산곡동,중상사고,0,1,0,0,차대사람 - 기타,안전운전불이행,건조,맑음,교차로 - 교차로횡단보도내,이륜,남,32세,상해없음,보행자,여,34세,중상
2021120900100277,2021년 12월 9일 15시,목요일,인천광역시 부평구 일신동,부상신고사고,0,0,0,1,차대차 - 측면충돌,안전운전불이행,건조,흐림,단일로 - 교량,화물,남,47세,상해없음,화물,남,57세,부상신고
2021120900100300,2021년 12월 9일 16시,목요일,인천광역시 미추홀구 용현동,경상사고,0,0,2,0,차대차 - 측면충돌,안전운전불이행,건조,맑음,교차로 - 교차로안,이륜,남,28세,상해없음,승용,여,64세,경상
2021120900100351,2021년 12월 9일 17시,목요일,인천광역시 연수구 청학동,경상사고,0,0,1,0,차대차 - 추돌,안전운전불이행,건조,맑음,교차로 - 교차로안,승용,남,48세,상해없음,승용,여,38세,경상
2021120900100408,2021년 12월 9일 18시,목요일,인천광역시 미추홀구 주안동,중상사고,0,1,0,0,차대차 - 기타,안전운전불이행,건조,맑음,교차로 - 교차로부근,원동기,남,31세,상해없음,원동기,남,23세,중상
2021120900100409,2021년 12월 9일 18시,목요일,인천광역시 부평구 산곡동,경상사고,0,0,1,0,차대차 - 측면충돌,안전운전불이행,건조,맑음,교차로 - 교차로안,승용,여,41세,상해없음,승용,여,43세,경상
2021120900100410,2021년 12월 9일 18시,목요일,인천광역시 서구 가좌동,경상사고,0,0,1,0,차대차 - 측면충돌,안전운전불이행,건조,맑음,교차로 - 교차로부근,화물,남,56세,상해없음,승용,여,47세,경상
2021120900100411,2021년 12월 9일 18시,목요일,인천광역시 계양구 작전동,부상신고사고,0,0,0,1,차대차 - 측면충돌,안전운전불이행,건조,맑음,단일로 - 기타,승용,남,27세,부상신고,화물,여,25세,상해없음