사고번호,사고일시,요일,시군구,사고내용,사망자수,중상자수,경상자수,부상신고자수,사고유형,법규위반,노면상태,기상상태,도로형태,가해운전자 차종,가해운전자 성별,가해운전자 연령,가해운전자 상해정도,피해운전자 차종,피해운전자 성별,피해운전자 연령,피해운전자 상해정도
2021122600100330,2021년 12월 26일 21시,일요일,인천광역시 부평구 청천동,중상사고,0,1,2,0,차대차 - 측면충돌,안전운전불이행,건조,맑음,단일로 - 기타,승용,남,57세,상해없음,승용,남,42세,중상
2021122600100331,2021년 12월 26일 21시,일요일,인천광역시 계양구 계산동,경상사고,0,0,1,0,차대사람 - 차도통행중,안전운전불이행,건조,맑음,단일로 - 기타,승용,남,31세,상해없음,보행자,남,47세,경상
2021122600100332,2021년 12월 26일 21시,일요일,인천광역시 계양구 계산동,경상사고,0,0,1,0,차대차 - 후진중충돌,안전운전불이행,건조,맑음,교차로 - 교차로부근,승용,남,68세,상해없음,개인형이동수단(PM),남,26세,경상
2021122600100333,2021년 12월 26일 21시,일요일,인천광역시 연수구 송도동,중상사고,0,1,2,0,차대차 - 측면충돌,신호위반,건조,맑음,교차로 - 교차로안,승용,남,19세,상해없음,승용,남,27세,경상
2021122600100355,2021년 12월 26일 22시,일요일,인천광역시 미추홀구 주안동,경상사고,0,0,2,0,차대차 - 추돌,안전운전불이행,건조,맑음,교차로 - 교차로안,승합,남,55세,상해없음,승용,여,26세,경상
2021122600100363,2021년 12월 26일 23시,일요일,인천광역시 미추홀구 학익동,경상사고,0,0,1,1,차대차 - 추돌,안전운전불이행,건조,맑음,교차로 - 교차로부근,승용,남,25세,상해없음,승용,남,30세,경상
2021122700100002,2021년 12월 27일 00시,월요일,인천광역시 미추홀구 용현동,중상사고,0,1,0,0,차대사람 - 횡단중,보행자보호의무위반,건조,맑음,교차로 - 교차로부근,승용,여,35세,상해없음,보행자,여,48세,중상
2021122700100004,2021년 12월 27일 01시,월요일,인천광역시 미추홀구 주안동,경상사고,0,0,1,0,차대차 - 추돌,안전운전불이행,건조,맑음,교차로 - 교차로부근,승용,남,58세,상해없음,이륜,남,29세,경상
2021122700100086,2021년 12월 27일 08시,월요일,인천광역시 서구 가정동,경상사고,0,0,1,0,차대차 - 측면충돌,신호위반,건조,맑음,교차로 - 교차로안,승용,여,52세,상해없음,승용,남,46세,경상
2021122700100087,2021년 12월 27일 08시,월요일,인천광역시 연수구 연수동,경상사고,0,0,1,0,차대차 - 측면충돌,안전운전불이행,건조,맑음,단일로 - 기타,승용,남,24세,상해없음,승용,남,55세,경상
2021122700100117,2021년 12월 27일 09시,월요일,인천광역시 서구 가좌동,경상사고,0,0,1,0,차대사람 - 보도통행중,기타,건조,맑음,교차로 - 교차로부근,승용,남,59세,상해없음,보행자,여,63세,경상
2021122700100145,2021년 12월 27일 10시,월요일,인천광역시 남동구 간석동,경상사고,0,0,1,0,차대차 - 측면충돌,교차로운행방법위반,건조,맑음,교차로 - 교차로안,원동기,여,60세,상해없음,승용,남,65세,경상
2021122700100175,2021년 12월 27일 11시,월요일,인천광역시 부평구 산곡동,경상사고,0,0,1,0,차대차 - 추돌,안전운전불이행,건조,맑음,교차로 - 교차로부근,승용,남,18세,상해없음,승용,남,41세,경상
2021122700100202,2021년 12월 27일 12시,월요일,인천광역시 남동구 구월동,경상사고,0,0,1,0,차대차 - 정면충돌,안전운전불이행,건조,맑음,교차로 - 교차로부근,승용,남,64세,상해없음,이륜,남,30세,경상
2021122700100203,2021년 12월 27일 12시,월요일,인천광역시 계양구 작전동,경상사고,0,0,1,0,차대차 - 측면충돌,안전운전불이행,건조,맑음,단일로 - 기타,이륜,남,38세,경상,화물,남,47세,상해없음
2021122700100204,2021년 12월 27일 12시,월요일,인천광역시 강화군 강화읍,경상사고,0,0,1,0,차대차 - 측면충돌,안전운전불이행,건조,맑음,교차로 - 교차로부근,화물,남,74세,상해없음,승용,여,58세,경상
2021122700100231,2021년 12월 27일 13시,월요일,인천광역시 서구 청라동,경상사고,0,0,1,0,차대차 - 추돌,신호위반,건조,맑음,교차로 - 교차로안,승용,남,64세,상해없음,승용,남,73세,경상
2021122700100232,2021년 12월 27일 13시,월요일,인천광역시 서구 심곡동,경상사고,0,0,1,0,차대사람 - 기타,안전운전불이행,건조,맑음,단일로 - 기타,승용,남,57세,상해없음,보행자,여,86세,경상
2021122700100269,2021년 12월 27일 14시,월요일,인천광역시 미추홀구 주안동,부상신고사고,0,0,0,1,차대사람 - 기타,안전운전불이행,건조,맑음,단일로 - 기타,승용,여,63세,상해없음,보행자,남,30세,부상신고
2021122700100270,2021년 12월 27일 14시,월요일,인천광역시 남동구 구월동,경상사고,0,0,1,0,차대차 - 추돌,안전운전불이행,건조,맑음,교차로 - 교차로안,승용,남,61세,상해없음,승합,남,37세,경상
2021122700100271,2021년 12월 27일 14시,월요일,인천광역시 남동구 간석동,경상사고,0,0,1,0,차대차 - 측면충돌,차로위반,건조,맑음,단일로 - 기타,승용,여,61세,상해없음,승용,남,70세,경상
2021122700100272,2021년 12월 27일 14시,월요일,인천광역시 서구 청라동,경상사고,0,0,1,0,차대차 - 기타,안전운전불이행,적설,눈,단일로 - 기타,기타불명,기타불명,미분류,기타불명,이륜,남,25세,경상
2021122700100315,2021년 12월 27일 15시,월요일,인천광역시 서구 가좌동,중상사고,0,1,0,0,차대사람 - 보도통행중,보행자보호의무위반,건조,맑음,교차로 - 교차로횡단보도내,화물,남,48세,상해없음,보행자,남,78세,중상
2021122700100316,2021년 12월 27일 15시,월요일,인천광역시 서구 마전동,경상사고,0,0,2,0,차대차 - 측면충돌,안전운전불이행,건조,맑음,단일로 - 기타,승용,여,73세,상해없음,승용,남,30세,경상
2021122700100341,2021년 12월 27일 16시,월요일,인천광역시 부평구 삼산동,경상사고,0,0,4,0,차대차 - 측면충돌,안전운전불이행,젖음/습기,흐림,단일로 - 기타,승용,남,42세,상해없음,화물,남,67세,경상
2021122700100384,2021년 12월 27일 17시,월요일,인천광역시 미추홀구 용현동,중상사고,0,1,0,0,차대사람 - 횡단중,보행자보호의무위반,건조,맑음,단일로 - 기타,이륜,남,26세,상해없음,보행자,여,20세,중상
2021122700100385,2021년 12월 27일 17시,월요일,인천광역시 미추홀구 관교동,경상사고,0,0,1,0,차대차 - 후진중충돌,안전운전불이행,건조,맑음,단일로 - 기타,화물,남,52세,상해없음,이륜,남,31세,경상
2021122700100386,2021년 12월 27일 17시,월요일,인천광역시 연수구 연수동,경상사고,0,0,1,0,차대차 - 추돌,기타,서리/결빙,흐림,단일로 - 기타,승용,남,53세,상해없음,승용,남,41세,경상
2021122700100387,2021년 12월 27일 17시,월요일,인천광역시 부평구 청천동,중상사고,0,1,0,0,차대차 - 추돌,안전운전불이행,건조,맑음,단일로 - 기타,승용,남,25세,상해없음,승용,여,36세,중상
2021122700100466,2021년 12월 27일 19시,월요일,인천광역시 동구 만석동,중상사고,0,1,0,0,차대사람 - 차도통행중,안전운전불이행,건조,흐림,단일로 - 기타,승용,여,31세,상해없음,보행자,여,45세,중상
2021122700100532,2021년 12월 27일 21시,월요일,인천광역시 서구 연희동,경상사고,0,0,1,0,차대차 - 기타,안전운전불이행,건조,맑음,단일로 - 기타,승용,남,44세,상해없음,승용,남,48세,경상
2021122700100562,2021년 12월 27일 22시,월요일,인천광역시 부평구 삼산동,경상사고,0,0,1,0,차대사람 - 기타,안전운전불이행,건조,맑음,기타 - 기타,승용,남,28세,상해없음,보행자,남,19세,경상
2021122700100563,2021년 12월 27일 22시,월요일,인천광역시 남동구 만수동,중상사고,0,2,1,0,차대차 - 측면충돌,기타,건조,맑음,기타 - 기타,승용,남,30세,중상,승용,남,57세,경상
2021122700100578,2021년 12월 27일 23시,월요일,인천광역시 미추홀구 용현동,경상사고,0,0,1,1,차대사람 - 기타,안전운전불이행,건조,맑음,단일로 - 기타,승용,남,37세,상해없음,보행자,남,45세,경상
2021122800100035,2021년 12월 28일 05시,화요일,인천광역시 남동구 만수동,경상사고,0,0,1,0,차대사람 - 횡단중,안전운전불이행,젖음/습기,기타,교차로 - 교차로횡단보도내,승용,여,62세,상해없음,보행자,남,60세,경상
2021122800100054,2021년 12월 28일 06시,화요일,인천광역시 중구 운서동,사망사고,1,0,0,0,차대사람 - 횡단중,보행자보호의무위반,건조,맑음,교차로 - 교차로횡단보도내,화물,남,48세,상해없음,보행자,남,70세,사망
2021122800100055,2021년 12월 28일 06시,화요일,인천광역시 서구 검암동,경상사고,0,0,1,0,차대차 - 추돌,안전운전불이행,건조,맑음,교차로 - 교차로부근,건설기계,남,50세,상해없음,승용,남,58세,경상
2021122800100075,2021년 12월 28일 07시,화요일,인천광역시 미추홀구 주안동,부상신고사고,0,0,0,1,차대사람 - 기타,안전운전불이행,건조,맑음,기타 - 기타,화물,남,41세,기타불명,보행자,여,81세,부상신고
2021122800100107,2021년 12월 28일 08시,화요일,인천광역시 미추홀구 관교동,중상사고,0,1,0,0,차대사람 - 기타,안전운전불이행,건조,맑음,기타 - 기타,승용,여,54세,상해없음,보행자,여,8세,중상
2021122800100108,2021년 12월 28일 08시,화요일,인천광역시 미추홀구 숭의동,중상사고,0,1,0,0,차대사람 - 길가장자리구역통행중,안전운전불이행,건조,맑음,단일로 - 기타,승용,여,36세,상해없음,보행자,남,79세,중상
2021122800100109,2021년 12월 28일 08시,화요일,인천광역시 연수구 옥련동,경상사고,0,0,1,0,차대차 - 측면충돌,안전운전불이행,건조,맑음,교차로 - 교차로부근,화물,남,24세,상해없음,승용,여,51세,경상
2021122800100110,2021년 12월 28일 08시,화요일,인천광역시 남동구 고잔동,경상사고,0,0,1,0,차대차 - 추돌,안전운전불이행,건조,맑음,단일로 - 기타,승용,남,34세,상해없음,승용,남,51세,경상
2021122800100138,2021년 12월 28일 09시,화요일,인천광역시 중구 항동1가,중상사고,0,1,0,0,차대차 - 정면충돌,중앙선침범,서리/결빙,흐림,단일로 - 고가도로위,화물,남,64세,상해없음,화물,남,54세,중상
2021122800100285,2021년 12월 28일 15시,화요일,인천광역시 부평구 청천동,경상사고,0,0,1,0,차대차 - 추돌,안전운전불이행,건조,맑음,단일로 - 기타,승용,남,63세,상해없음,화물,남,39세,경상
2021122800100350,2021년 12월 28일 17시,화요일,인천광역시 남동구 구월동,경상사고,0,0,1,0,차대차 - 추돌,안전운전불이행,건조,맑음,단일로 - 기타,승용,남,32세,상해없음,승용,여,44세,경상
2021122800100351,2021년 12월 28일 17시,화요일,인천광역시 서구 연희동,경상사고,0,0,1,0,차대차 - 추돌,안전운전불이행,건조,맑음,단일로 - 기타,승용,남,50세,상해없음,승용,남,32세,경상
2021122800100395,2021년 12월 28일 18시,화요일,인천광역시 미추홀구 용현동,경상사고,0,0,1,0,차대차 - 측면충돌,안전운전불이행,건조,맑음,교차로 - 교차로부근,승용,남,73세,상해없음,승용,남,30세,경상
2021122800100396,2021년 12월 28일 18시,화요일,인천광역시 미추홀구 주안동,경상사고,0,0,1,0,차대차 - 측면충돌,안전운전불이행,건조,맑음,단일로 - 기타,승용,남,41세,상해없음,승용,남,57세,경상
2021122800100397,2021년 12월 28일 18시,화요일,인천광역시 연수구 동춘동,경상사고,0,0,1,0,차대차 - 측면충돌,신호위반,건조,맑음,교차로 - 교차로안,승용,남,49세,상해없음,승용,남,24세,경상
2021122800100435,2021년 12월 28일 19시,화요일,인천광역시 서구 석남동,경상사고,0,0,2,0,차대사람 - 기타,신호위반,건조,맑음,단일로 - 기타,이륜,남,16세,경상,보행자,남,58세,경상
2021122800100436,2021년 12월 28일 19시,화요일,인천광역시 서구 당하동,경상사고,0,0,1,0,차대차 - 추돌,신호위반,건조,맑음,교차로 - 교차로안,승용,남,25세,상해없음,승용,여,58세,경상
2021122800100471,2021년 12월 28일 20시,화요일,인천광역시 중구 운남동,경상사고,0,0,1,0,차대차 - 측면충돌,안전운전불이행,건조,맑음,교차로 - 교차로부근,승용,남,38세,상해없음,승용,남,69세,경상
2021122800100472,2021년 12월 28일 20시,화요일,인천광역시 미추홀구 용현동,경상사고,0,0,1,0,차대차 - 기타,안전운전불이행,건조,맑음,단일로 - 기타,이륜,남,32세,경상,승용,남,48세,상해없음
2021122800100473,2021년 12월 28일 20시,화요일,인천광역시 미추홀구 문학동,경상사고,0,0,2,0,차대차 - 후진중충돌,안전운전불이행,건조,맑음,교차로 - 교차로부근,승용,남,63세,상해없음,승용,남,51세,경상
2021122800100498,2021년 12월 28일 21시,화요일,인천광역시 미추홀구 주안동,경상사고,0,0,1,0,차대차 - 측면충돌,안전거리미확보,건조,맑음,단일로 - 기타,승용,남,38세,상해없음,승용,남,30세,경상
2021122800100499,2021년 12월 28일 21시,화요일,인천광역시 서구 마전동,경상사고,0,0,1,0,차량단독 - 기타,안전운전불이행,건조,맑음,단일로 - 기타,승합,남,66세,상해없음,,,,
2021122800100533,2021년 12월 28일 22시,화요일,인천광역시 계양구 작전동,중상사고,0,1,2,0,차대차 - 측면충돌,신호위반,건조,맑음,교차로 - 교차로안,승용,남,49세,상해없음,승용,남,71세,경상
2021122800100546,2021년 12월 28일 23시,화요일,인천광역시 중구 운서동,중상사고,0,1,0,0,차대차 - 측면충돌,안전운전불이행,건조,맑음,교차로 - 교차로안,승용,남,24세,상해없음,이륜,남,40세,중상
2021122800100547,2021년 12월 28일 23시,화요일,인천광역시 계양구 작전동,경상사고,0,0,1,0,차대사람 - 횡단중,보행자보호의무위반,건조,맑음,교차로 - 교차로안,기타불명,기타불명,미분류,기타불명,보행자,남,46세,경상
2021122800100548,2021년 12월 28일 23시,화요일,인천광역시 연수구 청학동,경상사고,0,0,1,0,차대차 - 기타,신호위반,건조,맑음,교차로 - 교차로부근,승용,여,54세,상해없음,승용,남,66세,경상
2021122900100005,2021년 12월 29일 00시,수요일,인천광역시 서구 마전동,경상사고,0,0,1,0,차대차 - 측면충돌,신호위반,건조,맑음,교차로 - 교차로안,승용,남,28세,상해없음,승용,여,31세,경상
2021122900100038,2021년 12월 29일 06시,수요일,인천광역시 서구 가좌동,중상사고,0,1,0,0,차대사람 - 기타,기타,건조,맑음,교차로 - 교차로부근,승용,남,60세,상해없음,보행자,남,72세,중상
2021122900100059,2021년 12월 29일 07시,수요일,인천광역시 중구 항동7가,경상사고,0,0,1,0,차대차 - 기타,교차로운행방법위반,건조,맑음,교차로 - 교차로부근,승용,남,61세,상해없음,승용,남,29세,경상
2021122900100060,2021년 12월 29일 07시,수요일,인천광역시 부평구 부평동,경상사고,0,0,1,0,차대차 - 기타,신호위반,서리/결빙,맑음,교차로 - 교차로부근,승용,남,23세,기타불명,승용,남,30세,상해없음
2021122900100108,2021년 12월 29일 09시,수요일,인천광역시 부평구 청천동,경상사고,0,0,1,1,차대차 - 측면충돌,교차로운행방법위반,건조,맑음,교차로 - 교차로안,화물,남,32세,부상신고,승용,남,29세,경상
2021122900100109,2021년 12월 29일 09시,수요일,인천광역시 남동구 구월동,경상사고,0,0,1,0,차대사람 - 횡단중,기타,건조,맑음,단일로 - 기타,화물,남,36세,상해없음,보행자,여,45세,경상
2021122900100130,2021년 12월 29일 10시,수요일,인천광역시 부평구 부평동,경상사고,0,0,2,0,차대차 - 추돌,안전운전불이행,건조,맑음,단일로 - 기타,승용,남,64세,상해없음,승용,남,33세,경상
2021122900100131,2021년 12월 29일 10시,수요일,인천광역시 서구 경서동,중상사고,0,1,0,0,차대차 - 기타,중앙선침범,건조,맑음,교차로 - 교차로부근,승용,남,49세,상해없음,승용,남,23세,중상
2021122900100248,2021년 12월 29일 14시,수요일,인천광역시 남동구 간석동,경상사고,0,0,1,0,차대차 - 추돌,안전운전불이행,건조,맑음,단일로 - 기타,화물,남,31세,상해없음,승용,여,54세,경상
2021122900100283,2021년 12월 29일 15시,수요일,인천광역시 연수구 선학동,경상사고,0,0,3,0,차대차 - 측면충돌,안전운전불이행,건조,맑음,단일로 - 기타,승용,남,59세,상해없음,승용,남,28세,경상
2021122900100364,2021년 12월 29일 17시,수요일,인천광역시 부평구 청천동,중상사고,0,1,0,0,차대차 - 기타,신호위반,건조,맑음,교차로 - 교차로안,승용,여,51세,상해없음,이륜,남,46세,중상
2021122900100433,2021년 12월 29일 18시,수요일,인천광역시 부평구 청천동,경상사고,0,0,1,0,차대차 - 추돌,안전거리미확보,건조,맑음,교차로 - 교차로부근,승용,남,21세,상해없음,승용,남,23세,경상
2021122900100500,2021년 12월 29일 20시,수요일,인천광역시 계양구 작전동,경상사고,0,0,4,0,차대차 - 측면충돌,안전운전불이행,건조,맑음,교차로 - 교차로부근,승용,남,26세,경상,승용,여,24세,경상
2021122900100501,2021년 12월 29일 20시,수요일,인천광역시 연수구 선학동,경상사고,0,0,1,0,차대차 - 추돌,안전운전불이행,건조,맑음,단일로 - 기타,승용,남,36세,상해없음,승용,남,61세,경상
2021122900100528,2021년 12월 29일 21시,수요일,인천광역시 중구 운남동,경상사고,0,0,1,0,차대사람 - 횡단중,신호위반,건조,맑음,교차로 - 교차로부근,승용,여,46세,상해없음,보행자,남,28세,경상
2021122900100529,2021년 12월 29일 21시,수요일,인천광역시 서구 원창동,경상사고,0,0,1,0,차대차 - 추돌,안전거리미확보,건조,맑음,단일로 - 기타,승용,남,30세,상해없음,승용,여,42세,경상
2021122900100530,2021년 12월 29일 21시,수요일,인천광역시 계양구 서운동,경상사고,0,0,1,0,차대차 - 추돌,안전운전불이행,건조,맑음,교차로 - 교차로부근,승합,남,32세,상해없음,승용,남,49세,상해없음
2021122900100554,2021년 12월 29일 22시,수요일,인천광역시 미추홀구 숭의동,경상사고,0,0,1,0,차대사람 - 횡단중,신호위반,건조,맑음,기타 - 기타,기타불명,기타불명,미분류,기타불명,보행자,여,22세,경상
2021123000100019,2021년 12월 30일 02시,목요일,인천광역시 남동구 구월동,경상사고,0,0,1,0,차대차 - 기타,신호위반,서리/결빙,맑음,교차로 - 교차로부근,승용,남,61세,상해없음,이륜,남,34세,경상
2021123000100025,2021년 12월 30일 05시,목요일,인천광역시 부평구 부평동,중상사고,0,1,0,0,차대사람 - 횡단중,안전운전불이행,건조,맑음,단일로 - 기타,승용,남,66세,상해없음,보행자,여,68세,중상
2021123000100055,2021년 12월 30일 07시,목요일,인천광역시 연수구 송도동,중상사고,0,1,0,0,차대사람 - 횡단중,보행자보호의무위반,건조,맑음,교차로 - 교차로횡단보도내,승용,여,59세,상해없음,보행자,여,53세,중상
2021123000100107,2021년 12월 30일 09시,목요일,인천광역시 부평구 십정동,경상사고,0,0,1,0,차대차 - 측면충돌,안전운전불이행,건조,맑음,단일로 - 기타,승용,남,26세,상해없음,승용,남,29세,경상
2021123000100201,2021년 12월 30일 12시,목요일,인천광역시 서구 가좌동,경상사고,0,0,1,0,차대차 - 기타,안전운전불이행,건조,맑음,교차로 - 교차로안,승용,남,61세,상해없음,승용,남,27세,경상
2021123000100234,2021년 12월 30일 13시,목요일,인천광역시 부평구 십정동,경상사고,0,0,4,0,차대차 - 추돌,안전운전불이행,건조,맑음,단일로 - 기타,승용,남,74세,상해없음,승용,남,40세,경상
2021123000100235,2021년 12월 30일 13시,목요일,인천광역시 남동구 구월동,경상사고,0,0,1,0,차대차 - 측면충돌,중앙선침범,건조,맑음,단일로 - 기타,승용,남,44세,상해없음,이륜,남,27세,경상
2021123000100258,2021년 12월 30일 14시,목요일,인천광역시 옹진군 백령면,사망사고,1,0,0,0,차량단독 - 공작물충돌,안전운전불이행,젖음/습기,기타,단일로 - 기타,화물,남,70세,사망,,,,
2021123000100259,2021년 12월 30일 14시,목요일,인천광역시 부평구 부평동,경상사고,0,0,1,0,차대차 - 측면충돌,안전운전불이행,건조,맑음,단일로 - 기타,승용,남,42세,상해없음,승용,남,30세,경상
2021123000100260,2021년 12월 30일 14시,목요일,인천광역시 남동구 구월동,경상사고,0,0,1,0,차대차 - 측면충돌,안전거리미확보,젖음/습기,흐림,주차장 - 주차장,화물,남,48세,상해없음,자전거,남,7세,경상
2021123000100286,2021년 12월 30일 15시,목요일,인천광역시 남동구 만수동,경상사고,0,0,3,0,차대차 - 추돌,안전운전불이행,건조,맑음,기타 - 기타,승용,여,38세,상해없음,화물,남,40세,경상
2021123000100369,2021년 12월 30일 17시,목요일,인천광역시 강화군 선원면,경상사고,0,0,1,0,차대차 - 측면충돌,안전운전불이행,건조,맑음,교차로 - 교차로안,승용,남,48세,상해없음,승용,여,57세,경상
2021123000100370,2021년 12월 30일 17시,목요일,인천광역시 부평구 갈산동,부상신고사고,0,0,0,1,차대사람 - 기타,안전운전불이행,건조,맑음,기타 - 기타,자전거,남,59세,상해없음,보행자,여,35세,부상신고
2021123000100433,2021년 12월 30일 18시,목요일,인천광역시 서구 왕길동,경상사고,0,0,1,0,차대차 - 측면충돌,안전운전불이행,건조,맑음,교차로 - 교차로안,승용,남,48세,상해없음,승용,남,45세,경상
2021123000100434,2021년 12월 30일 18시,목요일,인천광역시 연수구 동춘동,경상사고,0,0,1,0,차대차 - 측면충돌,차로위반,건조,맑음,단일로 - 고가도로위,승용,남,24세,상해없음,승용,여,40세,경상
2021123000100435,2021년 12월 30일 18시,목요일,인천광역시 남동구 논현동,경상사고,0,0,1,0,차대차 - 정면충돌,안전거리미확보,건조,맑음,단일로 - 기타,승용,남,60세,상해없음,승용,남,43세,경상
2021123000100489,2021년 12월 30일 19시,목요일,인천광역시 서구 백석동,경상사고,0,0,2,0,차대차 - 추돌,안전운전불이행,건조,맑음,교차로 - 교차로부근,승용,남,59세,상해없음,승용,남,32세,경상
2021123000100490,2021년 12월 30일 19시,목요일,인천광역시 서구 청라동,경상사고,0,0,3,0,차대차 - 측면충돌,안전운전불이행,건조,맑음,교차로 - 교차로안,승합,남,50세,상해없음,승합,남,60세,경상
2021123000100529,2021년 12월 30일 20시,목요일,인천광역시 동구 송현동,경상사고,0,0,1,0,차대차 - 측면충돌,신호위반,건조,맑음,교차로 - 교차로안,승용,여,16세,기타불명,승용,남,36세,경상
2021123000100530,2021년 12월 30일 20시,목요일,인천광역시 미추홀구 도화동,중상사고,0,1,0,0,차대차 - 정면충돌,신호위반,건조,맑음,교차로 - 교차로안,승용,남,50세,상해없음,이륜,남,32세,중상
2021123000100531,2021년 12월 30일 20시,목요일,인천광역시 남동구 구월동,경상사고,0,0,1,0,차대차 - 측면충돌,안전운전불이행,건조,맑음,단일로 - 기타,승용,남,66세,상해없음,승용,남,57세,상해없음
2021123000100532,2021년 12월 30일 20시,목요일,인천광역시 강화군 강화읍,경상사고,0,0,1,0,차대차 - 측면충돌,안전운전불이행,젖음/습기,흐림,교차로 - 교차로안,승용,남,58세,상해없음,원동기,남,37세,경상
2021123000100604,2021년 12월 30일 22시,목요일,인천광역시 부평구 십정동,경상사고,0,0,1,0,차대차 - 기타,안전운전불이행,건조,맑음,단일로 - 기타,기타불명,기타불명,미분류,기타불명,이륜,남,31세,경상
2021123000100605,2021년 12월 30일 22시,목요일,인천광역시 남동구 고잔동,경상사고,0,0,1,0,차대차 - 측면충돌,신호위반,건조,흐림,교차로 - 교차로안,화물,남,44세,상해없음,승용,남,27세,경상
2021123100100114,2021년 12월 31일 10시,금요일,인천광역시 미추홀구 용현동,중상사고,0,1,0,0,차대차 - 추돌,안전운전불이행,건조,맑음,단일로 - 기타,승용,남,31세,상해없음,승용,남,44세,중상
2021123100100176,2021년 12월 31일 12시,금요일,인천광역시 남동구 구월동,경상사고,0,0,1,0,차대차 - 추돌,안전운전불이행,건조,맑음,단일로 - 기타,승용,남,39세,상해없음,승용,여,63세,경상
2021123100100177,2021년 12월 31일 12시,금요일,인천광역시 서구 신현동,중상사고,0,1,0,0,차대사람 - 기타,안전운전불이행,건조,맑음,단일로 - 기타,승용,남,63세,상해없음,보행자,남,32세,중상
2021123100100178,2021년 12월 31일 12시,금요일,인천광역시 남동구 논현동,경상사고,0,0,2,0,차대차 - 측면충돌,신호위반,건조,맑음,교차로 - 교차로안,승용,여,66세,상해없음,화물,남,35세,경상
2021123100100218,2021년 12월 31일 13시,금요일,인천광역시 남동구 간석동,경상사고,0,0,1,0,차대사람 - 기타,보행자보호의무위반,건조,맑음,단일로 - 기타,승용,남,28세,상해없음,보행자,남,79세,경상
2021123100100267,2021년 12월 31일 14시,금요일,인천광역시 미추홀구 용현동,경상사고,0,0,1,0,차대차 - 기타,차로위반,건조,맑음,단일로 - 기타,승용,남,61세,상해없음,승용,남,66세,경상
2021123100100268,2021년 12월 31일 14시,금요일,인천광역시 서구 연희동,경상사고,0,0,3,0,차대차 - 추돌,안전운전불이행,건조,맑음,교차로 - 교차로안,화물,남,49세,상해없음,승용,여,28세,경상
2021123100100309,2021년 12월 31일 15시,금요일,인천광역시 계양구 작전동,중상사고,0,1,0,0,차대사람 - 차도통행중,안전운전불이행,건조,맑음,교차로 - 교차로안,승용,남,64세,상해없음,보행자,남,46세,중상
2021123100100348,2021년 12월 31일 16시,금요일,인천광역시 미추홀구 용현동,부상신고사고,0,0,0,1,차대사람 - 횡단중,안전운전불이행,건조,맑음,기타 - 기타,기타불명,기타불명,미분류,기타불명,보행자,여,26세,부상신고
2021123100100406,2021년 12월 31일 17시,금요일,인천광역시 남동구 구월동,경상사고,0,0,2,0,차대차 - 추돌,안전운전불이행,건조,맑음,단일로 - 기타,승용,남,65세,상해없음,승용,남,46세,경상
2021123100100407,2021년 12월 31일 17시,금요일,인천광역시 남동구 고잔동,경상사고,0,0,4,0,차대차 - 추돌,안전운전불이행,건조,맑음,기타 - 기타,승용,여,34세,기타불명,승용,남,64세,경상
2021123100100462,2021년 12월 31일 18시,금요일,인천광역시 미추홀구 용현동,경상사고,0,0,2,0,차대차 - 기타,신호위반,건조,맑음,교차로 - 교차로안,승용,여,41세,상해없음,승용,남,31세,경상
2021123100100463,2021년 12월 31일 18시,금요일,인천광역시 미추홀구 도화동,경상사고,0,0,2,0,차대차 - 추돌,안전운전불이행,건조,맑음,단일로 - 기타,승용,남,52세,상해없음,승용,여,49세,경상
2021123100100464,2021년 12월 31일 18시,금요일,인천광역시 남동구 간석동,경상사고,0,0,2,0,차대차 - 측면충돌,안전운전불이행,건조,맑음,주차장 - 주차장,승용,남,57세,상해없음,승용,남,31세,경상
2021123100100558,2021년 12월 31일 20시,금요일,인천광역시 부평구 십정동,경상사고,0,0,3,0,차대차 - 측면충돌,안전운전불이행,건조,맑음,교차로 - 교차로안,승용,여,51세,상해없음,승용,남,38세,경상
2021123100100588,2021년 12월 31일 21시,금요일,인천광역시 중구 중산동,경상사고,0,0,1,0,차대차 - 측면충돌,신호위반,건조,맑음,교차로 - 교차로안,승용,여,32세,상해없음,자전거,여,34세,경상
2021123100100589,2021년 12월 31일 21시,금요일,인천광역시 미추홀구 숭의동,경상사고,0,0,1,0,차대사람 - 기타,안전운전불이행,건조,맑음,단일로 - 기타,승용,남,70세,상해없음,보행자,남,41세,경상
2021123100100619,2021년 12월 31일 22시,금요일,인천광역시 서구 연희동,경상사고,0,0,1,0,차대차 - 기타,안전운전불이행,건조,맑음,단일로 - 기타,기타불명,기타불명,미분류,기타불명,이륜,남,33세,경상
2021123100100638,2021년 12월 31일 23시,금요일,인천광역시 미추홀구 주안동,중상사고,0,1,0,0,차대차 - 기타,안전운전불이행,건조,맑음,단일로 - 기타,승용,남,26세,상해없음,승용,남,30세,중상